Contract_Title,Contract_Value,Supplier_Name,Award_Date
GRH Mortuary Fridges,203665.31,CONSTELLIA LIMITED,2026-03-10
Professional Services Ratings Support,125000.0,Avison Young (UK) Ltd,2026-02-11
CBC-1911-Q-RM Chalkhill Gateway Window Installation - AWARD,0.0,Modplan Building & Refurbishment Contractors Ltd,2026-03-10
NTBS4217 Edgware Utilities,401727.58,T CLARKE CONTRACTING LIMITED,2025-03-20
Local Bus 60609,217800.0,Stagecoach Merseyside,2026-03-10
Biplane endo transducer,15750.0,GE Medical Systems Limited,2026-03-10
EPP0215 Laptops and Hardware Replacement,63812.0,SUMILLION LIMITED,2026-02-27
Office Supplies,148000.0,BANNER GROUP LIMITED,2026-02-11
PSR005 - 0-19 Services: Healthy Child Programme,13864000.0,"Wrightington, Wigan and Leigh NHS Trust",2026-03-05
Call-Off Contract for the provision of Adobe ETLA,412736.0,BYTES SOFTWARE SERVICES LTD,2026-08-02
"Technology Services 3 - Lots 3a, 3b, 3c, 3d & 4",4000000000.0,2020 Delivery Ltd.,2021-06-15
Purchase of 41 Vehicles for West Sussex Fire & Rescue Service,1618915.33,VOLVO CAR UK LIMITED,2026-02-11
Microsoft Licencing Renewal,354000.0,Bytes Software Services,2025-11-25
Aurora Transformation Programme - Workstream 4 - Project Management & Support,20754.08,Turner & Townsend Cost Management Limited,2025-12-24
Stock Condition Surveys NCC Dwellings,1275000.0,Savills (UK) Limited,2026-03-09
Provision of Fuel Cards for Internal MKCC Fleet,160000.0,SHELL U.K. OIL PRODUCTS LIMITED,2025-12-23
Master Gov,111744.0,DEF SOFTWARE LIMITED,2026-02-12
Textile Assessment,4512.0,Caesar's Conservation,2025-11-11
provision of WPC Registrars registration management system,92300.0,WPC SOFTWARE LIMITED,2026-02-27
LCF24 - Sarehole Mill Car Park Resurfacing - AWARD,56048.0,AMB LANDSCAPING & BUILDING SERVICES LTD,2025-12-18
Metal Assessments,4754.4,Caesar's Conservation,2025-11-16
700 - Provision of a Document Management System,225000.0,NEC Software Solutions Ltd,2026-03-10
Furniture Assessments,4754.4,Caesar's Conservation,2025-11-13
Design Services for Warrington Fire Station Modernisation Project under Scape/Perfect Circle - CPA/SPU/2696F - AWARD,383247.11,Perfect Circle JV Limited,2026-03-10
LCF23 - Small Heath Park - AWARD,122485.0,Haystoun Construction Ltd,2025-12-11
Cardiology Ultrasound Scanners for ECG & CDC,312219.0,Ge Medical Systems Limited (GE Healthcare),2026-03-09
Homes England - Property - NHDF Modelling - National,162880.0,Avison Young (UK) Ltd,2026-03-02
Supply and installation of bus shelters at Campbell Park.  - AWARD,37981.0,Trueform,2026-02-19
SAN Storage and Server replacement,262589.97,DH OPCO UK LTD (Dedalus),2025-12-12
Occupational Health and Employee Assistance Programme (OH/EAP) Services,314000.0,People Asset Management Ltd,2025-12-15
ESCC-HP-DAW-Construction and Engineering Design Services to provide technical support through the construction stage of the Phase 2B Queensway Gateway Road (QGR) project.,83000.0,CampbellReith Consulting Engineers,2024-11-26
The Provision of a Remote Support Tool on behalf of NHS Counter Fraud Authority,23350.0,Softcat PLC,2026-02-27
Pay the BSA Direct Debit Solution,1384000.0,allpay Limited,2026-01-29
Electronic Capacity On Demand (ECOD) Hardware/Software,446500.0,SPECIALIST COMPUTER CENTRES PLC,2025-12-30
LCF22 - Sutton New Hall Cemetery Car Park Surfacing Works - AWARD,70905.0,Haystoun Construction Ltd,2025-11-27
LinkedIn Talent Solutions Subscription,186655.22,LinkedIn Ireland Unlimited Company,2026-03-02
Justice Video Services,121800000.0,Vodafone Ltd,2026-02-09
Travel and Accommodation Solutions 2025/26,170000000.0,Corporate Travel Management (North) Limited,2026-02-09
Purchase of 2 x Ultrasound Scanners,136376.0,NHS SUPPLY CHAIN -,2026-02-24
Electrosurgical pencils,303123.0,NHS SUPPLY CHAIN COORDINATION LIMITED (NHSSC - SCCL),2026-03-02
ACCURO TRANSCRIPTION 26/27,41000.0,ACCURO TRANSCRIPTION SOLUTIONS LIMITED,2026-03-01
Traffic Offence Ticketing and Processing Solution,262294.0,CLARITY INFORMATION SOLUTIONS LIMITED,2026-03-09
DDaT26067 - Hardware & Installation. Licences. Management Networks.,1161505.65,Insight Direct (UK) Ltd,2026-02-27
ENQ1019 - VRS Repairs - Vehicle Restraint Systems (Crash Barrier Repairs),26882.2,HATTON TRAFFIC MANAGEMENT LTD,2024-03-31
DDaT25499 - HR Establishment Control List Project,356400.0,Orgvue Limited,2026-02-25
Monday.com Licenses,65000.0,Softcat Plc,2026-03-04
NCC1646 BEST Digital and Data Partner,690350.0,Opencast Software Europe Ltd,2026-03-09
LCF21 - Heath Street Planting Scheme - AWARD,39500.0,Haystoun Construction Ltd,2025-12-10
"Interim Associate (Programme Co-ordinator), Major Projects",64029.24,Sanctuary Personnel Limited,2026-02-27
Public Sector Reform (PSR) Test and Learn Wave One,165600.0,BEHAVIOURAL INSIGHTS LTD,2025-03-19
COP33_2025_ Horizon scan: VAWG future trends and challenges,49624.43,BLOOM PROCUREMENT SERVICES LTD,2026-01-19
6532/26 - Howard Wright M9 trolleys X 15 - NHSSC Framework ref. 2024/S 000-011959,81009.67,NHS Supply Chain,2026-03-10
Udemy e-learning subscription,40571.52,SoftwareONE UK Limited,2025-11-27
De polluted Scrap Car Provision,168000.0,J Wallis Metals,2026-02-26
PAVEMENT SPECIALIST,30320.64,Waterman Aspen Ltd,2026-03-03
HPFT - Oak & Beech Water Heater Replacement,120000.0,BSW Heating Ltd,2026-02-23
Oracle Licencing,304619.0,Oracle Corporation Uk Limited,2026-03-04
NHS Adobe Licensing Renewal 2026,1029083.85,BYTES SOFTWARE SERVICES LIMITED,2026-03-06
GB-St. Helens: Contract Award Notice - Lift Installations,1500000.0,Stairlift Specialists Limited,2026-02-18
LCF14 - Calthorpe Park Play Area Improvement Works - AWARD,145079.0,Haystoun Construction Ltd,2025-09-25
Cardiac Diagnostic Services,54166.67,Irhythm Technologies LTD.,2026-03-09
"Wildmore Public Open Space, Whittington, Worcester - Footpath Reconstruction",31878.4,Cottrill Civil Engineering Contractors Limited,2026-02-17
Legal fees relating to ES-CLOUD_UK,40000.0,Eversheds Sutherland (International) LLP,2026-03-09
CA16991 - ITT 27/2025 - ICT Appointment for Castlewellan FP Tree Tops Access Linkages,41094.0,Doran Consulting,2026-03-10
LCF13R - Queen's Park Landscape Improvements - LCF 2024-28 - AWARD,73611.0,Haystoun Construction Ltd,2025-09-11
Night Security/Patrols for Car Park [GBC] - AWARD,979245.0,MadiganGill Resource Limited,2026-02-26
Vehicle Conversion & Associated Services 2,4600000.0,Cartwright Vehicle Conversions Ltd,2026-02-26
IA3213 Staffordshire Children and Young People's Flexible Framework Contract Awards,24750.0,Spark to your success,2025-12-01
LCF11 - Greenwood Academy - Pype Hayes Ward Site - AWARD,130650.0,Haystoun Construction Ltd,2025-04-08
Survey and enforcement equipment - M5 J30 - Police for Devon and Cornwall,70815.41,The Police and Crime Commissioner for Devon and Cornwall,2026-03-10
PAHT - Lower Ground Floor Staff WC's,140000.0,R&B Refurbishment (Skafftec Ltd),2026-02-18
RDE1026 - M4 Hydrological Methods Benchmarking Project - UKFE/ReFH1 MIP Prototyp,12611.0,Jeremy Benn Associates Limited (t/a JBA Consulting),2026-02-05
CPU 7651 TRCH Website,63000.0,Culturesuite Limited,2025-08-18
GB-St. Helens: Contract Award Notice - ACC Venue Hire,81709.2,The ACC Liverpool Group Ltd,2026-03-04
20417 - Stretton Hall - SOC Support,40000.0,CBRE,2026-02-12
"2026-03-10 09:00 - QBE374 Stanton to Prepped Academy, Bury St Edmunds - AWARD",3556.8,BRAVO TRAVEL BSE LTD,2026-03-10
Supply and installations of bus shelters in Station Square. Mini competition under DPS ref 2021-019 for Supply and Installation of Bus Stop Infrastructure - AWARD,197400.0,Bus Shelters Limited,2026-01-22
CA16198 - Interpreting and Translation Services,196497.12,D A Languages Ltd,2026-03-10
PAHT - Proposed Brief and Programme for Existing Site Feasibility,40000.0,Gilling Dod Limited,2024-12-18
NEPRO3- Assess physical demand of police roles and  recommendation of testing methodology,183215.0,BLOOM PROCUREMENT SERVICES LTD,2025-11-06
GB-St. Helens: Contract Award Notice - Tenant Portal and Mobile Application,171904.0,Plentific Ltd,2026-03-06
UKRI-5846 Wi-fi infrastructure,308711.53,Convergence (Group Networks) Ltd,2026-03-05
Training Simulation Licenses for Incident Command,31675.0,XVR Simulation BV,2026-03-10
Executive Recruitment,25200.0,Green Park Interim & Executive Ltd.,2026-03-02
Head of FPA Recruitment,15000.0,Robertson Bell Ltd,2026-03-02
PAHT - Paediatric Emergency Department Construction Stage Quantity Surveying,50000.0,Castons Consulting Limited,2025-09-15
Network Services,1.0,Wave 9,2026-03-09
Network Services,1.0,CoConnect Limited,2026-03-09
"CA16681 - RFQ2025/35 - NMANDD PEACEPLUS Local Action Plan Cultural Programme - ""Disability and Creativity Festival"" for the Newry, Mourne and Down District Council area.",18925.0,MayWe Events Limited,2026-03-10
Passsport Production and Associated Services Agreement,262000000.0,Thales DIS UK Ltd,2018-04-18
Tail Spend Solution,600000.0,Unite Procurement UK Ltd,2025-08-29
Impact Statements for Nottingham Inquiry,42000.0,Tapestry Pictures Limited,2026-01-12
Skin Preparation Applicators,508374.77,"Becton, Dickinson U.K. Limited",2026-02-05
"Installation Services, Small Works and Reactive Call Outs",112110.0,Rickard Interiors Limited,2026-02-06
DOCKER FOR BUSINESS LICENCES (FY2025-26),15000.0,INSIGHT DIRECT (UK) LTD,2025-07-03
Mids - PFR Lot 2 - Brookstray PFR,177734.49,Whitehouse Construction Co. Ltd,2025-12-18
Open Source Intelligence cyber and forensics platform,30000.0,SOFTCAT LTD - FCA,2025-07-31
Resilience Tooling Retender,309575.0,SOFTCAT LTD - FCA,2025-10-27
Maintain and Sustain Pre Construction Contract,49574.93,Kier Construction Ltd,2026-01-23
Website governance tool,35000.0,SITEIMPROVE LTD,2025-11-02
Call Off Contract from RM6353 for the Provision of Tyres,1600000.0,Goodyear Tyres UK Ltd,2026-01-31
Project management tool,29998.0,ASANA SOFTWARE UK LIMITED,2025-10-31
Observability Cloud Consumption Data,600000.0,APPVIA LTD,2026-01-19
Ansible Automation Platform,43417.2,SPECIALIST COMPUTER CENTRES PLC,2026-01-01
Purchase of Gas Supply,18940000.0,Corona Energy Retail 4 Limited,2024-05-20
Merton Mental Health and Wellbeing Needs Assessment (MHWNA),35000.0,Population Health Ltd,2026-01-30
Digital Advertisement and Sponsorship,279921.0,Bauer Media Outdoor UK Ltd,2026-01-27
Renewal of Threat & Vulnerability Management Software,76753.81,SOFTCAT LTD - FCA,2024-06-01
DDaT26066 - Rack Server,11117.85,Dell Corporation Limited,2026-02-05
Azure Cloud SaaS,1890000.0,Softcat PLC,2025-10-20
Mobile CCTV at HWRC Sites,750000.0,BDR Technical Solutions,2024-03-21
Jira Renewal - 2024,400000.0,SOFTCAT LTD - FCA,2024-10-15
Call-Off from CCS RM6244 / BLC-FLEET-0020a for 26 x Toyota Vehicles,444745.34,Toyota GB Ltd,2026-02-01
Cowcliffe Play Area,43421.3,LANDSCAPE ENGINEERING LTD.,2026-02-06
Human risk management platform,97288.0,CultureAI LTD,2024-09-30
Lone Worker Safety Solution,295680.0,SKYGUARD LIMITED,2025-10-30
GB-Hengoed: TPPL Caerphilly County Borough Council BNES Bus Lot 3 - 1 x 16 Seat Coachbuilt Minibus (28648),213734.0,Treka Bus Limited,2025-12-22
Kitchen Equipment,107000.0,Compass Services UK Ltd,2026-01-07
Review of SCC Fees & Charges,79563.0,Commercial Gov ltd,2026-01-16
Assurance and Case Management System Platform,500000.0,Encircle Solutions Limited,2026-01-15
ITT for Project 10172056,1500.0,Jonathan Nakouzi,2025-10-06
ITT for Project 10171936,1500.0,Jonathan Nakouzi,2025-10-06
ITT for Project 10171915,1500.0,Perceptive Change Limited,2025-10-06
ITT for Project 10171694,1500.0,ECONOMIC & HUMAN VALUE ENGINEERING LTD,2025-10-06
Fire Alarms and Emergency Lighting Servicing and Maintenance 2026-2030,325813.39,Protec Fire Detection Plc,2026-01-21
ITT for Project 10171306,1500.0,Perceptive Change Limited,2025-10-07
ITT or Project 10170974,1500.0,Vodera Limited,2025-10-07
Snowflake Proof of Concept,52000.0,Snowflake Computing UK Limited,2026-01-09
ITT for Project 10170459,1500.0,Mott MacDonald Limited,2025-11-04
ITT for Project 10170250,1500.0,Mott MacDonald Limited,2025-11-04
BitDefender 2024-25,44952.0,SOFTCAT LTD - FCA,2024-02-01
ITT for Project 10170024,1500.0,John Heywood Consulting,2025-10-15
"Flooring, WC & Window Works at St Johns Health Centre",95372.0,PETRIC CONTRACTS LIMITED,2026-02-06
ITT for Project 10173490,1500.0,FIVE POINTS DIGITAL HEALTH LTD,2025-10-15
ITT for Project 10173426,1000.0,SNOWFLOW AI LTD,2025-10-06
ITT for Project 10173019,1500.0,SNOWFLOW AI LTD,2025-10-06
ITT for Project 10172877,1500.0,Prism Nova Limited,2025-10-06
ITT for Project 10172849,1500.0,Prism Nova Limited,2025-10-06
Procurement Support Roles for the Consultancy and Skilled Persons Framework,313014.0,CAPITA BUSINESS SERVICES LTD,2025-11-03
ITT for Project 10172812,1500.0,Brocksmoor Projects Limited,2025-10-07
ITT for Project 10172765,1500.0,Brocksmoor Projects Limited,2025-10-07
HNL Minor Design and IA,163000.0,BAM Nuttall Ltd,2022-10-22
CA16699 - CPC/LO/02/2023: Refurbishment of 3G sports pitch,189926.0,Blakedown Sport & Play Limited,2026-02-06
"DCBL Stadium - PAVA Instal Project and associated works to North, South and West Stands only",608150.0,Warden Construction,2025-12-18
TEN-2526-038 (PCR15) - Change Enhancement Service,400000.0,Sullivan & Stanley Limited,2026-02-03
Provision of Gas Monitors and Associated Equipment  - AWARD,0.0,Draeger Safety UK ltd,2026-01-26
PROVISION OF DIGITAL ANDROID BATTERY A-BOARDS - AWARD,0.0,Avoira Limited,2026-02-06
Supply of Workshop Lathe,43394.95,THOMAS GRAHAM & SONS  LTD,2026-02-02
Smart Ticketing Services,150000.0,Euclid Limited,2026-01-26
Pickerings Pasture - New Café Provision,554290.0,Whitfield and Brown,2025-09-25
Employers' perspective of automatic enrolment and Defined Benefit Schemes,73991.34,IFF Research Ltd,2026-01-28
B Braun Paediatric Camera Stack,35900.0,B. Braun Medical Limited,2026-02-05
L6 Digital User Experience (UX) Professional,96000.0,Manchester Metropolitan University,2026-02-05
Treasury Management Advice and Consultancy Service,65731.0,ARLINGCLOSE LIMITED,2022-12-15
CCC - Insightweb,42100.0,ESRI,2023-06-22
Local Transport Data Collection - Govforms,250000.0,Govforms Limited,2026-02-05
WP2309 Docker Licences (GDS Product Group,56982.1,XMA,2025-12-29
EV Fuel Cards for BUS Vehicles  - AWARD,0.0,Allstar Business Solutions Ltd,2025-04-07
"QHL109 09:00 2026-02-05 Ipswich, Suffolk to Churchill Special Free School, Haverhill, Suffolk - AWARD",44688.0,Hunterexpress Ltd,2026-02-06
Ashley High School Single Storey Extension to school with further classroom provision,1515701.0,Whitfield and Brown,2025-10-24
Compliance for responsive repairs and post-inspection damp and mould contact,51720.0,VOICESCAPE LIMITED,2025-11-26
VAT Services,37000.0,Liaison VAT Consultancy Limited,2025-03-15
Culture - Leadership Capability Accelerator programme design and delivery,325000.0,Ernst & Young LLP,2026-01-30
CA16421 - CA11274: Estates and Facilities Professional Services & Consultancy Agreement Dynamic Purchasing System (DPS),400000.0,Ingleton Wood,2026-02-06
MBC-1514 Roofing Replacement for Melton Borough Council via LHC 52190 Roofing Systems and Associated Works Framework (RS5) - Lot 1,178277.94,CWG Group Ltd,2026-02-06
DNWP0057/LOT1B/NGC Early Engagement,874507.39,AtkinsAltrad,2026-02-06
"QBE362, 0900 2026-02-05, Glemsford - Lyward Colley Workshops, Bradfield St George (4 seats) - AWARD",3472.7,Opu Rahman t/a 786 Taxis,2026-02-06
Origin ERP Support,0.0,SSS Public Safety Ltd  (SSS),2026-02-06
Landscape Study Procurement,43137.0,HANKINSON DUCKETT ASSOCIATES LIMITED,2025-06-26
"QSB436 0900 2026-02-06 Wetheringsett manor school, Wetheringsett-Cum-Brockford (4-seated vehicle and a PA required) - AWARD",63401.1,Universal Cabs Ltd,2026-02-06
Homes England - Solicitor - Development Loan - Leeds,11477.0,Veale Wasbrough Vizards,2026-01-12
GMCA 1265.4 Consultancy Services to Determine Routes to Market to Deliver Decarbonisation Opportunities,50000.0,Carbon Trust Advisory Limited,2025-10-14
Learning Management System,79704.0,"Omniplex Learning, Omniplex (Group) Limited",2025-12-16
EV Chargers Knoll Road Camberley,30000.0,Connected Kerb Limited,2025-12-15
"QOC786 0900 2026-02-04 Claydon to Doucecroft School, Colchester, Essex (8-seated vehicle and a PA required) - AWARD",322181.1,a-z private hire services ltd,2026-02-06
Milton Keynes Tariff Schemes - Monkston Roundabout Design,304517.0,AECOM INFRASTRUCTURE & ENVIRONMENT UK LIMITED,2026-02-05
The Provision of UKHSA National Bio-surveillance Network - 25/26,370833.3,KAINOS SOFTWARE LIMITED,2026-01-14
Pre-paid Card Service,80000.0,allpay Limited,2026-02-06
Manufacture & Supply of SRP Products,46200910.33,LTi Metaltech Ltd,2026-02-05
DDaT26064 - Rack Server,11117.85,Dell Corporation Limited,2026-02-05
YNE-AOMR-DA-Castle Mills Electricity,44649.09,Amalgamated Construction Ltd (AmcoGiffen),2026-02-06
"Surfacing Works, Agricultural Hall, Penrith - PFK 569618",46878.09,PFK ESTATE AGENCY LIMITED,2025-12-08
DJ207DT Dursley to Thornbury,130000.0,Stagecoach West,2026-02-06
Eyecare Services - HMLR701142,80000.0,Specsavers Corporate Eyecare,2025-12-08
Brunswick Community Primary School - Main Works (con_29684),20101157.84,Tilbury Douglas,2025-12-17
Wales High School - Main Works (con_29682),71752966.4,BAM Construction Ltd,2025-12-18
Toot Hill School - PCSA (con_29680),4947143.22,Bowmer & Kirkland Ltd,2025-11-18
Springfield School- Main Works (con_29638),59201607.11,Kier Construction,2025-12-17
Fortis Academy - PCSA (con_29636),4383480.52,Bowmer & Kirkland Ltd,2025-09-08
Healthy Leicestershire Digital Solution,384310.0,Box UK,2025-11-25
Thurston Community College - PCSA (con_29632),3497808.08,Bowmer & Kirkland Ltd,2025-10-24
Horndean CE Junior School - PCSA (con_29628),818220.31,Willmott Dixon Construction Ltd,2025-10-16
Regent Farm First School - Main Works (con_29622),13797903.0,Bowmer & Kirkland Ltd,2025-12-10
Barton Clough Primary School - PCSA (con_29618),1226033.0,Tilbury Douglas,2025-12-10
Bradfields Academy - PCSA (con_29550),2359084.67,BAM Construction Ltd,2025-12-08
Matford Brook Academy - PCSA (con_29544),727427.0,Kier Construction,2025-12-08
Moorfield Primary School - PCSA (con_29542),1500303.06,Tilbury Douglas,2025-11-06
Steyning Grammar School -PCSA (con_29540),4988400.0,BAM Construction Ltd,2025-12-02
Coopers Walk Internal and External Works - AWARD,0.0,Hexa Projects Ltd,2025-09-12
2025-070 AV Refresh - 10SC Arena,216601.85,Cinos Limited,2025-12-16
"Subscription to Research, Insights, and Advisory Services",120960.0,Gartner UK Limited,2025-12-18
CCS028 Therapeutic Assessment to Support Education and Health Care Plan Delivery,2400000.0,Bodens Psychology Services Ltd,2025-07-17
CCS028 Therapeutic Assessment to Support Education and Health Care Plan Delivery,2400000.0,MD Psych,2025-07-17
CCS028 Therapeutic Assessment to Support Education and Health Care Plan Delivery,2400000.0,Medicure Professionals Ltd,2025-07-17
CCS028 Therapeutic Assessment to Support Education and Health Care Plan Delivery,2400000.0,Momentum Educational Psychology,2025-07-17
CCS028 Therapeutic Assessment to Support Education and Health Care Plan Delivery,2400000.0,Achelois Ltd (T/A Purple House Clinic Nottingham),2025-07-17
CCS028 Therapeutic Assessment to Support Education and Health Care Plan Delivery,2400000.0,Create Talk Limited,2025-07-17
CCS028 Therapeutic Assessment to Support Education and Health Care Plan Delivery,2400000.0,Let's Talk,2025-07-17
CCS028 Therapeutic Assessment to Support Education and Health Care Plan Delivery,2400000.0,May's Hub Ltd (T/A My Therapy Services Ltd),2025-07-17
CCS028 Therapeutic Assessment to Support Education and Health Care Plan Delivery,2400000.0,LD Physiotherapy Training & Development Ltd,2025-07-17
RUGCON - Cremator and Filtration Equipment Maintenance,479280.0,Facultatieve Technologies Ltd,2024-07-29
SPRINT PHASE 2 - NEC 4 SITE SUPERVISOR,48856.25,Matchtech Group Limited,2025-12-18
RUGCON - Health and Safety Management Software,48645.0,Evotix Assure Software Solution,2025-07-24
RUGCON - Asset Lifecycle Management,227161.0,Totalmobile Ltd,2025-08-21
"EXPLORING SAFETY-CRITICAL ISSUES IN WALKING, WHEELING, AND CYCLING",98748.0,Mott Macdonald,2026-01-09
Hologic Sample Collection Devices,1049237.28,Hologic LTD.,2025-12-23
Stage 1 Refurbishment of Former Boots Building (Pharmacy Relocation),843580.0,Morris and Spottiswood Ltd,2025-12-24
Hulme Door and Door Entry System - AWARD,0.0,Hankinson Whittle Limited,2024-12-09
CPT_25_20 - Thrive Learning Management System (LMS),210000.0,Thrive Learning Limited,2025-12-15
RUGCON - Work Services Unit Depot Reconfiguration,133198.51,O'Brien Contractors Limited,2025-09-18
MWF Lot 1 - Brownwich County Farms Estate - Little Brownwich Farm - Farm Buildings Demolition and repairs - AWARD,34252.0,Tew Brothers Ltd,2026-01-09
Flood Risk Management resource (Call from MHA Framework),863831.68,Waterman Aspen Ltd,2025-09-30
CPT_25_27 - Social media analytics and listening 2025-27,64800.0,Pulsar,2025-11-08
tNCEA - Morphology Condition Assessment - Phase 1,42115.0,Ove Arup & Partners Limited,2026-01-09
684 - Wigan Beech Hill Active Travel Scheme,57600.0,WSP UK Limited,2025-11-07
PLACE089BO-H Mini Competitions for Road Schemes,54866.9,Holcim UK Ltd,2025-12-30
Trinity Street - Improvement of Walking and Cycling Lanes,1578009.79,Eric Wright Civil Engineering Ltd,2025-12-18
St John's Road - Improvement of Walking and Cycling Lanes,1681279.6,Esh Construction Limited,2025-12-18
RUGCON - Servicing & Maintenance of Fire Equipment,80000.0,Sunfish Services Limited,2025-06-18
RUGCON - Risk Management Support,28950.0,RSM UK Risk Assurance Services LLP,2025-07-18
ITEP0474 - Security & Threat Intelligence 12 month Extension,1228755.0,Security Alliance LTD,2026-01-08
Call off Contract for Provision of Desktop Hardware,131688.0,Insight Direct UK Ltd,2025-12-18
36736 Keyham Lodge,44191.0,ASA Transport,2026-01-09
The Provision of UKHSA - Agency Wide Contact Strategy - 25/26,98750.0,KPMG LLP,2025-12-15
PNC 053a - SRS Managed Service (RTU) Annual Support,170240.82,NDI Technologies LTD,2025-12-12
Provision of Insurance and related services to Torus62 Limited,14000000.0,Arthur J. Gallagher Insurance Brokers Ltd,2025-11-27
Provision of Insurance and related services to Torus62 Limited,14000000.0,Jensten Insurance Brokers (London and SE) Ltd,2025-11-27
Google Products and Licences,2000000.0,TMC3 LIMITED,2025-12-10
Liverpool Clean Air Plan - Monitoring & Evaluation,526176.63,City Science Corporation Limited,2025-11-06
PDF Framework - 621622 - A66 Neasham Road to Morton Palms Resurfacing - Phase 01,545504.4,DSD Construction,2025-12-17
RUGCON - Revenues and Benefits System,622500.0,Civica UK Limited,2025-09-25
Thrybergh Country Park Play Area,117645.0,Lightmain Company Ltd,2025-12-17
Supply of Energy CPA SPU 2697P - AWARD,2473628.0,EDF ENERGY CUSTOMERS LIMITED,2025-11-14
Office Furniture & Specialist Posture Chairs,140000.0,"H.Jenkinson & Company,Limited",2026-01-05
RUG - Memorial Safety,70000.0,Memsafe Limited,2025-04-24
RUG - 21294,70000.0,Memsafe Limited,2025-04-24
Legal Advice for Telford Court Sale,15000.0,Sharpe Pritchard,2025-12-23
AI Social Care Recording Tool,75000.0,Beam Up Ltd,2025-12-23
Call Off Contract for  Egress Licences,114822.0,Phoenix Software Ltd,2025-12-05
Investment Programme 2025/26,328750.0,PA Consulting Services Ltd,2025-07-11
Care Monitoring Platform,110000.0,Access UK Limited,2025-12-01
"QSB431 0900 2026-01-08 Bury St Edmunds - Centre academy East Anglia, Brettenham (4-seated vehicle and a PA required) - AWARD",171171.0,First Stop Travel EA limited,2026-01-09
Otterpool Park - Property Advice,17500.0,Montagu Evans LLP,2025-12-22
Lot 2 - Various Properties - External Decorations Package 4-25 - AWARD,205003.27,Richardson Decorating Contractors Ltd,2026-01-09
"2026-01-09 09:00 - QHL105 Lavenham to Burton End Primary Academy, Haverhill - AWARD",77035.5,Kemal  Ipek T/A Smart Travel,2026-01-09
Unit 4 Professional Services Phase 2 Part 1,193500.0,Unit4 Business Software Ltd,2025-12-23
DDaT25560 - Storage System Solution,661332.12,Dell Corporation Limited,2025-12-23
"QIP086 09:00 2025-12-16 Ipswich, Suffolk to Holbrook Academy, Holbrook, Suffolk - AWARD",29102.68,LOYAL EXPRESS CABS LTD,2025-12-16
No Access Stock condition Surveys,134190.0,Rapleys LLP,2025-10-19
TPT134 - Single Customer View Data Platform & CRM - Implementation & Managed Service,1062646.63,Plinc Limited,2026-01-06
Finance Management Solution System Software,1011000.0,Unit4 Business Software Limited,2025-12-24
Off-Site Storage Facility for Diamond Light Source,1422419.0,Cannon Packing and Logistics,2025-12-18
Gartner Research Services,298300.0,Gartner UK Limited,2025-12-17
Cloud 9 Technologies - Citizen Mobile App 2025,54950.0,Cloud 9 Technologies Ltd,2025-12-19
VAT recovery services,40000.0,LIAISONS UK LTD,2025-12-01
Apprenticeship Levy DR783166876,66000.0,Ginger Nut Media TA Ginger Nut Training,2026-01-09
Home Office Connectivity,73384.0,Vodafone Limited,2025-12-17
laptop computers - A call off from LUPC awarded framework agreement (NDNA) ref: ITS5071LU,34800.0,DELL CORPORATION LIMITED,2026-01-09
"UKRI-5113 MRC Harwell Building 383 Windows, Doors Replacement and Roof Solar Pv Installation",932750.39,Ashe Construction Ltd,2025-12-08
"UKRI-5113 Building 383 Windows, Doors Replacement and Roof Solar Pv Installation",932750.39,Ashe Construction Ltd,2025-12-08
Disrepair surveying V2,200000.0,Faithorn Farrell Timms,2025-01-31
Revs and Bens Data Processing,151200.0,Civica UK Limited,2025-12-30
Probate Researchers Services,125000.0,Anglia Research,2025-09-15
Probate Researchers Services,125000.0,Finders Genealogists Ltd,2025-09-15
Probate Researchers Services,125000.0,Fraser and Fraser,2025-09-15
Country Park Play Equipment,303917.51,KOMPAN LIMITED,2025-12-22
GB-Tyne: TPPL Newcastle City Council HCC Lot 4 - 1 x Sub-Compact Sweeper (29347),62326.78,Hako Machines Limited,2025-12-19
GB-Ruthin: TPPL Denbighshire County Council HCC Lot 1 - 1 x 5 Door Electric Hatchback/SUV (28163),26870.52,Citroen UK Limited,2025-12-23
WP2296 - Terraform Cloud Licences,63146.02,Somerford Associates Limited,2025-11-13
PAHT - Construction of Steel Frame Structure to support IPS / UPS Installations,138000.0,T & B (Contractors) Limited,2026-01-02
GB-Nottingham: TPPL Nottinghamshire County Council HCC Lot 1 - 2 x Large Fully Electric Car (28038),49641.88,Toyota (GB) PLC,2025-12-09
GB-London: TPPL London Borough of Hackney HCC Lot 4 - 20 x Sweepers (27806),2377718.7,Scarab Sweepers Limited,2026-01-06
MEP Consultant services for Fleet Electrification and Depot redevelopment,47000.0,Drees & Sommer Uk ltd,2025-12-18
DCC: Lot 1 - 8th December 2025 PCV,485450.0,Taw and Torridge Coaches Ltd,2025-12-17
DCC: Lot 1 - 8th December 2025 PCV,485450.0,Hills Services Limited,2025-12-17
SFG20 Maintenance Software,16242.0,BESA Publications Limited,2026-01-05
GB-Gateshead: TPPL Gateshead Council NEPO GM & P Lot 1 - 1 x Zero-Turn Mower (29589),15000.0,Thomas Sherriff & Co Ltd,2026-01-07
GB-Godalming: TPPL Waverley Borough Council NEPO GM & P Lot 1 - 1 x Tractor + Attachments (New) (28088),272813.0,Lister Wilder,2025-10-27
WBCSENOB325 - Hamilton School,7488.0,TwentyFourSeven,2026-01-09
"2026-01-09 09:00 - QOC853 Elmswell to Sheridan School, Northwold, Thetford, Norfolk - AWARD",67345.5,YOURCAB LIMITED,2026-01-09
graphic design / production of artwork and digital assets,180000.0,Kaye And Co.,2025-11-26
Engaging members of the public and registrants in implementing regulatory reform,150000.0,Community Research Ltd,2025-11-18
Provision of Digital Prevention Services Technical Leadership and Product Management Capability Support,1250404.0,Axiologik Limited,2025-09-15
Provision of AWS PALZ Renewal,1438400.0,Mobilise Cloud Services Ltd,2025-12-10
Contract Management Software,122400.0,AFFINITEXT (UK) LIMITED,2025-12-11
Demolition and enabling works contract for The Tropicana,450417.0,Overbury PLC,2025-10-22
Provision of Office Supplies to Torbay Council,60000.0,Lyreco UK,2025-11-25
DEO Edinburgh Garrison Design and Build North Region,142065182.0,John Graham Construction Limited,2025-11-11
Contract Award for the Provision of a Reablement App,225000.0,Newton Consulting Limited,2025-10-28
Evaluation of Net Zero Regional Accelerator,39580.0,STEER DAVIES AND GLEAVE LIMITED,2025-10-23
Green Home Initiative - ARC - Phase 9,477027.48,Arc Group London Limited,2025-08-06
"Provision of Case Assessment Reports for NCP, Specific Instance Assessment and F",25000.0,MILLS & REEVE LLP,2025-11-24
DN763872 - Electrical Safety Programme Contract B (South of the borough),2795735.0,Pilon Ltd,2025-10-21
DN763872 - Electrical Safety Programme Contract A (North of the borough),2174820.0,NRT Building Services Group Ltd,2025-10-21
GB-St. Helens: Marketing and Print - Outgoing Mail,2320000.0,CONTINUOUS DATAPRINT (U.K.) LIMITED,2025-11-21
US M27 closure Fareham Shopping Centre displays - Marketing,3200.0,CLEAR CHANNEL UK LIMITED,2025-11-11
Green Home Initiative - ARC - Phase 12,474878.62,Arc Group London Limited,2025-08-06
Oxford Skills Strategy - AWARD,30000.0,Centre for Local Economic Strategies,2025-12-10
"Invitation to Tender - Chorley Town Centre,Civic Square Development",254858.74,KIER CONSTRUCTION LIMITED,2025-07-07
Axminster MMF,66431.0,Jeremy Benn Associates Limited (t/a JBA Consulting),2025-12-04
"GB-Milton Keynes: Provision and Lease of Franking Machines, Mailroom Equipment, and Associated Consumables",42000.0,Quadient UK Limited,2025-10-24
CH1674 Data Profiling Tool,175483.0,SOFTCAT PLC,2025-12-10
BK5000 Ultrasound Transducer for Grantham and Lincoln Hospital Theatres,30000.0,GE HEALTHCARE LIMITED,2025-11-24
Provision of an IT Service Management ITSM,361089.0,Freshworks Inc.,2024-11-28
Pembroke Street Communal Lighting,162688.0,Elijay Energy,2025-12-10
S30040 5G Network - Feasibility Support,239434.71,AtkinsRéalis Jacobs Joint Venture,2025-12-08
Scaffolding Provision 2026/2027  - AWARD,2011982.7,J Gunn Scaffolding Ltd,2025-11-12
Outreach Digital Learning Platform,39600.0,STUDIOUS DIGITAL EDUCATION LTD,2025-11-28
CVLR Demonstrator - Subway Optioneering,95000.0,PERFECT CIRCLE JV LTD,2025-08-03
Hyde Park Sports Ground Pump Track,69575.0,Forte Trailscapes,2025-12-09
Tier 4 Detoxification: Lot 1 Inpatient Detoxification and Lot 2 Inpatient Residential Rehabilitation,1832252.0,Adferiad Recovery,2024-11-18
Tier 4 Detoxification: Lot 1 Inpatient Detoxification and Lot 2 Inpatient Residential Rehabilitation,1832252.0,Greater Manchester Mental Health NHS Foundation Trust,2024-11-18
Tier 4 Detoxification: Lot 1 Inpatient Detoxification and Lot 2 Inpatient Residential Rehabilitation,1832252.0,Kaleidoscope Project,2024-11-18
Tier 4 Detoxification: Lot 1 Inpatient Detoxification and Lot 2 Inpatient Residential Rehabilitation,1832252.0,Mersey Care NHs trust,2024-11-18
Tier 4 Detoxification: Lot 1 Inpatient Detoxification and Lot 2 Inpatient Residential Rehabilitation,1832252.0,Turning Point Services Ltd,2024-11-18
Project E (FE Veeam Backup - Renewal & Support),37584.96,Softcat PLC,2025-12-09
"LAS Supply, Installation and Maintenance of CCTV Systems",2959656.45,Ajar Technology,2025-12-10
Rollout of Dash Cams with Continued Support Services  - AWARD,96810.0,UK Telematics Limited,2025-12-09
Nursing Agency Provision,999000.0,Arcadia Nursing,2025-12-09
"Cambourne and Redruth Community Hospital, Phase Two Structural and Fire Remedial Works Hayman & Lanyon Ward",83160.89,RSK Environment Ltd,2025-12-09
Nursing Agency Provision,999000.0,INTERACT MEDICAL LIMITED,2025-12-09
Nursing Agency Provision,999000.0,ID MEDICAL GROUP LIMITED,2025-11-26
Nursing Agency Provision,999000.0,Day Webster Limited,2025-12-09
Nursing Agency Provision,999000.0,NATIONAL LOCUMS LTD,2025-11-26
Nursing Agency Provision,999000.0,NISI Enterprises Limited Trading As NISI Staffing,2025-11-26
Nursing Agency Provision,999000.0,Pulse HealthCare Limited trading as Pulse Nursing at Home,2025-11-26
GB-Woodbridge: 2718-FW-DA - East Suffolk HCC Lot 2 - 5 x Ford Transit Vans,178191.65,Ford Retail T/A Trust Ford,2025-12-01
Nursing Agency Provision,999000.0,YOUR WORLD NURSING LIMITED,2025-11-26
Commercial Gas Service - AWARD,0.0,Hayman Mechanical Services Ltd,2025-10-21
Supply and Delivery of Tyres,28000.0,The Lodge Tyre Company Ltd,2025-12-10
CAYL1602 - 28/11/2025 - AWARD,25357.83,AUK AIRPORT SERVICE LTD,2025-12-04
Level 3 Fire Safety Certificate,97375.0,HMFS Consultants,2025-11-15
Crossing the Border - Service Integrator,18500000.0,KPMG LLP,2025-08-01
SBPS1439 - 26/11/25 - AWARD,50550.85,AUK AIRPORT SERVICE LTD,2025-12-04
PDF Framework - A120 EB Coggeshall By-Pass Resurfacing SDF RR,164285.24,FM Conway,2025-11-13
AppDynamics Software as A Service 2025 Renewal for eRS Programme,331820.28,Computacenter (UK) Limited,2025-12-10
SHSF1401 - 26/11/25 - AWARD,73902.42,AUK AIRPORT SERVICE LTD,2025-12-04
Technical Rescue Units for Norfolk Fire and Rescue Service,636867.0,Emergency One (UK) Limited,2025-12-05
CNMU1601 - 24/11/2025 - AWARD,33256.09,The Taxi People Ltd,2025-11-27
Wellbeing - Data Analytics Services (2025-2026),40233.0,Reed Specialist Recruitment,2025-12-01
Eepos Music Management,22500.0,Oksidia Ltd,2025-12-10
Level 3 Team Leader Apprenticeship ST0384 and Level 5 Operations Manager Apprenticeship ST0385,2130000.0,Corndel,2025-09-23
SSTF1403 - 19/11/25 - AWARD,49418.55,Executive Private Hire (EPH) Ltd t/a Cabs4U,2025-11-24
Electronic Driver Licence Checking System,72828.0,DriverCheck Ltd,2025-09-30
Drainage Clearance and CCTV Inspection for SDDC Housing Stock,240000.0,DALROD UK LTD,2025-11-01
SMAC1407 - 18/11/2025 - AWARD,90816.85,BNACARS LTD,2025-11-21
MAINT6403- RFL /NMUH SolutionCare Services and Support Renewal  Framework Ref: SBS10175,69910.0,NETCALL TELECOM LIMITED,2025-12-10
TEN-2324-016 Call-Off Contract [2],488100.0,-	Hymans Robertson LLP,2025-10-17
TEN-2324-016 Call-Off Contract [2],488100.0,Hymans Robertson LLP,2025-10-17
Wide Area Network Services,1315564.15,MLL Telecom Ltd,2025-10-28
CAYL3601 - 14/11/2025 - AWARD,47915.04,GK Travel Ltd,2025-11-17
Pitched Roof Replacement at Warminster Hospital (2),231674.82,Seville Developments Limited,2025-11-04
ENHT - Health and Social Care Network (HSCN),760000.0,Redcentric Solutions Limited,2025-09-30
Park Lane A and B Conditions of Survey,31798.8,Currie & Brown UK Ltd,2025-12-10
CAYL3601 - 14/11/2025 - AWARD,49418.55,GK Travel Ltd,2025-11-17
CA16880 - MAINT6540-RFL(NM)-Novacor,20595.53,Novacor UK Ltd,2025-12-10
BHCC Firewall Refresh,159992.8,Phoenix Software Limited,2025-12-10
Highway Material Suppliers further competition (against DPS6269),1800000.0,TARMAC TRADING LIMITED (also trading as ABLEMIX),2025-11-17
Highway Material Suppliers further competition (against DPS6269),1800000.0,BRINKLOW QUARRY LIMITED,2025-11-17
Highway Material Suppliers further competition (against DPS6269),1800000.0,HOLCIM UK LIMITED,2025-11-17
Highway Material Suppliers further competition (against DPS6269),1800000.0,JOHN HUGHES HAULAGE LIMITED,2025-11-17
Highway Material Suppliers further competition (against DPS6269),1800000.0,MIDLAND QUARRY PRODUCTS LIMITED,2025-11-17
DA from RM1557.14 CCS G Cloud 14 FW for the Bereavement Management Software,149794.0,GSS (NI) LIMITED,2025-11-10
S30028 TRST3079 HGV Lorry Parking Survey,344755.1,WSP UK Limited,2025-12-10
Vivid Pioneer Cardiovascular Ultrasound,95842.0,GE HEALTHCARE LIMITED,2025-12-09
21 201 Further Competition for the Development of Mount View,10000000.0,Plus Dane Housing Ltd,2025-08-13
Vivid Pioneer Ultrasound,62340.48,GE HEALTHCARE LIMITED,2025-12-09
East Anglia Mapping & Modelling 2025 Package 1,323387.35,Jeremy Benn Associates Limited (t/a JBA Consulting),2025-12-02
Mexborough Market Square,38816.83,Alan Wood Partnership Ltd,2025-12-10
Mexborough MSCP Demolition,78148.59,Alan Wood Partnership Ltd,2025-12-10
HCT - Assure Expenses (Expense-Management System),68000.0,Softcat Plc,2024-12-31
Lived Experiences of Adequacy in Retirement,64800.0,YouGov,2025-12-03
NSOIT Commercial and Procurement Lead,41405.0,Investigo Limited,2025-12-05
36680 - ST. ANDREWS C. C,14430.0,Adam's transport,2025-12-10
Broadmarsh Highway Maintenance Depot - Broadmarsh Highway Depot EVCP - AWARD,19021.69,Blink Charging UK Ltd,2025-12-10
PCSA Front Gates - Brixton PS/ Chingford PS/ Harlesden PS/ Notting Hill PS/ Warspite Road PS,133097.78,SW Bruce & Co. Ltd,2025-10-01
Supply of services  - Secure Parking & Storage Limited,203239.27,Secure Parking & Storage Ltd,2025-10-25
PCSA Front Gates Phase 2 - Coniston,149992.13,Coniston Limited,2025-10-01
Godstone SEROC Construction Contract,10827286.0,Tilbury Douglas Construction Limited,2025-10-20
CCHA Fire Door Replacement Project 25-26,309764.73,CLC Contractors Limited,2025-11-10
General Building Works (Major Work Voids),500000.0,Total Construction Ne Ltd,2025-11-07
Panel of Suppliers for the Provisions of Floor Coverings - Supply and Fit - AWARD,0.0,Crown Flooring Ltd,2025-11-10
Panel of Suppliers for the Provisions of Floor Coverings - Supply and Fit - AWARD,0.0,DS Flooring Solutions Ltd,2025-11-10
Panel of Suppliers for the Provisions of Floor Coverings - Supply and Fit - AWARD,0.0,Hicks Flooring Ltd,2025-11-10
Panel of Suppliers for the Provisions of Floor Coverings - Supply and Fit - AWARD,0.0,JWR Flooring Limited,2025-11-10
Panel of Suppliers for the Provisions of Floor Coverings - Supply and Fit - AWARD,0.0,Prestige Flooring Ltd,2025-11-10
Panel of Suppliers for the Provisions of Floor Coverings - Supply and Fit - AWARD,0.0,Wall 2 Wall (Bolton) Ltd,2025-11-10
Financial Planning & Forecasting Software,1912190.18,Anaplan Limited,2025-10-31
IP&EMPI (HealthShare and IRIS for Health Licenses) and DMS-IX (IRIS for Health Licenses) FY25-30,6173707.0,Intersystems Corporation,2025-10-03
2 x Ford Transit One Stop Tippers,73200.0,R.T.Rate Limited,2025-08-14
WCC - Server Hardware Maintenance & Repair Services,40500.0,XMA LIMITED,2025-10-10
Leabridge Supplies - Barnet lock and security,15000.0,Barnet Lock & Security Ltd,2025-08-01
Delivery of a Technology Maturity Improvement Service,3426400.0,SCC,2025-07-03
"Data Centre Technical Advisory Services (Multidisciplinary) - RIBA Stage 4, 5, 6 & 7",72000.0,Ridge and Partners LLP,2025-08-01
Adobe Licenses,96582.7,Bytes Software Services Ltd,2025-04-01
RDE951 - Sustainable Transitions in Outdoor Pig Production: Economic Evaluation,46275.0,Ricardo-AEA Ltd,2025-11-05
Low Cost Home Ownership Register,28277.45,Homes Connection LTD,2023-01-25
MWF Lot 7 (DA) Milestones Museum - Fire Alarm and PA System Repair and  Upgrade - AWARD,48305.66,Corrigenda Ltd trading as Churches,2025-11-10
3 x Local Neighbourhood Road Safety Scheme Design Consultancy,69999.0,Baker Hicks Ltd,2025-11-07
Archaeological Framework - Fragile Assets Assessment,496855.0,Archaeological Management Solutions,2025-11-10
HDS Access to Work DISC Refactor Build,2200000.0,IBM United Kingdom Ltd,2025-10-20
Security Operations,511484.0,Aspire Technology Solutions Ltd,2025-10-29
YHG Testing Services 25-27,1000000.0,Edge Testing Solutions Limited,2025-10-31
PAN3414 - Duns Lane/Braunstone Gate,97148.85,Holcim,2025-10-21
Pan London Sexual Violence Support Service,65387492.0,"LESBIAN, GAY AND BISEXUAL ANTI VIOLENCE AND POLICING GROUP",2025-10-09
Pan London Sexual Violence Support Service,65387492.0,THE NIA PROJECT,2025-10-09
Pan London Sexual Violence Support Service,65387492.0,RAPE CRISIS SOUTH LONDON,2025-10-09
Pan London Sexual Violence Support Service,65387492.0,RESPOND,2025-10-09
Pan London Sexual Violence Support Service,65387492.0,SURVIVORS UK,2025-10-09
Pan London Sexual Violence Support Service,65387492.0,WOMEN AND GIRLS NETWORK,2025-10-09
Pan London Sexual Violence Support Service,65387492.0,SOLACE WOMEN'S AID,2025-10-09
IT Business Analyst,61200.0,Search Consultancy Limited,2025-10-31
GB-Colindale: SHDF Wave 3 Consultant - Retrofit Services,445400.0,Savills (UK) Limited,2025-11-06
CPT_25_30 - Decarbonisation Project - Mechanical & Electrical  Engineering Services (C-4014),66000.0,Ridge and Partners LLP,2025-08-10
Document Controller,51094.4,Waterman Aspen Ltd,2025-11-05
GB-Colindale: TFH Type 1 Fire Remediation Works 2025,821294.71,W.G.WIGGINTON LIMITED,2025-11-07
"Amendment C0109 -Branded merchandise, print, storage and distribution",600000.0,ALLIED PUBLICITY SERVICES (MANCHESTER) LIMITED,2025-09-15
UK SBS - DDaT22359 - Data Migration/Integration,208600.0,METHODS BUSINESS AND DIGITAL TECHNOLOGY LIMITED,2022-11-10
Voucher Scheme Platform 2025,540000.0,Huggg Ltd,2025-08-29
Horticultural Services Contract,600000.0,Tivoli,2025-11-01
Act in a Box Additional Scenarios,56500.0,Sub 10 Ltd,2025-09-12
Data Virtualisation -Data Bridge,4205210.0,Accenture (UK) Ltd,2025-11-04
"Asbestos, Legionella & Mould RA L1.1 Nov25  - Eden Housing Association - awarded",155805.99,Tersus Consultancy Ltd,2025-10-21
Extension of contract for Smartcard Services for English National Concessionary Fares and associated Services,436000.0,Euclid Limited,2025-11-10
External Legal Services,870000.0,Brodies LLP,2025-10-28
External Legal Services,870000.0,Bevan Brittan LLP,2025-10-28
External Legal Services,870000.0,Browne Jacobson LLP,2025-10-28
External Legal Services,870000.0,Freeths LLP,2025-10-28
External Legal Services,870000.0,Pinsent Masons LLP,2025-10-28
External Legal Services,870000.0,Veale Wasbrough Vizards LLP,2025-10-28
External Legal Services,870000.0,Eversheds Sutherland (International) LLP,2025-10-28
Contingency Response Programme - Package 3,245680004.75,Kier Construction Limited,2025-10-13
The Provision of Opportunities to Improve Attainment and Engage Vulnerable Children and Young People in Education Contract Awards,770.0,Dragon Football Academy Ltd,2025-06-02
RDE847 - An economic appraisal of impacts caused by beavers on farm businesses a,98063.0,RSK ADAS Limited,2025-11-03
FPH - NC - Arietta 65 Maintenance Contract,41881.02,NHS Supply Chain,2025-11-05
"C0109 -Branded merchandise, print, storage and distribution",600000.0,ALLIED PUBLICITY SERVICES (MANCHESTER) LIMITED,2025-09-15
People Survey 25/26 Extension,41034.0,Workday Limited,2025-10-01
Corporate Security Services,24000000.0,Carlisle Security Services Limited,2025-07-12
Croydon Business Support Programme - AWARD,0.0,Croydon Business Venture Ltd,2025-10-03
Defining and Quantifying Extra Support Needs,380000.0,NatCen Social Research,2025-11-03
RDE966 - CECAN Fellowship Evaluation Project,15300.0,ICF Consulting Services Limited,2025-11-06
Tenants' Contents Insurance Jan26 - South Derbyshire District Council - awarded,21407.57,Royal and Sun Alliance Insurance Limited,2025-11-04
CBC-1845-Q-SA Choose You - healthy weight programme video shorts   - AWARD,19997.0,We Can Creative Ltd.,2025-11-06
Purchase of Three (3) x Medium Sized Cars and Six (6) x Small Cars,152655.44,Toyota GB Limited,2025-09-15
W169502 Workforce Transformation Assurance Services,2957037.0,Capgemini UK PLC,2025-10-13
Concessionary Travel,500000.0,NEC Software Solutions,2025-11-10
"HDC Civic Suite hardware Replacement, (Supply, Fitting and Maintenance)",206659.0,VP-AV Limited,2025-10-06
Umbraco Support and Maintenance,42000.0,NEXER DIGITAL LTD,2025-09-01
Provision of Google Cloud Renewal,3600.0,Google Cloud EMEA Limited,2025-11-07
Provision of Personal Protective Equipment (PPE) in Approved FSA Establishments,1873444.6,Arco Limited,2025-09-10
Food Waste Caddies,310989.0,The Compost Bag Company,2025-06-25
CPT_25_42 - Reinforcement learning platform for audit staff (C-4018),240000.0,Softcat Plc,2025-10-30
Provision of BMC Professional Services,143526.0,Softcat PLC,2025-11-02
DR services,108000.0,Security Software Solutions Ltd,2025-10-20
Provision of Network Management Licenses and Hardware Support,50731.58,Softcat PLC,2025-09-23
PT Insight - supply and support,87500.0,SYSTRA LIMITED,2025-10-29
Provision of Storage as a Service from Pure Storage,1951158.36,Softcat PLC,2025-10-24
Provision of Oracle Technical Support Services,30310.28,Oracle Corporation UK Limited,2025-10-23
Provision of Global Booked Travel Services for UKEF,10000000.0,Clarity Travel Limited,2025-10-13
Provision of Firewall Hardware Support and Maintenance,82984.37,Softcat PLC,2025-09-02
Gosforth Public Hall - Renovation & Extension Works,985941.0,Roland Hill (Parsonby) Limited,2025-09-12
North Northamptonshire Council's Construction of a Concrete Skatepark  at Bassetts Park,160960.0,BENDCRETE LEISURE LIMITED,2025-10-28
Security Operation Centre,119829.0,ANS Group,2025-10-23
Understanding consumer experiences of mobile network quality,60351.0,JigsawUK,2025-09-02
North Northamptonshire Council Provision for Cashless Parking Payments,40000.0,PAYBYPHONE LIMITED,2025-05-31
36624 - Elmbrook School,32760.0,Everest Taxis,2025-11-10
Refurbishment of Hillingdon Civic Centre Quadrants 3E & 3S,130680.0,Allen Construction Consultancy Limited,2025-10-19
EE Mobile SIM Connectivity,1000097.0,British Telecommunications Plc,2025-10-02
Connection of Flax Place to the Leeds PIPES network,289436.37,Vital Energi Utilities Ltd,2025-11-10
Homes England-Property and Financial Services Framework-Valuation Barking Riverside,45950.0,Avison Young,2025-04-04
LEASE AND SUPPORT OF MULTI-FUNCTIONAL DEVICES (MFDS) WITH PRINT MANAGEMENT SOFTWARE,41796.0,Ricoh UK Ltd,2025-10-31
Corporate Hire Car Insurance Renewal 2025/2026,44427.0,Marsh Commercial,2025-05-26
Security software,1238040.0,Insight Direct (UK) Ltd,2024-03-20
Cyber Security 24x7x365 Managed Detection and Response,626064.5,Socura Limited,2025-10-16
Health and financial claims in programming - audience attitudes to potential harm,131695.0,Ipsos UK,2025-10-09
Consultant Clinical Psychologist Provision for Adopt South,99000.0,Nurturing Minds Psychology Limited,2025-10-01
PSU Gloves,35000.0,Michael Lupton Associates,2025-11-06
DSIT - Talent Attraction,16250.0,Code First Girls Limited,2025-10-23
Software maintenance and repair,5929156.0,Phoenix Software Limited,2024-06-10
Fidelity Guarantee Insurance,33670.56,Zurich Insurance,2025-09-30
Joint Contract SettleParadigm - Brands with values,19460.0,Brands with values,2025-08-30
Supply of Services - Woods Building Services Ltd t/a AA Woods,2250000.0,Woods Building Services Ltd t/a AA Woods,2024-05-25
Compensation Survey Report,13200.0,Aon UK Limited,2025-03-31
Data Warehouse Expansion,96652.02,Dell Corporation Limited,2025-10-01
HMLR701062 - Employee Assistance Programme (EAP),180000.0,People Asset Management Limited,2025-10-02
Building Retrofit & Refurbishment/Improvement Works Framework,37500000.0,BCS Render Systems Ltd,2025-04-08
Building Retrofit & Refurbishment/Improvement Works Framework,37500000.0,Bell Group Limited,2025-04-08
Building Retrofit & Refurbishment/Improvement Works Framework,37500000.0,CLC Contractors Limited,2025-04-08
Building Retrofit & Refurbishment/Improvement Works Framework,37500000.0,RE:Gen Group Limited,2025-04-08
Building Retrofit & Refurbishment/Improvement Works Framework,37500000.0,Simpsons (York)Ltd,2025-04-08
Building Retrofit & Refurbishment/Improvement Works Framework,37500000.0,Tom Willoughby Ltd,2025-04-08
Building Retrofit & Refurbishment/Improvement Works Framework,37500000.0,William Birch & Sons Ltd,2025-04-08
Building Retrofit & Refurbishment/Improvement Works Framework,37500000.0,YES Energy Solutions,2025-04-08
Fire Compartmentation Work,59247.0,ABCA Systems Limited,2025-10-07
36565 Children's Hospital,33228.0,SKYLINE TAXIS,2025-10-10
36564 Keyham Lodge,26910.0,ONE EXPRESS,2025-10-10
Homes England - Hodson's Mill - Property Services,60000.0,Montagu Evans,2025-09-24
NH2012 - Cobalt Refurbishment Phase 3,79963.72,"H.Jenkinson & Company,Limited",2025-09-18
665 - Strategic Transport Model,224607.45,AECOM Ltd,2025-08-15
IMP- St Mary's Bed Extension - Architectural services,204564.44,TODD Architects,2025-07-21
Contract Award,750000.0,Jones Lang LaSalle,2025-10-09
UWQ318 - Signage - AWARD,90000.0,DMA Signs Limited,2025-09-02
Restart Scheme Extension Customer Satisfaction Survey,256149.0,IFF Research Ltd,2025-09-12
S233 Mainstream Taxi To Kibworth mead Academy and Church Langton Primary School,11206.2,HMB (LEIC) LTD,2025-07-23
S233 Mainstream Taxi To Kibworth mead Academy and Church Langton Primary School,11206.2,TAKE ME SERVICE LTD T/A ADT TAXIS,2025-07-23
TEN-2526-001 - Travel Services,780000.0,World Travel Centre trading as Selective Trave,2025-09-30
Wigan Council Stock Condition Surveys 2025-28,4167117.87,Pennington Choices,2025-05-06
36563 Herrick Primary,36.47,HMB Taxis,2025-10-10
Temporary Recruitment,51750.0,Ivy Rock Partners Ltd,2025-10-06
S728 Mainstream Taxi Ab Kettleby Primary School,62.11,Sound Taxi,2025-08-16
S728 Mainstream Taxi Ab Kettleby Primary School,62.11,EVEREST TAXI,2025-08-16
Homes England - Annual Subscription for Beauhurst Impact (G-CLoud 14 Lot:2),73500.0,Beauhurst,2025-10-10
UWQ305 - Office Supplies - AWARD,40000.0,Banner Group Limited,2025-06-20
Five Rivers Multi-Academy Trust Primary Alternative Provision,1387750.0,Five Rivers Multi Academy Trust,2025-10-10
Contract Award Notice for Contract 715210450_Smarter Working Furniture,168522.7,Wagstaff Brothers Limited,2025-10-02
"MWF Lot 1 Main Kitchen Refurbishment, Kershaw Day Centre - AWARD",65292.91,B & M Clark (Builders) Ltd,2025-10-10
L-375.1 UPTON GREEN PLAY AREA  & CROW WOOD PARK WORKS,29898.0,Ground Inc Ltd,2025-10-10
Dutch River (left-bank): Went Outfall to River Ouse Confluence (Design Support),62574.0,Ove Arup & Partners Limited,2025-10-06
Vetting Solutions Tender,210000.0,"Reed Specialist Recruitment Limited,",2025-07-10
Stock Conditions Survey,1192458.0,Pellings LLP,2025-10-01
Stock Conditions Survey,1028582.0,Baily Garner,2025-10-01
Homecare framework,95000000.0,Aspire Care Services,2025-09-01
Homecare framework,95000000.0,Caronne Care Ltd,2025-09-01
Homecare framework,95000000.0,De Vere Care Partnership Ltd,2025-09-01
Homecare framework,95000000.0,Home Sweet Home Care Limited,2025-09-01
Homecare framework,95000000.0,MiHomecare Limited,2025-09-01
Homecare framework,95000000.0,Sharing healthcare Ltd,2025-09-01
Homecare framework,95000000.0,Shreeji inc ltd,2025-09-01
Homecare framework,95000000.0,Star Care UK Ltd,2025-09-01
Homecare framework,95000000.0,Supreme company and sons ltd (T/A Supreme home care),2025-09-01
"QIP931 0900 2025-09-25 Woodbridge - Include, Ipswich (4-seated vehicle and a PA required) - AWARD",79839.9,Royal Rides,2025-09-26
MWF - Lot 6 (DA) - Petersfield Library - Boiler Flue Remedial Works - AWARD,6823.06,Industrial (Boiler & Contract) Services Ltd,2025-10-10
"IP250, 0900 2025-09-25, Kesgrave - Piper's Vale Primary Academy, Ipswich (4 seats) - AWARD",7885.0,Hawk Express Cabs Ltd,2025-09-25
Financial Transaction Processing (Middle Office) Service,59410000.0,Liberata UK Limited,2025-09-12
UK SBS - DDaT22378 - E-learning System,30450.0,Awaken Learning Ltd,2022-11-24
"IP250, 0900 2025-09-25, Kesgrave - Piper's Vale Primary Academy, Ipswich (4 seats) - AWARD",7885.0,Fotik Miah t/a A2Z Transport,2025-09-25
Lot 4 - Tameside Metropolitan Borough Council,21660.0,Md Abedin,2025-09-30
Stock Condition Surveys,4500000.0,Ark consultancy ltd,2025-10-01
"EE334, 0900 2025-09-25, Mellis to Occold Primary School (4 seats) - AWARD",102075.6,YOURCAB LIMITED,2025-09-26
Professional Services - Technical Advisor CDC Boston,42200.0,HULLEY AND KIRKWOOD CONSULTING ENGINEERS LIMITED,2025-10-08
Minor Works Framework: Construction 2024,0.0,7 FORMATION LIMITED,2025-08-27
Minor Works Framework: Construction 2024,0.0,BROWN AND SHAW (BUILDERS) LIMITED,2025-08-27
Minor Works Framework: Construction 2024,0.0,CBES LIMITED,2025-08-27
Minor Works Framework: Construction 2024,0.0,OLIVETI CONSTRUCTION LIMITED,2025-08-27
Minor Works Framework: Construction 2024,0.0,PGR GROUP LIMITED,2025-08-27
Minor Works Framework: Construction 2024,0.0,SCOPE CONSTRUCTION LTD,2025-08-27
Minor Works Framework: Construction 2024,0.0,TANWOOD CONSTRUCTION LIMITED,2025-08-27
"EE334, 0900 2025-09-25, Mellis to Occold Primary School (4 seats) - AWARD",102075.6,Universal Cabs Ltd,2025-09-26
"QIP683 0900 2025-09-15 Leiston - Reboot education, Ipswich (4-seated vehicle required) - AWARD",11802.42,Hawk Express Cabs Ltd,2025-09-15
"QIP683 0900 2025-09-15 Leiston - Reboot education, Ipswich (4-seated vehicle required) - AWARD",11802.42,A2B  UK TRAVEL LIMITED,2025-09-15
FURTHER COMPETITION conducted under ESPO Framework Agreement 220_24 De-icing Salt & Associated Products/Services - AWARD,575000.0,Compass Minerals,2025-10-09
"QIP995 0900 2025-08-20 Campsea Ashe- Reboot education, Ipswich (4-seated vehicle and a PA required) - AWARD",12927.6,Nice Travel Solutions Limited,2025-08-27
"Office refurbishment works Public Service Centre, Tewkesbury. - AWARD",0.0,Snape Contracting Services Ltd,2025-10-10
Secondment personnel supply,45000.0,Ashurst LLP,2025-09-12
"QOC823 2025-09-03 Beccles to Sense Centre Aldeby, Aldeby, Norfolk (4 seated vehicle with passenger assistant) - AWARD",18240.0,PJ Wayland's Ltd,2025-09-04
"2025-08-01 09:00 - QOC785 Beccles to Chapel Green School, Old Buckenham, Norfolk - AWARD",348080.0,Andalusia Trading Ltd  T/A Roadrunner Taxis,2025-08-04
36561 - SPARK VALE ACADEMY,25740.0,Everest Taxis,2025-10-10
Franking machine,358560.0,Siemens Financial Services Ltd,2022-10-17
"2025-08-01 09:00 - QOC785 Beccles to Chapel Green School, Old Buckenham, Norfolk - AWARD",348080.0,London Hire Community Services Ltd,2025-08-04
"QIP126 0900 2025-08-26  Ipswich to Parkside Academy, Lindbergh Road, IP3 9FA (4 seater vehicle required) - AWARD",12730.0,Universal Cabs Ltd,2025-08-26
Purchase of HP Workstations,29000.0,XOS GROUP LIMITED,2025-09-16
"2025-08-04 09:00 - QOC788 Sudbury to Doucecroft School, Colchester, Essex - AWARD",278768.0,Nice Travel Solutions Limited,2025-08-07
"2025-08-04 09:00 - QOC788 Sudbury to Doucecroft School, Colchester, Essex - AWARD",278768.0,Call A Cab Ipswich,2025-08-07
"QSC191 09:00 2025-07-21 Ipswich, Suffolk to The Ryes Collee & Community, Assington, Suffolk - AWARD",97736.0,Nice Travel Solutions Limited,2025-07-21
Maintenance of Artis Zee Multi-Purpose Scanner,69638.8,NHS SUPPLY CHAIN MAINTENANCE CONTRACTS,2025-10-10
DSA - CCTV Drainage Survey,90000.0,WCG ENVIRONMENTAL LTD,2025-10-10
SLH - External and Internal Repairs and Improvement Works,20000000.0,EQUANS REGENERATION LIMITED,2025-10-10
S30006 Road Safety Guidance,97304.3,Ove Arup,2025-10-10
"QIP393 2025-08-28 (0900) Felixstowe to Kesgrave High School, Kesgrave (4 seated vehicle) - AWARD",23560.0,Cabs Smart,2025-09-03
"IP451, 0900 2025-08-27, Witnesham - Tuddenham St Martin - Ormiston Endeavour Academy, Ipswich (4 seats) - AWARD",55575.0,Hunterexpress Ltd,2025-08-28
"IP451, 0900 2025-08-27, Witnesham - Tuddenham St Martin - Ormiston Endeavour Academy, Ipswich (4 seats) - AWARD",55575.0,IP Express Cabs,2025-08-28
618467 A628 Crowden to Salters Brook Pavement,3863490.92,TARMAC TRADING LIMITED,2025-04-16
Asset Management System - Yotta,58230.38,Causeway Technologies Ltd,2025-10-01
"QFX003 0900 2025-08-18 IPSWICH to PROJECTION EDUCATION, FELIXSTOWE FERRY CENTRE, FERRY ROAD, IP11 9RT (4seater vehicle required)  - AWARD",15960.0,Cabs Smart,2025-08-18
"QBH178 - 2025-08-12 (0900) Lowestoft to Castle East School, Bungay (8 seated vehicle with a passenger assistant) - AWARD",248710.0,SPRY Management,2025-08-21
Microsoft ESA & SCE Renewal,7216224.7,Phoenix Software Ltd,2025-08-27
S106 Viability Appraisals Final,200000.0,CP Viability Ltd,2025-10-08
"QOC789 09:00 2025-08-04 Mildenhall, Suffolk to Gretton School, Girton, Cambridgeshire - AWARD",118702.5,Cambridge and Huntingdon Airport Travel Service,2025-08-04
"QLT034 2025-08-04 (0900) Oulton to Warren School, Lowestoft (6 seated wheelchair accessible vehicle with a passenger assistant) - AWARD",166250.0,Ocean Cabs (Anglia) LTD,2025-09-03
PDF Framework - M4 EB J13-12 Frilsham - J12 - AA Work Brief (M4 EB J13-12 Frilsham - Tidmarsh & M4 EB J13-12 Tidmarsh - J12),4157704.29,Associated Asphalt Contracting Limited,2025-05-27
QOC405 0900 2025-07-28 BSE to Meldreth Manor School (4seater vehicle with Passenger Assistant required) - AWARD,136771.5,Cambridge and Huntingdon Airport Travel Service,2025-07-28
Wigan Council - Planned Cyclical Maintenance,22092511.98,A.Connolly,2025-05-05
Wigan Council - Planned Cyclical Maintenance,22092511.98,BAAS Construction,2025-05-05
2025-07-21 TN139 Norton to Elmswell Primary School - AWARD,22420.0,Hunterexpress Ltd,2025-07-21
Wigan Council - Planned Cyclical Maintenance,7364170.66,A.Connolly,2025-05-05
Wigan Council - Planned Cyclical Maintenance,7364170.66,BAAS Construction,2025-05-05
2025-07-21 TN139 Norton to Elmswell Primary School - AWARD,22420.0,Michelle Mansell,2025-07-21
"QFX018 0900 2025-07-21 Rendlesham to Felix Primary, Maidstone Road, Felixstowe, IP11 9ED (6 seater vehicle with Passenger Assistant) required. - AWARD",180348.0,Nice Travel Solutions Limited,2025-07-21
"QSB262 0900 2025-07-01 Hadleigh-Wetheringsett Manor school, Wetheringsett-Cum-Bockford (4-seated vehicle and a female driver required) - AWARD",4560.0,Hawk Express Cabs Ltd,2025-08-21
Asbestos Services,240000.0,Tersus Consultancy Ltd,2025-10-08
Anti-ligature Safety Audit Remedial Works,22092.18,Custom Group Limited,2025-09-10
Functional and/or Process Safety Consultancy Services,66280.0,Santane Ltd,2025-07-17
GB-Manchester: ACE 683 CCS - Senior Recruitment Campaign for Midlands Area Director,20000.0,Green Park Interim and Executive Ltd,2025-04-04
Intruder Alarm Maintenance - AWARD,0.0,IPS Facilities Limited,2025-09-11
Mural Enterprise Licences 2025/26,34086.0,ECONOCOM PRODUCTS & SOLUTIONS UK LIMITED,2025-08-26
"Repairs, call outs, reactive and planned for roofing",263157.89,Central Roofing,2025-09-10
Pan-London Domiciliary Care AQP 2023,0.0,OAKTREE HOMECARE SERVICES LIMITED,2023-11-29
Pan-London Domiciliary Care AQP 2023,0.0,KAEDI RECRUITMENT AGENCY LTD,2023-11-29
Pan-London Domiciliary Care AQP 2023,0.0,NAVARROS CARE LIMITED,2023-11-29
Pan-London Domiciliary Care AQP 2023,0.0,KOME CARE LTD,2023-11-29
Pan-London Domiciliary Care AQP 2023,0.0,DION CARE SERVICES LIMITED,2023-11-29
Pan-London Domiciliary Care AQP 2023,0.0,LONDON TEACHING POOL LIMITED,2023-11-29
Pan-London Domiciliary Care AQP 2023,0.0,QH CARE SERVICES LIMITED,2023-11-29
Pan-London Domiciliary Care AQP 2023,0.0,ANGELIC HEALTHCARE SERVICES LIMITED,2023-11-29
Pan-London Domiciliary Care AQP 2023,0.0,METROPOLITAN CARE SERVICES LIMITED,2023-11-29
Pan-London Domiciliary Care AQP 2023,0.0,SORTED HEALTHCARE LTD,2023-11-29
Pan-London Domiciliary Care AQP 2023,0.0,REDYFNE RECRUITMENT AND STAFFING LIMITED,2023-11-29
Pan-London Domiciliary Care AQP 2023,0.0,SIMPLIFIED STAFFING LIMITED,2023-11-29
Pan-London Domiciliary Care AQP 2023,0.0,BEST AT HOME DOMICILIARY CARE SERVICES LTD,2023-11-29
Pan-London Domiciliary Care AQP 2023,0.0,Miss M Patel T/a Petals Care Agency,2023-11-29
Pan-London Domiciliary Care AQP 2023,0.0,WOODBERRY CARE LTD,2023-11-29
Pan-London Domiciliary Care AQP 2023,0.0,VITAL CARE AND SUPPORT LTD,2023-11-29
Pan-London Domiciliary Care AQP 2023,0.0,ADAMS CARE LTD,2023-11-29
Pan-London Domiciliary Care AQP 2023,0.0,AEVUS LIMITED,2023-11-29
Pan-London Domiciliary Care AQP 2023,0.0,CIRCLE CARE LTD,2023-11-29
Pan-London Domiciliary Care AQP 2023,0.0,CONNECT NURSING LIMITED,2023-11-29
Pan-London Domiciliary Care AQP 2023,0.0,DENISE QUALITY CARE SERVICES LIMITED,2023-11-29
Pan-London Domiciliary Care AQP 2023,0.0,YELLOWSTONE HEALTHCARE LTD,2023-11-29
Pan-London Domiciliary Care AQP 2023,0.0,BEVERLEY MARTINS LIMITED,2023-11-29
Pan-London Domiciliary Care AQP 2023,0.0,CEIBRAXS LIMITED,2023-11-29
Pan-London Domiciliary Care AQP 2023,0.0,FIRST IN CARE SERVICES LTD,2023-11-29
Pan-London Domiciliary Care AQP 2023,0.0,PRIMERA ASSISTED LIVING LIMITED,2023-11-29
Pan-London Domiciliary Care AQP 2023,0.0,PRIORY CARE SERVICES LTD,2023-11-29
Pan-London Domiciliary Care AQP 2023,0.0,SUPPORTING CARE LTD,2023-11-29
Pan-London Domiciliary Care AQP 2023,0.0,KT'S CARE ANGELS LTD,2023-11-29
Pan-London Domiciliary Care AQP 2023,0.0,MISSION HEALTH UK LIMITED,2023-11-29
Pan-London Domiciliary Care AQP 2023,0.0,NEW SHEPHERD CARE LIMITED,2023-11-29
Pan-London Domiciliary Care AQP 2023,0.0,ANKSLEY LTD,2023-11-29
Pan-London Domiciliary Care AQP 2023,0.0,DAIMA GLOBAL LIMITED,2023-11-29
Pan-London Domiciliary Care AQP 2023,0.0,TRINITY CARE SERVICES LIMITED,2023-11-29
Pan-London Domiciliary Care AQP 2023,0.0,DYNACARE SERVICES LIMITED,2023-11-29
Pan-London Domiciliary Care AQP 2023,0.0,MARIAMA CARE LTD,2023-11-29
Pan-London Domiciliary Care AQP 2023,0.0,EVERGREEN HOMECARE SERVICES LTD.,2023-11-29
Pan-London Domiciliary Care AQP 2023,0.0,FUTURE CARE ENABLE LTD,2023-11-29
Pan-London Domiciliary Care AQP 2023,0.0,JOTHBEL CARE SERVICES LIMITED,2023-11-29
Pan-London Domiciliary Care AQP 2023,0.0,MERAKI UNIQUE CARE LIMITED - Trading as My Homecare Redbridge,2023-11-29
Pan-London Domiciliary Care AQP 2023,0.0,HATSZZ PRESTIGE CARE LIMITED,2023-11-29
Pan-London Domiciliary Care AQP 2023,0.0,SOCIAL CARE CONSORTIUM LTD,2023-11-29
Pan-London Domiciliary Care AQP 2023,0.0,CALMLIVING HEALTHCARE LIMITED,2023-11-29
Pan-London Domiciliary Care AQP 2023,0.0,JOTHNO CARE AND SUPPORT LTD,2023-11-29
Pan-London Domiciliary Care AQP 2023,0.0,PHOENIX CARE (HAVERING) LIMITED,2023-11-29
Pan-London Domiciliary Care AQP 2023,0.0,SUPPORTING CARE BARKING AND DAGENHAM LTD,2023-11-29
Pan-London Domiciliary Care AQP 2023,0.0,PEOPLES CARE LIMITED,2023-11-29
Pan-London Domiciliary Care AQP 2023,0.0,NATION HOME CARE LIMITED,2023-11-29
Pan-London Domiciliary Care AQP 2023,0.0,STAR MARIS HEALTHCARE LIMITED,2023-11-29
Pan-London Domiciliary Care AQP 2023,0.0,TRUST CARE SOLUTIONS LTD,2023-11-29
Pan-London Domiciliary Care AQP 2023,0.0,SGE CARE AND RECRUITMENT LIMITED,2023-11-29
Pan-London Domiciliary Care AQP 2023,0.0,BRIDGE CROSS CARE LTD,2023-11-29
Pan-London Domiciliary Care AQP 2023,0.0,BARGAIN HEALTH CARE LTD,2023-11-29
Pan-London Domiciliary Care AQP 2023,0.0,WE CARE AGENCY LTD,2023-11-29
Pan-London Domiciliary Care AQP 2023,0.0,ST MARGARET HEALTHCARE SERVICES LTD,2023-11-29
Pan-London Domiciliary Care AQP 2023,0.0,OLIVE HOME CARE & SUPPORT LIMITED,2023-11-29
Pan-London Domiciliary Care AQP 2023,0.0,PREMIER CARE SERVICES LTD,2023-11-29
Pan-London Domiciliary Care AQP 2023,0.0,OPTIMALCAREPLUS LIMITED,2023-11-29
Pan-London Domiciliary Care AQP 2023,0.0,MICBEE CARE & EMPLOYMENT LIMITED,2023-11-29
Pan-London Domiciliary Care AQP 2023,0.0,LUU-BRIDGETS HEALTHCARE LIMITED,2023-11-29
Pan-London Domiciliary Care AQP 2023,0.0,IMMACULATE HEALTHCARE SERVICES  LIMITED,2023-11-29
Pan-London Domiciliary Care AQP 2023,0.0,PROMPT HEALTHCARE STAFFING LTD,2023-11-29
Pan-London Domiciliary Care AQP 2023,0.0,ACCU-CARE UK LTD,2023-11-29
Pan-London Domiciliary Care AQP 2023,0.0,JANKAN ENTERPRISE LIMITED,2023-11-29
Pan-London Domiciliary Care AQP 2023,0.0,CARE QTERS LTD,2023-11-29
Pan-London Domiciliary Care AQP 2023,0.0,KADARCARE SERVICE LTD,2023-11-29
Pan-London Domiciliary Care AQP 2023,0.0,KARIA BEFRIENDING CARE AGENCY LIMITED,2023-11-29
Pan-London Domiciliary Care AQP 2023,0.0,BMM CARE LTD,2023-11-29
Pan-London Domiciliary Care AQP 2023,0.0,ABOUTME CARE SERVICES LTD,2023-11-29
Pan-London Domiciliary Care AQP 2023,0.0,PRIORY NURSING AGENCY AND HOMECARE LIMITED,2023-11-29
Pan-London Domiciliary Care AQP 2023,0.0,GALAXY SUPPORTED LIVING LTD,2023-11-29
Pan-London Domiciliary Care AQP 2023,0.0,CLOVER SUPPORT GROUP LTD,2023-11-29
Pan-London Domiciliary Care AQP 2023,0.0,REAL HOMECARE LIMITED,2023-11-29
Pan-London Domiciliary Care AQP 2023,0.0,LOYALTY CARE LTD,2023-11-29
Pan-London Domiciliary Care AQP 2023,0.0,TST SUPPORT SERVICE LIMITED,2023-11-29
Pan-London Domiciliary Care AQP 2023,0.0,CONCORD CARE SERVICES LTD,2023-11-29
Pan-London Domiciliary Care AQP 2023,0.0,CKM CARE LTD,2023-11-29
Pan-London Domiciliary Care AQP 2023,0.0,ALPHA CARE AND SUPPORT SERVICES LIMITED,2023-11-29
Pan-London Domiciliary Care AQP 2023,0.0,PARAGON CARE AND LOCUM PARTNERSHIP LIMITED,2023-11-29
Pan-London Domiciliary Care AQP 2023,0.0,CLIFTON CARE SERVICES LIMITED,2023-11-29
Pan-London Domiciliary Care AQP 2023,0.0,NWANDO CARE LIMITED,2023-11-29
Pan-London Domiciliary Care AQP 2023,0.0,GREEN ARROW CARE PROVIDERS LIMITED,2023-11-29
Pan-London Domiciliary Care AQP 2023,0.0,HONEY CROWN BEE LIMITED,2023-11-29
Pan-London Domiciliary Care AQP 2023,0.0,HH CARE SERVICES LTD,2023-11-29
Pan-London Domiciliary Care AQP 2023,0.0,NEMA HOME CARE LIMITED,2023-11-29
Pan-London Domiciliary Care AQP 2023,0.0,TRIPLE 3 HEALTHCARE GROUP LIMITED,2023-11-29
Pan-London Domiciliary Care AQP 2023,0.0,WILLOW CARE & SUPPORT LTD,2023-11-29
Pan-London Domiciliary Care AQP 2023,0.0,SHREEJI INC LTD,2023-11-29
Pan-London Domiciliary Care AQP 2023,0.0,JAY AND NOAH HEALTHCARE LTD,2023-11-29
Pan-London Domiciliary Care AQP 2023,0.0,FOND OF CARE LTD,2023-11-29
Pan-London Domiciliary Care AQP 2023,0.0,Home Care Service Provider,2023-11-29
Pan-London Domiciliary Care AQP 2023,0.0,ELLA'S HOMECARE LTD,2023-11-29
Pan-London Domiciliary Care AQP 2023,0.0,KOPE-MEDICS LTD,2023-11-29
Pan-London Domiciliary Care AQP 2023,0.0,BLOOMSCARE LTD,2023-11-29
Pan-London Domiciliary Care AQP 2023,0.0,SUPPORTING CARE NORTH EAST BRANCH LTD,2023-11-29
Pan-London Domiciliary Care AQP 2023,0.0,CARELAND HEALTHCARE SERVICES LTD,2023-11-29
Pan-London Domiciliary Care AQP 2023,0.0,THE CORNHILL GROUP SERVICES LTD,2023-11-29
Pan-London Domiciliary Care AQP 2023,0.0,WILLOWBROOK CARE LTD,2023-11-29
Pan-London Domiciliary Care AQP 2023,0.0,SEASON HEALTHCARE LIVING LTD,2023-11-29
Pan-London Domiciliary Care AQP 2023,0.0,FREIVAN SUPPORT SERVICES LTD,2023-11-29
Pan-London Domiciliary Care AQP 2023,0.0,HOSPIVA CARE & ASSOCIATES AGENCY LTD,2023-11-29
Pan-London Domiciliary Care AQP 2023,0.0,MAKSANUS CARE SERVICES LIMITED,2023-11-29
Pan-London Domiciliary Care AQP 2023,0.0,SALUS CARE LTD,2023-11-29
Pan-London Domiciliary Care AQP 2023,0.0,M & C CARE SERVICES LIMITED,2023-11-29
Pan-London Domiciliary Care AQP 2023,0.0,CARING@HOME LTD,2023-11-29
Pan-London Domiciliary Care AQP 2023,0.0,LAMBETH CARE SERVICES LIMITED,2023-11-29
Pan-London Domiciliary Care AQP 2023,0.0,NISACRAFTCARE LIMITED,2023-11-29
Pan-London Domiciliary Care AQP 2023,0.0,ASHTON CARE LTD,2023-11-29
Pan-London Domiciliary Care AQP 2023,0.0,CONSCIENCE CARE LIMITED,2023-11-29
Pan-London Domiciliary Care AQP 2023,0.0,LEGACY PRIVATE LIMITED,2023-11-29
Pan-London Domiciliary Care AQP 2023,0.0,PRACTICAL CARE LTD,2023-11-29
Pan-London Domiciliary Care AQP 2023,0.0,ABBOTS CARE LIMITED,2023-11-29
Pan-London Domiciliary Care AQP 2023,0.0,TREAL CARE UK LIMITED,2023-11-29
Pan-London Domiciliary Care AQP 2023,0.0,PURE CARE AGENCY LTD,2023-11-29
Pan-London Domiciliary Care AQP 2023,0.0,VIRTUS CARE LTD,2023-11-29
Pan-London Domiciliary Care AQP 2023,0.0,CARINGG LTD,2023-11-29
Pan-London Domiciliary Care AQP 2023,0.0,FERN CARE SERVICES LIMITED,2023-11-29
Pan-London Domiciliary Care AQP 2023,0.0,ELITE CAREPLUS LTD,2023-11-29
Pan-London Domiciliary Care AQP 2023,0.0,URIEL CARE2U LIMITED,2023-11-29
Pan-London Domiciliary Care AQP 2023,0.0,KIND SOLUTIONS LIMITED,2023-11-29
Pan-London Domiciliary Care AQP 2023,0.0,HEDGEROW HOMECARE LTD,2023-11-29
Pan-London Domiciliary Care AQP 2023,0.0,ASPIRE CARE SERVICES LTD,2023-11-29
Pan-London Domiciliary Care AQP 2023,0.0,OCEANIC CARE SERVICES LTD,2023-11-29
Pan-London Domiciliary Care AQP 2023,0.0,REED SPECIALIST RECRUITMENT LIMITED,2023-11-29
Pan-London Domiciliary Care AQP 2023,0.0,THREE ANGEL HEALTH CARE LTD,2023-11-29
Pan-London Domiciliary Care AQP 2023,0.0,CARE MANAGERS LTD,2023-11-29
Pan-London Domiciliary Care AQP 2023,0.0,VISTA CARE SOLUTIONS LIMITED,2023-11-29
Pan-London Domiciliary Care AQP 2023,0.0,MAREGO LIMITED,2023-11-29
Pan-London Domiciliary Care AQP 2023,0.0,SENIOR HEALTH CARE GROUP LTD,2023-11-29
Pan-London Domiciliary Care AQP 2023,0.0,DCAS DIRECT PERSONNEL LIMITED,2023-11-29
Pan-London Domiciliary Care AQP 2023,0.0,LIVINGSTONE HEALTH CARE LIMITED,2023-11-29
Pan-London Domiciliary Care AQP 2023,0.0,AIDARES CARE LIMITED,2023-11-29
Pan-London Domiciliary Care AQP 2023,0.0,HOMECARE ALLIANCE LIMITED,2023-11-29
Pan-London Domiciliary Care AQP 2023,0.0,FEAN SERVICES UK LTD,2023-11-29
Pan-London Domiciliary Care AQP 2023,0.0,DYNAMIC PEOPLE LIMITED,2023-11-29
Pan-London Domiciliary Care AQP 2023,0.0,PARADISE HOME CARE SERVICES LIMITED,2023-11-29
Pan-London Domiciliary Care AQP 2023,0.0,JS CONSULT LIMITED,2023-11-29
Pan-London Domiciliary Care AQP 2023,0.0,CRESTA HEALTHCARE LTD,2023-11-29
Pan-London Domiciliary Care AQP 2023,0.0,BRIGHT FUTURE CARE LTD.,2023-11-29
Pan-London Domiciliary Care AQP 2023,0.0,CARAMEL HEALTHCARE LIMITED,2023-11-29
Pan-London Domiciliary Care AQP 2023,0.0,GOLDSTAR CARE SERVICES LIMITED,2023-11-29
Pan-London Domiciliary Care AQP 2023,0.0,AAA HEALTHCARE AGENCY LIMITED,2023-11-29
Pan-London Domiciliary Care AQP 2023,0.0,RAMSY HEALTH CARE LTD,2023-11-29
Pan-London Domiciliary Care AQP 2023,0.0,ESTEEMED CARE LTD,2023-11-29
Pan-London Domiciliary Care AQP 2023,0.0,HOLISTIC RECRUITERS LIMITED,2023-11-29
Pan-London Domiciliary Care AQP 2023,0.0,UTMOSTCARE LIMITED,2023-11-29
Pan-London Domiciliary Care AQP 2023,0.0,DIGNIFIED HOMECARE LIMITED,2023-11-29
Pan-London Domiciliary Care AQP 2023,0.0,CHISLEHURST HEALTHCARE LTD,2023-11-29
Pan-London Domiciliary Care AQP 2023,0.0,MERCURY CARE SERVICES LIMITED,2023-11-29
Pan-London Domiciliary Care AQP 2023,0.0,JOHNSTON'S HOME CARE LTD.,2023-11-29
Pan-London Domiciliary Care AQP 2023,0.0,KUBLE CARE LTD,2023-11-29
Pan-London Domiciliary Care AQP 2023,0.0,ANYTIME RECRUITMENT LIMITED,2023-11-29
Pan-London Domiciliary Care AQP 2023,0.0,IMMEDIATE QUALITY CARE (IQC) LTD,2023-11-29
Pan-London Domiciliary Care AQP 2023,0.0,ARIISE LTD,2023-11-29
Pan-London Domiciliary Care AQP 2023,0.0,LIFESERVE SOLUTIONS LIMITED,2023-11-29
Pan-London Domiciliary Care AQP 2023,0.0,HOPE HOMECARE SERVICES LIMITED,2023-11-29
Pan-London Domiciliary Care AQP 2023,0.0,THE PADLE HEALTHCARE LIMITED,2023-11-29
Pan-London Domiciliary Care AQP 2023,0.0,IMPRESSION SERVICES LTD,2023-11-29
Pan-London Domiciliary Care AQP 2023,0.0,DT CARE SERVICES LTD,2023-11-29
Pan-London Domiciliary Care AQP 2023,0.0,INTERNATIONAL HEALTHCARE RECRUITMENT LIMITED,2023-11-29
Pan-London Domiciliary Care AQP 2023,0.0,INDIVIDUALISED CARE LTD,2023-11-29
Pan-London Domiciliary Care AQP 2023,0.0,INTEGRITY SUPPORTED LIVING LTD,2023-11-29
Pan-London Domiciliary Care AQP 2023,0.0,PACIFIC CARE SOLUTIONS LIMITED,2023-11-29
Pan-London Domiciliary Care AQP 2023,0.0,CAREPLUS HEALTHCARE SERVICES LTD,2023-11-29
Pan-London Domiciliary Care AQP 2023,0.0,GNCARESERVICES LTD,2023-11-29
Pan-London Domiciliary Care AQP 2023,0.0,AMBROSIAL SERVICES LIMITED,2023-11-29
Pan-London Domiciliary Care AQP 2023,0.0,CAREART UK LIMITED,2023-11-29
Pan-London Domiciliary Care AQP 2023,0.0,DVANGUARD LTD,2023-11-29
Pan-London Domiciliary Care AQP 2023,0.0,CAREMAX LTD,2023-11-29
Pan-London Domiciliary Care AQP 2023,0.0,FABULOUS HOMECARE LTD,2023-11-29
Pan-London Domiciliary Care AQP 2023,0.0,CARE AT CALL LTD,2023-11-29
Pan-London Domiciliary Care AQP 2023,0.0,TEDDAR LIMITED,2023-11-29
Pan-London Domiciliary Care AQP 2023,0.0,HILLSIDE CARE SERVICES COMMUNITY INTEREST COMPANY,2023-11-29
Pan-London Domiciliary Care AQP 2023,0.0,CARINGSMART LTD,2023-11-29
Pan-London Domiciliary Care AQP 2023,0.0,FOOS CARE LTD,2023-11-29
Pan-London Domiciliary Care AQP 2023,0.0,PLUS CARE SERVICES LTD,2023-11-29
Pan-London Domiciliary Care AQP 2023,0.0,EXCEPTIONAL CARE AT HOME LIMITED,2023-11-29
Pan-London Domiciliary Care AQP 2023,0.0,MONIKS CARE SERVICES LTD,2023-11-29
Pan-London Domiciliary Care AQP 2023,0.0,ZINZIKO HEALTHCARE LIMITED,2023-11-29
Pan-London Domiciliary Care AQP 2023,0.0,RENSTEP HEALTH CARE SERVICES LTD,2023-11-29
Pan-London Domiciliary Care AQP 2023,0.0,PERSONAL CARE SUPPORT LTD,2023-11-29
Pan-London Domiciliary Care AQP 2023,0.0,BLUE OCEAN SERVICES LIMITED,2023-11-29
Pan-London Domiciliary Care AQP 2023,0.0,JOYOUS LIMITED,2023-11-29
Pan-London Domiciliary Care AQP 2023,0.0,FLEXSERVE UK LIMITED,2023-11-29
Pan-London Domiciliary Care AQP 2023,0.0,CAREMAX SUPPORT SERVICES LTD,2023-11-29
Pan-London Domiciliary Care AQP 2023,0.0,MICHAELANDTANIAHACKETT LIMITED,2023-11-29
Pan-London Domiciliary Care AQP 2023,0.0,C & V INSPIRE TRAINING AND DEVELOPMENT CONSULTANCY LIMITED,2023-11-29
Pan-London Domiciliary Care AQP 2023,0.0,PURE HEALTH CARE PVT LTD,2023-11-29
Pan-London Domiciliary Care AQP 2023,0.0,CALABS SERVICES LIMITED,2023-11-29
Pan-London Domiciliary Care AQP 2023,0.0,VOW CARE SERVICES LIMITED,2023-11-29
Pan-London Domiciliary Care AQP 2023,0.0,RA CARE SERVICES LIMITED,2023-11-29
Pan-London Domiciliary Care AQP 2023,0.0,FIRST PLATINUM CARE SERVICES LTD,2023-11-29
Pan-London Domiciliary Care AQP 2023,0.0,UNICARE (LONDON) LIMITED,2023-11-29
Pan-London Domiciliary Care AQP 2023,0.0,LIVINGWAYS CARE SERVICES LTD,2023-11-29
Pan-London Domiciliary Care AQP 2023,0.0,OLIVES HEALTHCARE SERVICES LTD,2023-11-29
Pan-London Domiciliary Care AQP 2023,0.0,ELECT CARE CONSULTANTS LIMITED,2023-11-29
Pan-London Domiciliary Care AQP 2023,0.0,ELEVEN SISTERS HEALTHCARE LIMITED,2023-11-29
Pan-London Domiciliary Care AQP 2023,0.0,KAYOSKI CARE LTD,2023-11-29
Pan-London Domiciliary Care AQP 2023,0.0,ANGELIQUECARE LTD,2023-11-29
Pan-London Domiciliary Care AQP 2023,0.0,SSA STAR CARE LTD.,2023-11-29
Pan-London Domiciliary Care AQP 2023,0.0,OPTIMUM CARE (GL) LIMITED,2023-11-29
Pan-London Domiciliary Care AQP 2023,0.0,DELTA HOMECARE AND TRAINING SERVICES LTD,2023-11-29
Pan-London Domiciliary Care AQP 2023,0.0,CRYSTALIZE CARE SERVICES LTD,2023-11-29
Pan-London Domiciliary Care AQP 2023,0.0,IJB HEALTHCARE LTD.,2023-11-29
Pan-London Domiciliary Care AQP 2023,0.0,BILLIONCARE LTD,2023-11-29
Pan-London Domiciliary Care AQP 2023,0.0,SPRING CONSULT UK LTD,2023-11-29
Pan-London Domiciliary Care AQP 2023,0.0,NEONATE HOUSE LIMITED,2023-11-29
Pan-London Domiciliary Care AQP 2023,0.0,RECOVERY PALACE LTD,2023-11-29
Pan-London Domiciliary Care AQP 2023,0.0,WHITE SWAN HEALTHCARE LIMITED,2023-11-29
Pan-London Domiciliary Care AQP 2023,0.0,AUM CARE GROUP (UK) LTD,2023-11-29
Pan-London Domiciliary Care AQP 2023,0.0,JJR CARE LTD,2023-11-29
Pan-London Domiciliary Care AQP 2023,0.0,UK INSTANT SERVICES LTD,2023-11-29
Pan-London Domiciliary Care AQP 2023,0.0,BOLDHEART RESOURCES LTD,2023-11-29
Pan-London Domiciliary Care AQP 2023,0.0,FOREVER CARE AGENCY LTD,2023-11-29
Pan-London Domiciliary Care AQP 2023,0.0,GOOD LIFE CARE LIMITED,2023-11-29
Pan-London Domiciliary Care AQP 2023,0.0,SHELAGH CARE SERVICES LTD,2023-11-29
Pan-London Domiciliary Care AQP 2023,0.0,BBC CARE SERVICE LIMITED,2023-11-29
Pan-London Domiciliary Care AQP 2023,0.0,CARE MISSION LIMITED,2023-11-29
Pan-London Domiciliary Care AQP 2023,0.0,SURECARE (ENFIELD) LIMITED,2023-11-29
Pan-London Domiciliary Care AQP 2023,0.0,KELLS DOMICILIARY CARE LTD,2023-11-29
Pan-London Domiciliary Care AQP 2023,0.0,S2O CARE SERVICES LIMITED,2023-11-29
Pan-London Domiciliary Care AQP 2023,0.0,HE REIGNS HEALTHCARE SERVICES LIMITED,2023-11-29
Pan-London Domiciliary Care AQP 2023,0.0,SARAT HEALTHCARE LTD,2023-11-29
Pan-London Domiciliary Care AQP 2023,0.0,PARISSE CARE CONSULTING LIMITED,2023-11-29
Pan-London Domiciliary Care AQP 2023,0.0,GREEN OLIVE CARE LTD,2023-11-29
Pan-London Domiciliary Care AQP 2023,0.0,FOUNTAIN CARE SERVICES LTD,2023-11-29
Pan-London Domiciliary Care AQP 2023,0.0,SAMARY CARE LIMITED,2023-11-29
Pan-London Domiciliary Care AQP 2023,0.0,KASE CARE LIMITED,2023-11-29
Pan-London Domiciliary Care AQP 2023,0.0,JAMES SANDERSON LIMITED,2023-11-29
Pan-London Domiciliary Care AQP 2023,0.0,FOCUS CARE LINK LIMITED,2023-11-29
Pan-London Domiciliary Care AQP 2023,0.0,HG HEALTH LIMITED,2023-11-29
Pan-London Domiciliary Care AQP 2023,0.0,GILEAD COMPLETE CARE GROUP LIMITED,2023-11-29
Pan-London Domiciliary Care AQP 2023,0.0,LINK DIRECT CARE LIMITED,2023-11-29
Pan-London Domiciliary Care AQP 2023,0.0,IRIS CARE SERVICES LTD,2023-11-29
Pan-London Domiciliary Care AQP 2023,0.0,UBERTAS CARE HOMES LIMITED,2023-11-29
Pan-London Domiciliary Care AQP 2023,0.0,DAMA TECH LTD.,2023-11-29
Pan-London Domiciliary Care AQP 2023,0.0,NEARBYCARE LTD,2023-11-29
Pan-London Domiciliary Care AQP 2023,0.0,EXCELLENCE CARE LTD,2023-11-29
Pan-London Domiciliary Care AQP 2023,0.0,CALM CARE SOLUTIONS LTD,2023-11-29
Pan-London Domiciliary Care AQP 2023,0.0,LEXWIN TRADING LTD,2023-11-29
Pan-London Domiciliary Care AQP 2023,0.0,ASK CARE LIMITED,2023-11-29
Pan-London Domiciliary Care AQP 2023,0.0,EGH CARE SERVICES LIMITED,2023-11-29
Pan-London Domiciliary Care AQP 2023,0.0,IMMEDIATE SOCIAL CARE LIMITED,2023-11-29
Pan-London Domiciliary Care AQP 2023,0.0,LODGE GROUP CARE UK LIMITED,2023-11-29
Pan-London Domiciliary Care AQP 2023,0.0,ELMICH CARE LTD,2023-11-29
Pan-London Domiciliary Care AQP 2023,0.0,KANSSAS HOME CARE LTD,2023-11-29
Pan-London Domiciliary Care AQP 2023,0.0,AQT LONDON LIMITED,2023-11-29
Pan-London Domiciliary Care AQP 2023,0.0,ABILITY FOCUS LIMITED,2023-11-29
Pan-London Domiciliary Care AQP 2023,0.0,INSPIRE MANAGEMENT GROUP LTD,2023-11-29
Pan-London Domiciliary Care AQP 2023,0.0,SUNRISE REHABILITATION CENTRE AND TRADING ASSOCIATES LTD,2023-11-29
Pan-London Domiciliary Care AQP 2023,0.0,BROOKS HEALTH AND CARE LIMITED,2023-11-29
Pan-London Domiciliary Care AQP 2023,0.0,STELLAR HEALTHCARE SOLUTIONS LIMITED,2023-11-29
GB-Manchester: ACE 678 STA - Evaluation for the Artsmark & Teaching for Creativity Pilot Project,20000.0,Dr David Parker,2025-01-28
Legal Advice,256000.0,Mills & Reeve LLP,2025-07-31
CA16438 - MAINT5714-RFL-Vitaldata Software Maintenance,40619.0,Vitalpulse Ltd,2025-09-11
ITEP1026 SWIS Severe Weather Information Service,936513.0,Civica UK Ltd.,2025-09-10
LDC-335 DFG Adaptations and Associated Building Works Framework,1000000000.0,A.S Plumbing and Bathrooms Ltd,2025-08-05
LDC-335 DFG Adaptations and Associated Building Works Framework,1000000000.0,Cardo (Central) Limited,2025-08-05
LDC-335 DFG Adaptations and Associated Building Works Framework,1000000000.0,Eden Adaptions Ltd,2025-08-05
LDC-335 DFG Adaptations and Associated Building Works Framework,1000000000.0,fenax developments limited,2025-08-05
LDC-335 DFG Adaptations and Associated Building Works Framework,1000000000.0,Tyrer Building Contractors,2025-08-05
LDC-335 DFG Adaptations and Associated Building Works Framework,1000000000.0,Wilcox Plumbing & Heating Ltd,2025-08-05
Network Infrastructure review,51272.72,CDW Limited,2025-02-28
"2025-09-10 09:00 - QBE303 South Bury St Edmunds to Innov8 Workshops, Rougham - AWARD",6347.52,All Day Cars,2025-09-11
RDE912 - Ammonia from road traffic - further assessment of modelling methodologi,24907.5,Bureau Veritas UK Limited,2025-09-10
Palliative Medicine Consultant Sessions,23374.28,Barnsley Hospice,2025-04-01
Asbestos Surveys,50000.0,Airtech Analysis Ltd,2025-07-25
HRA Right to Buy Valuations,28000.0,HORTS ESTATE AGENCY LIMITED,2025-09-11
Roofing Replacement 2025,161039.0,Apex SG Ltd,2025-08-01
MDClone's ADAMS Platform,2031840.0,UST Global Pvt Ltd,2025-03-19
NDA/C17430/14 - Technical Knowledge Exchange Meeting,28161.44,National Nuclear Laboratory,2025-09-01
Drainage,100000.0,Re-Gen (UK) Construction Ltd,2025-09-01
PDF - A14 40.1 Nene Viaduct FIP Joint Replacement - Construction - 611626,185722.65,Eurovia Infrastructure Limited,2025-09-11
DHSC - ASC: Interoperability and Architecture platform - Discovery,1000000.0,Softcat Plc,2025-09-02
CST025-108 Provision of Apprenticeship (Solicitor Level 7),81000.0,Nottingham Trent University,2025-09-11
Fleet Services Contract Extension,97775.52,Leaseplan UK Limited,2025-06-12
Asbestos Awareness Training - CF Awarded Contract,61000.0,Lucion Services Limited,2025-08-28
"2025-09-10 09:00 - QBE296 Woolpit to Innov8 Workshops, Rougham - AWARD",7802.16,All Day Cars,2025-09-11
MH 0095 - Project Management as a Service - AWARD,0.0,Methods Business and Digital Technology Ltd,2024-11-21
Lot 4b - Wheelchair Accessible with Passenger Assistant for Out of County area closing 21 July 2025 (F4),0.0,R & L Taxis Ltd,2025-07-22
Route Optimisation - Passenger Transport,46908.0,Routeware Limited,2025-08-12
A27 Polthooks Cutting - Ground Investigation,178142.14,BAM Nuttall Ltd,2025-09-11
Credit Checking Service for Government Gateway,1200000.0,Equifax Limited,2025-09-05
GMCA 1424 Salary Sacrifice - Electric Vehicles,1634816.42,NHS Fleet Solutions c/o Northumbria  Healthcare NHS Foundation T,2025-03-31
"2025-09-10 09:00 - QBE299 South Bury St Edmunds to Innov8 Workshops, Rougham - AWARD",8755.2,All Day Cars,2025-09-11
Bridge Inspections,700000.0,Waterman Aspen Ltd,2025-06-05
PAN3381 - Clean & Green PV installations,29999.0,Couch Perry Wilkes LLP,2025-08-05
Provision of Steering Board Review,24300.0,Mi-GSO PCUBED,2025-08-15
Mapping and Spatial  software suite,73895.0,ESRI (UK) Ltd,2025-07-02
Lot 2b - Between 9 and 16 passenger seats with Passenger Assistant for Barrow-in-Furness area closing 21 July 2025 (F4),0.0,Carefree Travel Ltd,2025-07-25
DDaT25357 - IBM Blue works,34235.95,Responsiv Solutions Limited,2025-08-20
36472 - LEICESTER COLLEGE,33.4,AZOOM TAXI,2025-09-11
CA15266 - Communications Solutions,3000000.0,Start Communications Group Ltd,2025-09-11
CA15266 - Communications Solutions,3000000.0,Exchange Communications Limited,2025-09-11
CA15266 - Communications Solutions,3000000.0,Daisy Communications,2025-09-11
CA15266 - Communications Solutions,3000000.0,Talk Straight Ltd,2025-09-11
CA15266 - Communications Solutions,3000000.0,Clarion Communication Systems,2025-09-11
CA15266 - Communications Solutions,3000000.0,Tel Group Ltd,2025-09-11
CA15266 - Communications Solutions,3000000.0,Avoira Limited,2025-09-11
CA15266 - Communications Solutions,3000000.0,Rydal Communications,2025-09-11
CA15266 - Communications Solutions,3000000.0,Abzorb Ltd,2025-09-11
CA15266 - Communications Solutions,3000000.0,Southern Communications Corporate Solutions,2025-09-11
CA15266 - Communications Solutions,3000000.0,Glide,2025-09-11
CA15266 - Communications Solutions,3000000.0,Currys t/a Currys Business,2025-09-11
Provision of Digital Accessibility Services,150000.0,Digital Accessibility Centre,2025-08-29
Lot 1a - Up to 8 passenger seats for various areas closing 21 July 2025 (F4),182400.0,mandm taxis,2025-07-25
Lot 1a - Up to 8 passenger seats for various areas closing 21 July 2025 (F4),182400.0,n & c taxi services,2025-07-25
"2025-09-10 09:00 - QBE301 Haverhill to Innov8 Workshops, Rougham - AWARD",6876.48,Kemal  Ipek T/A Smart Travel,2025-09-11
Intellectual Property Deep Dive,11475.0,Global Counsel Ltd,2024-11-25
RDE868 - Development of novel DNA-based metrics and indicators to assess the eco,31963.81,UK Centre for Ecology & Hydrology (UKCEH),2025-09-10
Lot 1a - Up to 8 passenger seats for various areas closing 14 July 2025,115710.0,Alex taxis,2025-07-16
Lot 1a - Up to 8 passenger seats for various areas closing 14 July 2025,115710.0,LA7 taxi,2025-07-16
Lot 1a - Up to 8 passenger seats for various areas closing 14 July 2025,115710.0,Night Airport Taxis,2025-07-16
1997 IT Hardware for NHS Black Country Integrated Care Board,57395.9,CDW LIMITED,2025-09-04
CSP25347 - Administrator,30624.88,Reed Specialist Recruitment  Limited,2025-09-08
CSP25348 - Administrator,26984.16,Reed Specialist Recruitment  Limited,2025-09-08
Fresh Food DPS Contract Award Notices June 2025 - August 2025,200000000.0,TPB Foods Limited,2025-08-26
Fresh Food DPS Contract Award Notices June 2025 - August 2025,200000000.0,Johal Dairies Limited,2025-08-26
Fresh Food DPS Contract Award Notices June 2025 - August 2025,200000000.0,Turner Price,2025-08-26
Fresh Food DPS Contract Award Notices June 2025 - August 2025,200000000.0,Owen Taylor & Sons Ltd,2025-08-26
Fresh Food DPS Contract Award Notices June 2025 - August 2025,200000000.0,Nijar Dairies Ltd T/a Freshways,2025-08-26
Fresh Food DPS Contract Award Notices June 2025 - August 2025,200000000.0,John Palin (Wholesale) Ltd,2025-08-26
Fresh Food DPS Contract Award Notices June 2025 - August 2025,200000000.0,GW Price Ltd,2025-08-26
Fresh Food DPS Contract Award Notices June 2025 - August 2025,200000000.0,Barsby Produce,2025-08-26
Lot 1a - Up to 8 passenger seats for Barrow area closing 3 July 2025 (F2 3 day),1890.0,gtbtransportservices,2025-07-04
Food to Go DPS Contract Award Notices June 2025 - August 2025,78831476.0,Tiffin Sandwiches Ltd,2025-06-19
Food to Go DPS Contract Award Notices June 2025 - August 2025,78831476.0,On a Roll Sandwich Company Ltd,2025-06-19
Food to Go DPS Contract Award Notices June 2025 - August 2025,78831476.0,Raynor Foods,2025-06-19
1991 IT Hardware for NHS Arden and Greater East Midlands CSU,14850.0,Dell Corporation Limited,2025-08-20
Aluminium Pole Supply for Traffic Signal Installations,210000.0,Nulite Lighting Ltd,2025-09-09
Postural Liceneces for use with Allign RT,160000.0,Vision Rt Limited,2025-07-31
Lot 4b - Wheelchair Accessible with Passenger Assistant for Out of County area closing 10 July 2025 (F1),195912.8,LANX PRIVATE AMBULANCE SERVICE LTD.,2025-07-11
Canon Infinix Maintenance,102939.68,Canon Medical Systems Limited,2025-05-21
RDE915 - Modelling the plausible locations of sanctuary zones for red throated,89980.0,Howell Marine Consulting,2025-09-01
1991 IT Hardware for NHS Arden and Greater East Midlands CSU,11444.76,TEQEX LTD,2025-08-20
PAN3415 - Gleneagles Av Bridge Maintenance Scheme,260439.61,Danaher & Walsh (Civil Engineering) Ltd,2025-08-08
Access Supine Breast & Lung Treatment Device Arm and Wrist support,38632.0,Oncology Imaging Systems Limited,2025-08-08
DELIVERY MANAGER FOR THE CAMP HILL LINE - PACKAGES 1 AND 2,78000.0,Matchtech Limited,2025-08-27
Lot 1b - Up to 8 Passenger Seats with Passenger Assistant for various areas closing 10 July 2025 (F1),955962.2,24x7 Ltd,2025-07-11
Lot 1b - Up to 8 Passenger Seats with Passenger Assistant for various areas closing 10 July 2025 (F1),955962.2,Fell View Private Hire,2025-07-11
Lot 1b - Up to 8 Passenger Seats with Passenger Assistant for various areas closing 10 July 2025 (F1),955962.2,N&C Taxi Service,2025-07-11
Supply of E-Books,2644645.0,EBSCO INTERNATIONAL INC.,2025-06-30
Supply of E-Books,2644645.0,A T Little & Sons Ltd T/A Browns Books,2025-06-30
Supply of E-Books,2644645.0,Kortext Limited,2025-06-30
Supply of E-Books,2644645.0,ProQuest LLC,2025-06-30
Contract Award Notice - Michelham Priory Reservoir _ECC PM Services,71310.34,AECOM Ltd,2025-09-11
Lot 1a - Up to 8 passenger seats  for Cartmel area closing 10 July 2025 (F1),31350.0,Sandor Szegi/ Alex Taxis,2025-07-11
PAN3418 - New Slab Design,139535.0,Danaher & Walsh (Civil Engineering) Ltd,2025-08-15
"QIP878 0900 2025-09-11 Ipswich to Thomas Wolsey Ormiston Academy, Thomas Wolsey School, Defoe Rd, Ipswich IP1 6SG (6-seater vehicle with electric tail lift and Passenger assistant) - AWARD",142500.0,Albany Travel (Ipswich) Ltd,2025-09-11
RDE857 - Benefits of underwater structures to cuttlefish egg survival,77000.0,University of Plymouth,2025-08-19
36472 LEICESTER COLLEGE,20.0,Adam's transport,2025-09-11
NDA/C17430/13 -  Pu Active SEM,114835.96,National Nuclear Laboratory,2025-09-05
Civica Payments System,468000.0,CIVICA UK LIMITED,2025-02-15
Provision of Water Temperature Sensors at Various Sites,153950.0,CreevX Limited,2025-09-09
Children and Adults Trial Default Safety Settings,115655.27,Verian Group UK Ltd,2025-09-02
Sharegate Migration Licenses,30000.0,Sharegate LTD,2025-08-20
GSS23924 Cyber Security Project Manager,305232.0,HAYS SPECIALIST RECRUITMENT LIMITED,2023-11-14
Student Bus Tickets EYMS,180000.0,EYMS Group,2025-09-11
Broadcast Graphics Operating System Migration,569820.88,Mobilise Cloud Services Limited,2025-08-12
IT410 Tortus Ambient Voice,22500.0,TORTUS AI LTD,2025-09-05
PAN3223 - Asbestos Analytical Services,412995.1,BDA Surveying Ltd,2025-09-08
IBM Cloud Hosting - Recarta IT Ltd,110000.0,Recarta IT Ltd,2025-07-31
Interim Perceptions Survey 2025,81565.0,Shift Insight,2025-03-27
Stock Condition Surveys (Housing),2818470.0,Watts Group Limited,2025-08-04
S775 Mainstream Taxi John Ferneley College,86.0,T & H Solutions,2025-08-12
"Learning, performance and recruitment software",696538.03,Cornerstone Ondemand Limited,2025-07-21
Provision of Level 4 Employability Practitioner apprenticeship ST0663 to DWP employees,1350000.0,PTP Training Limited,2025-07-14
Workforce Solutions,732000000.0,Alexander Mann Solutions Ltd (AMS),2025-07-15
Iken Call-off from G-Cloud 14 Framework  Agreement (RM1557.14),145400.0,Iken Business Ltd,2025-08-04
UKSBS Employment Legal Advice,113500.0,DAC Beachcroft LLP,2025-07-28
Camp Hill Rail Lines - Preparation for Entry into Service,132202.5,West Midlands Trains Limited,2025-07-25
"2025-08-05 09:00 - QTN038 Drinkstone & Elmswell to Ixworth High School, Ixworth - AWARD",89110.0,Kelly's Cabs (Alan Kelly),2025-08-05
"2025-08-01 09:00 - QOC783 Stowmarket to Acorn Park School, Banham, Norfolk - AWARD",301568.0,405 CAB CO LTD,2025-08-08
"2025-08-05 09:00 - QOC694 Rattlesden to Kingsbrook School Southburgh, Norfolk. - AWARD",24656.3,Nash Auto Ltd,2025-08-11
S541-Mainstream Taxi 4 passenger seats- Robert -Smyth Academy,11400.0,MURPHYS TAXIS LTD,2025-08-12
SPS 2777 - Major and Responsive Repairs and Void Refurbishment Contract,56000000.0,Axis Europe plc,2025-05-29
SPS 2777 - Major and Responsive Repairs and Void Refurbishment Contract,56000000.0,Gilmartins Ltd,2025-05-29
SPS 2777 - Major and Responsive Repairs and Void Refurbishment Contract,56000000.0,Purdy Contracts Ltd,2025-05-29
SPS 2777 - Major and Responsive Repairs and Void Refurbishment Contract,56000000.0,T Brown Group,2025-05-29
"2025-08-11 09:00 - QML057 Bury St Edmunds to West Row Academy, West Row - AWARD",171000.0,All Day Cars,2025-08-12
AI Proof of Concept Services to Support EU Reset,1500000.0,Faculty Science Limited,2025-08-11
Provision of Construction Works & Associated Services 3 (CWAS3),49200.0,ATKINSRÉALIS UK LIMITED,2025-07-31
ENQ1187 - Small works for electrical distribution board works,26319.0,GILKS (NANTWICH) LIMITED,2025-08-01
Local Transport Data Collection Alpha/Beta,263239.0,METHODS BUSINESS AND DIGITAL TECHNOLOGY LIMITED,2025-07-18
Security tender 2025-2028,48020.0,Bryan Enterprise Ltd trading as Security Services,2025-08-12
Provision of Fixed Line and Direct Routing Services to The DfE,264178.72,Gamma Telecom Limited,2025-07-24
"Further competition against RM6175 Records Information Management, Digital Solutions and Associated Services Lot 1: Records Information Management Services - AWARD",521597.0,Restore Records Management,2025-08-12
S449 Mainstream Taxi The Priory Belvoir Academy,90.0,NMI Taxis Ltd,2025-08-12
1858 Provision of Autism Peer Review Support Service for NHS BLMK ICB v2,128170.0,Talkback UK,2025-01-27
Holy Cross Catholic High School ~ Catering Tender,2451313.32,Mellors Catering Sevices Ltd,2025-03-24
Legal Support for CASTLE Phase 1,25000.0,Womble Bond Dickinson (UK) LLP,2025-03-06
"2025-08-11 09:00 - QML061 Elmswell to West Row Academy, West Row - AWARD",222026.4,UNITY TRAVEL ltd,2025-08-12
PR2262 - Recruitment Services for Director of Resources,30780.0,GatenbySanderson Ltd,2025-07-14
"HBC- Supply and Provision of Outdoor LED screen at Civic Offices, Borehamwood - AWARD",0.0,Auditel Rental & Service Ltd,2025-06-19
Gas supply contract award,9000000.0,Corona Energy Limited,2024-09-26
BTH25-203 Pharmacy Blood labelling Isolator,93386.0,Envair Limited,2025-08-07
Arboricultural services - Tree works operations,1938.0,Hickson Wardle Treecare,2025-08-12
NEA - CDF - Butteryhaugh - OBC-FBC - Lot 1 Detailed Design,385799.6,Ove Arup & Partners Limited,2025-08-04
Provision of SD WAN Services,237165.0,Virgin Media Business Ltd,2025-08-12
Lot 4 - Tameside Metropolitan Borough Council,244815.0,Freerun Private Services,2025-08-12
Lot 4 - Tameside Metropolitan Borough Council,244815.0,D C Travel,2025-08-12
Lot 4 - Tameside Metropolitan Borough Council,244815.0,Stamford Cars UK Ltd,2025-08-12
Electricity Supply Contract Award,17500000.0,npower Commercial Gas Limited,2024-09-27
WNC Infrastructure Audit 25/26,50000.0,HaskoningDHV UK Limited,2025-06-16
Decorations Framework Lot 2 DA -  External Decorations and Repairs 7-24 - Various Properties - AWARD,160207.45,Ian Williams,2025-08-12
Lost Contact and Mortality Screening Contract,350000.0,Target Professional Services UK,2025-08-01
Student Mobility Management Platform,42380.26,Quantum IT Europe Ltd,2025-07-08
Quail AI,108000.0,Quantium Health Limited,2025-07-25
HBC - Laptops Replacement  - AWARD,303115.31,CCS media,2025-07-16
Provision of Stationery and office supplies to College of Policing,100000.0,Banner Group Limited,2024-12-01
NCC1355 Web Filtering Service,39330.0,European Electronique,2025-08-08
Refurbishment and Repairs to Vacant Properties (Voids),17268026.3,CARDO (WALES & WEST) LIMITED,2025-05-12
Refurbishment and Repairs to Vacant Properties (Voids),17268026.3,T GILMARTIN LIMITED,2025-05-12
Call-off contract for the provision of resettlement services,30000.0,British Refugee Council,2025-06-23
"2025-08-08 09:00 - QTN042 Wickhambrook to Stanton Community Primary School, Stanton - AWARD",148960.0,First Stop Travel EA limited,2025-08-12
"HK608, 0900 2025-08-12, Brantham to Holbrook Academy (4 seats) - AWARD",22800.0,Edward Balch T/A Easy Access Transport,2025-08-12
Provision of Action for Childrens Brand Shop,116000.0,Synergy Print,2025-07-21
QQ25009 - Appoint Consultant to Barrister Framework,74597.0,Kennedy Cater,2025-03-20
Catering Contractor Procurement,289166.44,International Food Service Equipment Ltd,2025-06-27
S78 Mainstream Taxi The Priory Ruskin Academy,93.8,MW Private Hire,2025-08-12
MWF Lot 7 - Weeke Primary School - Emergency Lighting Upgrade - AWARD,20435.37,Hillside Electrical Southern Ltd,2025-08-12
GB-Sheffield: Change PMO Analyst,98670.0,I3works,2025-06-30
Compostable Caddy Liners,41808.0,The Compost Bag Company,2025-08-08
DNO/464 - Enterprise Portfolio Strategy Implementation - P2 - CAN,1000000.0,KPMG LLP,2025-06-23
Kent Food Waste Project,159250.0,Letterbox Distribution Limited,2025-07-22
RFI 273 Oldbury - Auto-SAS Building Facility Planning Application,44011.0,Avison Young,2025-08-12
Fie Evacuation System for Tyneside House,14500.0,Tagevac Ltd,2025-08-12
Corner Plot - EA & QS,49639.5,Walker Sime Ltd,2025-05-28
"FR560, 0900 2025-08-12, Rendham - Sweffling - Thomas Mills High School, Framlingham (12 seats) - AWARD",64505.0,Whincop Coaches,2025-08-12
"Disposal of Cannabis, Nitrous Oxide and knives",80000.0,AC Environmental Consulting Ltd,2025-07-28
TfL 96033 - Transport for London Brand Licensing and Development,4727502.0,International Management Group (UK) LTD,2023-02-07
Firewalling Solution 2025,2291676.47,CDW LIMITED,2025-07-24
con_27825-IT Health Check Services,2000000.0,Forfend Information Security Limited,2025-07-09
UHB Assurance Dashboard,112371.13,INSIGHT DIRECT (UK) LTD,2025-07-03
EHRC 2223-09 IT Software Subscriptions,47472.0,BOXXE LIMITED,2022-08-09
25-22 Management Information Toolset,241992.0,The Information Lab Limited,2025-07-18
NEC4 Site Supervisor,72000.0,Waterman Aspen Ltd,2025-07-11
BSMHFT Shared Care Record,1650284.0,InterSystems Corporation (UK),2025-05-15
BSMHFT Netcall Contact Centre,200034.0,NETCALL TECHNOLOGY LIMITED,2025-07-07
BSMHFT Hyland Onbase Maintenance and Support,125860.58,Hyland UK Operations Limited,2025-07-18
BSMHFT Probrand Data Cabling,100000.0,PROBRAND LIMITED,2025-06-02
Purchase of Trimax Pegasus S5 493 Trailed Rotary Mower,40794.0,Henton And Chattell Ltd,2025-01-23
GB-Sheffield: IT Contract Resource,100000.0,XMA LTD,2025-06-09
CA15026 - Havant & South Downs College - Cleaning Services,3682786.45,Brayborne Facilities Services,2025-08-12
Professional Services,61813.9,LA INTERNATIONAL COMPUTER CONSULTANTS LIMITED,2025-07-22
Photocopier agreement,382818.0,Canon (UK) Ltd,2024-11-08
Project_4850 Research - Potentially harmful OCA online practices,79925.0,Revealing Reality,2025-07-31
Project/Contract Maintenance contract for Carestream CS9600,88858.0,Medray (UK) Limited,2025-04-07
Respite Care Block Booked Beds located on the Isle of Wight for people suffering with Dementia on the Isle of Wight.,873600.0,Island Healthcare Ltd,2025-03-06
OneTrust Extension,156495.0,ONETRUST TECHNOLOGY LIMITED,2024-10-15
23-56 Print Management Services,670000.0,Sterling Press Ltd,2025-02-21
23-56 Print Management Services,670000.0,Allwag Promotions Ltd,2025-02-21
23-56 Print Management Services,670000.0,Harlow Printing Limited,2025-02-21
23-56 Print Management Services,670000.0,Extravaganza Promotional Merchandise,2025-02-21
23-56 Print Management Services,670000.0,Infinity Incorporated T,2025-02-21
S759 Mainstream Taxi The Castle Rock School,98.2,Coalville Cabs Ltd,2025-08-12
Design and Construction of a new Police Station at Dovercourt,3962459.02,Pentaco Construction Ltd,2025-06-18
"London, Timber window and doors",1415288.6,NATIONCARE WINDOWS LIMITED,2024-05-21
Fire Compliance Risk Assessments and Surveys,58224.0,Logic Fire and Security Limited,2025-08-11
Award of a Call of Contract under the Prison Education Dynamic Purchasing System for CSCS Training for Prisoners at HMP Wandsworth,37429.0,Karen Mackey Consultants,2025-04-23
Award of a call off contract under the Prison Education Dynamic Purchasing System for the delivery of Training and Qualifications in the Bakery at HMP Brixton,51000.0,The Clink Charity,2025-05-27
Award of a call off contract under the Ministry of Justice Prison Education DPS for HMP Whatton Fork Lift Truck Training,14853.33,Complete Skills Solutions,2023-06-28
CA14802 - MyKarbon Customer Portal App for Karbon Homes,2116782.0,PLENTIFIC LTD,2025-07-11
CA14415 - Learning Management System for Karbon Homes,402750.0,Kallidus Limited,2025-07-11
HMCTS Newgate Fit Out - Construction - BPRN 628/22/8417,31275493.91,WATES CONSTRUCTION LIMITED,2024-06-20
North Northamptonshire Council - Tennis Court Refurbishment at Swanspool Gardens,67035.43,Fosse Contracts Limited,2025-02-02
System Integration and Programme Management Services,36000000.0,Capgemini UK plc,2025-05-09
AT1369 - Mobile and Data services,240000.0,Virgin Media Business,2025-07-11
PLACE626H Q2 2025 Roadstone  - Stacey Asphalt,377000.0,Stacey Processing Limited,2025-06-30
Award of a call off contract under the Prison Education Dynamic Purchasing System for Older Offender and Neurodiversity support for Prisoners at HMP Leyhill,162917.0,Rehabilitation Culture CIC Ltd,2025-04-30
PLACE626H Q2 2025 Roadstone  - JC Balls,6000.0,J C Balls and Sons,2025-06-30
Thwaites School - Window Replacement,34487.0,ROLAND HILL (PARSONBY) LIMITED,2025-06-23
PLACE626H Q2 2025 Roadstone  - CEMEX,200000.0,CEMEX UK Operations Ltd,2025-06-30
Bromsgrove Supply of Plastic Wheeled Bins via YPO 1135 lot 3,2000000.0,Craemer UK Limited,2025-07-11
CON_27708 ServiceNow Implementation Partner,269992.0,Devoteam Ltd,2025-06-13
Minor works framework - Frizington School - Roofing Works,42486.0,Michael Thompson Ltd,2025-06-23
Young Adults Service - Supporting those aged 17 to 24 years (mental health),1535000.0,Derbyshire Federation for Mental Health,2025-06-04
PLACE626H Q2 2025 Roadstone  - Breedon Aggregates,96000.0,BREEDON AGGREAGTES LTD,2025-06-30
EEAST - Payroll Services (24-T17),2850000.0,The Queen Elizabeth Hospital King's Lynn NHS Foundation Tru,2025-03-31
PLACE626H Q2 2025 Roadstone  - Holcim UK Ltd,96000.0,Holcim UK Ltd,2025-06-30
PLACE626H Q2 2025 Roadstone  - Bradley Brothers Ltd,15000.0,Bradley brothers  ltd,2025-06-30
WGH - Geotechnical Investigation Surveying Services,273967.0,A2 Site Investigation Limited,2024-10-10
AT1433 - BTS Software for management of the housing estate,825364.68,TotalMobile Limited,2025-07-07
TROP89-C05 Financial Advisors to support Rail Contracts & Projects,207956.0,Grant Thornton UK Advisory & Tax LLP,2025-07-09
MWF - Lot 1 - North Baddesley Infant School - Window Upgrade - AWARD,9420.0,T Coleborn & Son Ltd,2025-07-11
"SPS 2685 - Supply, Installation and Maintenance of Lifts",75000000.0,,2025-06-25
St Michael in the Hamlet - Plant Room Refurbishment,96143.43,Consortia Integrated Services Ltd,2025-06-17
M&E consultant refurbishment of London metropolitan archives,200000.0,Brinson Staniland Partnership Ltd,2025-07-11
MWF - Lot 1 - Wallop Primary School - Doors replacements - AWARD,5942.2,JC RAE DECORATING LTD,2025-07-11
CA15735 - Invitation to Quote for the provision of Apprentice Tracking Software System (New College Swindon),118275.0,Tribal Education,2025-07-11
Standard Service Agreement JEOL-Royce Electron Microscopes,82000.0,JEOL(U.K.)LIMITED,2024-11-29
Standard Service Agreement JEOL-Royce Electron Microscopes 2023-2024,82000.0,JEOL(U.K.)LIMITED,2024-11-29
Standard Service Agreement JEOL-Royce Electron Microscopes 2023-2024,82000.0,JEOL(U.K.)LIMITED,2023-11-29
DMS Delivery Management Service,580060.0,Mercator IT Solutions Ltd,2025-07-03
CISCO HW SW Support,784997.98,Akhter Computers Ltd,2025-07-09
DHSC:GH: Global Health Workforce Programme Evaluation,298510.0,Center for Evaluation and Development (C4ED),2025-06-18
"Fellview Primary School - Damp, Building Fabric & External Works",61663.0,Michael Thompson Ltd,2025-06-26
Thermo-Fisher (FEI) Electron Microscope Service Contract,82000.0,FEI UK Limited,2024-07-18
King's Dock Development Phase Two Multidisciplinary Team,307609.4,Atkins Realis UK Limited,2025-02-17
Greenbank Primary - Fire Alarm Upgrade,48451.12,Jamieson Contracting Ltd,2025-06-19
Bookwell Primary School - Boiler Replacement & Heating Works,87083.16,PK emgineering,2025-03-11
Ministry of Justice - Evaluation Pre-requisites: Research into Group Victim Support Interventions,179184.0,National Centre for Social Research,2025-07-10
Children and Young People (CYP) Emotional Wellbeing Support  - AWARD,450000.0,CHUMS CIC,2025-06-17
Mechanical and Electrical refurbishment works - Lathkilldale and Kirtley - AWARD,837052.0,RSProjects,2025-07-11
CEF02-package 4 - Cost estimating support from Benchmark Estimating for FY 25/26 on various current and future RIS projects,700000.0,Benchmark Estimating Limited,2025-06-05
4055/SSA/JS,70000.0,Norwood Group Ltd,2024-03-15
RDE811 - F6a. Passive sampling biota replacement feasibility study (freshwater),50000.0,UK Centre for Ecology & Hydrology (UKCEH),2025-07-07
Wind Tunnel Hire,47462.4,SILSOE SPRAY APPLICATIONS UNIT LIMITED,2025-06-12
Research Tool - UserTesting,255000.0,UserTesting Technolgies Limited,2025-06-30
Van Purchase - Health Sciences,28769.0,BP Rolls (Maxus) Limited,2025-07-11
e-Signatures and e-Sealing for contracts,70912.19,Node 4 Ltd,2025-04-30
LNA - Lower Witham - Designer Construction Support - CDF Lot 1,69161.41,Ove Arup & Partners Limited,2025-07-10
YAS 44 2025_26 (DA FW) Containers Hire,42618.0,ALGECO UK LIMITED,2025-07-07
Civil Parking Enforcement System,59867.76,Chipside Limited,2025-06-25
TEN-2526-017(PCR2015) Gartner Research Services,65000.0,Gartner UK Limited,2025-06-30
PLICS Managed Service,104798.0,Iqvia Technology Services LTD.,2025-07-11
711280452 Electro-Magnetic Detect and Defeat (EMDaD) SME,2750000.0,Teleplan Forsberg Ltd,2025-06-19
Subscription Based Research Services,136450.0,Gartner UK Limited,2025-04-30
WP180 Vehicle Emissions Programme - Lot 2,155486.1,Horiba Mira,2025-07-09
WP180 Vehicle Emissions Programme - Lot 1,299925.0,Mahle Powertrain Ltd,2025-07-08
Gwladys Street Primary Juniors - Phase 2 Heating & Drainage,140941.31,Senate Mech Ltd.,2025-06-06
CA16189 - Stoke on Trent College - Provision of a HR Management System,158635.0,Frontier Software PLC,2025-07-11
Provision of Independent Freedom To Speak Up  Guardian Service,149698.46,The Guardian Service,2025-06-01
"Animal Care Minor Building, Roofing and Refurbishment works  - AWARD",261009.0,Davlyn Construction Ltd,2025-07-11
Car Park Management Services at IWM North - AWARD NOTICE,750000.0,Parkingeye Limited,2025-01-09
RAM Fixed Asset Register software,170000.0,MRI Software Limited,2025-07-10
DDaT25253 - Hardware - Laptops,51179.0,Stone Technologies Ltd,2025-07-01
the Local Government Reorganisation (LGR) and Devolution Consultant,53688.01,Jigsaw Box Consulting Limited,2025-05-29
Bus Shelter Advertising Extension,3000000.0,Bauer Media Outdoor UK Limited,2025-04-01
Provision of taxi services and car hire at the British High Commission - Kigali,27000.0,Kingfisher Tours Limited,2025-05-28
HGV Working Platforms,101475.0,Fire Ladders Limited,2025-07-10
Internal and external decorating Summer 2025 - AWARD,213620.0,Bell Decorating Group Limited,2025-07-11
Cloud-based Revenues and Benefits  and Housing Information Technology Managed Service,0.0,NEC Software Solutions UK Limited,2025-06-25
380_25 Supply of Catalogue Printing Services for ESPO,1200000.0,STERLING PRESS LIMITED,2025-06-24
380_25 Supply of Catalogue Printing Services for ESPO,1200000.0,WALSTEAD ROCHE LIMITED,2025-06-24
380_25 Supply of Catalogue Printing Services for ESPO,1200000.0,WARNERS (MIDLANDS) PLC,2025-06-24
TfL FIRE PROTECTION SYSTEMS - MAINTENANCE SERVICES,60954071.0,Telent Technology Services Limited,2024-08-30
The Weald Community School and 6th Form ~ Catering Tender,3365791.0,abm catering limited,2025-06-13
Badgernet- System C Clinical outcomes,600057.0,System C Healthcare Limited,2025-03-28
Consultancy - HR/Payroll SME,128953.99,Consultancy+,2025-05-20
Provision of HR and other support services to the One Programme,144000.0,Quite Laterally Ltd,2025-05-18
AFRICA HUB_LILONGWE: PROVISION OF AIR CONDITIONING SERVICING AND MAINTENACE AT THE BRITISH HIGH COMMISSION LILONGWENANCE AT THE BRITISH HIGH COMMIS,30754.0,Adunga A & R Engineering,2025-06-24
Consultancy - Workstream lead,195781.51,Consultancy+,2025-05-30
LCC Transport Services - BPB - School Transport - SEND Schools - Taxi - BPB000124 - North,1615815.1,Handsome Cabs Ltd,2025-06-25
LCC Transport Services - BPB - School Transport - SEND Schools - Taxi - BPB000124 - North,1615815.1,Acorn contract and hire ltd,2025-06-25
LCC Transport Services - BPB - School Transport - SEND Schools - Taxi - BPB000124 - North,1615815.1,Scartho Cars,2025-06-25
LCC Transport Services - BPB - School Transport - SEND Schools - Taxi - BPB000124 - North,1615815.1,Central Cars Skegness Ltd,2025-06-25
LCC Transport Services - BPB - School Transport - SEND Schools - Taxi - BPB000124 - North,1615815.1,D&T Taxis LTD,2025-06-25
LCC Transport Services - BPB - School Transport - SEND Schools - Taxi - BPB000124 - North,1615815.1,G-Cars,2025-06-25
LCC Transport Services - BPB - School Transport - SEND Schools - Taxi - BPB000124 - North,1615815.1,S&T Cars,2025-06-25
LCC Transport Services - BPB - School Transport - SEND Schools - Taxi - BPB000124 - North,1615815.1,24x7 Ltd,2025-06-25
LCC Transport Services - BPB - School Transport - SEND Schools - Taxi - BPB000124 - North,1615815.1,WATaxis,2025-06-25
CA14754 - Telecare Monitoring for Karbon Homes,240000.0,CAREIUM UK LIMITED,2025-07-11
Attend Anywhere for MOD,156000.0,Involve Visual Collaboration Ltd,2025-03-21
ITEP0961 - Lumivero @Risk,57571.59,Lumivero UK Limited,2025-06-22
Leisure Centre PSCA RIBA 4 via SCAPE Construction Framework,1510153.0,MORGAN SINDALL CONSTRUCTION & INFRASTRUCTURE LTD,2025-06-27
Security Provision - Broad Marsh,303690.76,Hartnell Taylor Cook LLP,2025-04-30
eConsult for MOD,98000.0,eConsult Health Limited,2025-03-14
Provision of Staff to deliver Training and consultancy work in Maritime Simulators.,240000.0,Castle Marine Consultancy,2025-05-21
Provision of Staff to deliver Training and consultancy work in Maritime Simulators.,240000.0,CM Marine Limited,2025-05-21
CPG/12536/2025 - CAPEX 2025 Land Rover for the British Embassy in Montevideo,65831.2,FCDO SERVICES,2025-05-28
Microsoft Word Co-authoring Support &  Hypercare,34560.0,BROCHET LIMITED,2025-05-12
icrosoft Word Co-authoring Support &  Hypercare,34560.0,BROCHET LIMITED,2025-05-12
UKSBS ServiceNow renewal,910698.12,SoftCat Plc,2025-05-20
CPG/11536/2024 - A/C Maintenance for the British Embassy in Brasilia,124414.0,AFEL Engenharia e Serviços Ltda.,2024-11-18
CPG/11278/2024 - Alarm and monitoring maintenance service for the British Embassy UKBS residences in Brasilia,59655.0,JAPAN ENGENHARIA E TECNOLOGIA LTDA.,2024-10-09
FEW1374 - Service User Participation Service,48000.0,Mosaic 1898 Ltd,2024-06-07
Redbridge Schools cleaning Tender,716985.0,Atlas FM Limited,2025-06-12
Redbridge Schools cleaning Tender,778317.0,Atlas FM Limited,2025-06-12
Redbridge Schools cleaning Tender,1001901.0,Atlas FM Limited,2025-06-12
Redbridge Schools cleaning Tender,397848.0,Atlas FM Limited,2025-06-12
"Advocacy, Missing Return Conversations and Independent Visitors Service on the Isle of Wight",187322.0,barnardo's,2024-01-23
"Edgware Hospital - Healthcare Planning, Construction Consultancy and Ancillary Services.",40000.0,Drees and Sommer UK Limited,2025-05-22
Mini Minds Programme,45000.0,"MIND Havering, Barking & Dagenham",2025-02-21
St Oswalds Integrated Phone System,300000.0,EA-RS Solutions Limited,2025-02-14
Biological Services- Models Cryopreservation of MHRA Breeding Stock,80000.0,Charles River U.K. Limited,2025-06-09
Loughborough Town Phase 3 LBS Tender Round 4 (Route 3/13 & 5A),31968.0,Vectare Limited,2025-05-28
LSF - Lot 2 (DA) - Fair Oak Infant School - Removal and Repair of Log Retaining Wall - AWARD,41336.65,Scandor Landscape Contractors Ltd,2025-06-13
LSF - Lot 2 - Clanfield Junior School - Pool Decommission - AWARD,54335.2,SGC Projects Limited,2025-06-13
"Harborough, Charnwood and NW Leicestershire Phase 3 LBS and DDRT Tender",5303500.0,Arriva Midlands Ltd,2025-05-29
"Harborough, Charnwood and NW Leicestershire Phase 3 LBS and DDRT Tender",5303500.0,Centrebus,2025-05-29
"Harborough, Charnwood and NW Leicestershire Phase 3 LBS and DDRT Tender",5303500.0,LA Travel (Midlands) LTD,2025-05-29
Sterility Testing services,30000.0,Reading Scientific Services Limited,2025-06-06
Language & Interpretation Services,216000.0,DA Languages,2023-10-18
"Homes England - Strategic Research, Evaluation and Economics Framework - Evaluation of Oakgrove scheme",74673.0,SQW Ltd,2025-06-13
Royal Parade Bus Improvement Scheme Construction,4600000.0,Morgan Sindall Construction & Infrastucture Limited,2025-03-31
Energy Bureau Services,226000.0,SMS Energy Services Limited,2025-05-14
Transport Professional Services Framework (2025),120000000.0,Addleshaw Goddard LLP,2025-04-15
Transport Professional Services Framework (2025),120000000.0,AECOM Limited,2025-04-15
Transport Professional Services Framework (2025),120000000.0,Arcadis Consulting (UK) Limited,2025-04-15
Transport Professional Services Framework (2025),120000000.0,Ardent Management Limited,2025-04-15
Transport Professional Services Framework (2025),120000000.0,AtkinsRéalis UK Limited,2025-04-15
Transport Professional Services Framework (2025),120000000.0,Bruton Knowles Limited,2025-04-15
Transport Professional Services Framework (2025),120000000.0,BWB Consulting Limited,2025-04-15
Transport Professional Services Framework (2025),120000000.0,CBRE Limited,2025-04-15
Transport Professional Services Framework (2025),120000000.0,BDRC Continental Limited,2025-04-15
Transport Professional Services Framework (2025),120000000.0,Currie & Brown UK Limited,2025-04-15
Transport Professional Services Framework (2025),120000000.0,DJS Research Ltd,2025-04-15
Transport Professional Services Framework (2025),120000000.0,DLA Piper UK LLP,2025-04-15
Transport Professional Services Framework (2025),120000000.0,Egis UK - Consulting and Engineering Limited,2025-04-15
Transport Professional Services Framework (2025),120000000.0,Ernst & Young LLP,2025-04-15
Transport Professional Services Framework (2025),120000000.0,Gleeds Cost Management Limited,2025-04-15
Transport Professional Services Framework (2025),120000000.0,Grant Thornton UK LLP,2025-04-15
Transport Professional Services Framework (2025),120000000.0,Ipsos Limited,2025-04-15
Transport Professional Services Framework (2025),120000000.0,Jacobs U.K Limited,2025-04-15
Transport Professional Services Framework (2025),120000000.0,Jones Lang LaSalle Ltd,2025-04-15
Transport Professional Services Framework (2025),120000000.0,KPMG LLP,2025-04-15
Transport Professional Services Framework (2025),120000000.0,Lambert Smith Hampton Group Limited,2025-04-15
Transport Professional Services Framework (2025),120000000.0,Mace Consult Limited,2025-04-15
Transport Professional Services Framework (2025),120000000.0,Mott MacDonald Limited,2025-04-15
Transport Professional Services Framework (2025),120000000.0,Nationwide Data Collection Ltd,2025-04-15
Transport Professional Services Framework (2025),120000000.0,Ove Arup & Partners Limited,2025-04-15
Transport Professional Services Framework (2025),120000000.0,Pell Frischmann Consultants Ltd,2025-04-15
Transport Professional Services Framework (2025),120000000.0,Phil Jones Associates Limited,2025-04-15
Transport Professional Services Framework (2025),120000000.0,Pinsent Masons LLP,2025-04-15
Transport Professional Services Framework (2025),120000000.0,Pluswork Limited,2025-04-15
Transport Professional Services Framework (2025),120000000.0,RSK Environment Limited,2025-04-15
Transport Professional Services Framework (2025),120000000.0,Savanta Group Limited,2025-04-15
Transport Professional Services Framework (2025),120000000.0,Citisense Ltd,2025-04-15
Transport Professional Services Framework (2025),120000000.0,Stantec UK Ltd,2025-04-15
Transport Professional Services Framework (2025),120000000.0,Steer Davies & Gleave Ltd,2025-04-15
Transport Professional Services Framework (2025),120000000.0,Tracsis Traffic Data Limited,2025-04-15
Transport Professional Services Framework (2025),120000000.0,Turner & Townsend Infrastructure Limited,2025-04-15
Transport Professional Services Framework (2025),120000000.0,Ward Hadaway LLP,2025-04-15
Transport Professional Services Framework (2025),120000000.0,Weightmans LLP,2025-04-15
Transport Professional Services Framework (2025),120000000.0,Wilde Consultants Ltd,2025-04-15
Transport Professional Services Framework (2025),120000000.0,WSP UK Limited,2025-04-15
Landscaping - General Landscaping (20% VAT),1069983.58,Blakedown Landscapes (SE) Ltd,2024-06-26
EPP0117 Castle Point Borough Council - Hackney Carriage & Private Hire Vehicle MOTs,210530.15,Castle Point Motors Limited,2025-01-04
"Renewable Heating Systems - Servicing, Maintenance, Repairs & Installation",1500000.0,Low Carbon Exchange Limited,2025-05-01
Provision of specialist end to end support for Homes & Money Hub on Tenancy Sustainment & Employment,175000.0,Beam Up Limited,2024-11-26
MWF Lot 5 -  Glenwood School - Re-Roof of Pitched Roof - Phase 2 - AWARD,119248.9,Hampshire Partitioning Contracts Ltd (TA HP Contracts),2025-06-13
Public consultation for a new selective housing licensing scheme in Enfield,46000.0,MEL Research,2025-06-13
Specialist Works Framework - Lot 2 71 Thorpe Lane,5408.5,Allerton Damp-Proofing Limited,2025-05-20
Web Forms,38810.0,Goss Interactive Limited,2025-01-31
CWC24168 - Northwood Park Improvements,334303.32,JP Landscapes & Construction Ltd,2025-05-01
MWF - Lot 2 - Holbrook Primary School - Internal Alterations to RP - AWARD,292978.92,Hampshire Partitioning Contracts Ltd (TA HP Contracts),2025-06-13
Community Development Officers,536424.0,Family Action,2023-01-01
"Specialist Works Framework - Lot 1 11 Laverhills, Liversedge",11485.1,Allerton Damp-proofing Limited,2025-05-01
"Skills Bootcamp - Wave 6, Round 1 - Category 6, Information and Communication Technology (ICT)",1072500.0,Tech Educators,2025-06-13
"Skills Bootcamp - Wave 6, Round 1 - Category 6, Information and Communication Technology (ICT)",1072500.0,Fareport Training Organisation Limited,2025-06-13
"Skills Bootcamp - Wave 6, Round 1 - Category 6, Information and Communication Technology (ICT)",1072500.0,Connexin Limited,2025-06-13
"Skills Bootcamp - Wave 6, Round 1 - Category 6, Information and Communication Technology (ICT)",1072500.0,The Skills Network Limited,2025-06-13
Internal Audit Services,115000.0,H W Controls & Assurance Ltd (trading as Validera),2025-04-16
CISCO Network Equipment Maintenance - AWARD,67448.36,LogicalisUK Limited,2025-05-30
LBBD Occupational Health System,78107.75,Civica UK Limited,2024-12-09
"Specialist Works Framework - Lot 1 32 Crawthorne Crescent, Deighton",18752.07,Allerton Damp-Proofing Limited,2025-05-01
Front Gates - Islington,216424.2,Coniston,2025-06-01
Palo Alto Firewall Maintenance - AWARD,729545.71,Khipu Networks Limited,2025-06-30
Board Management Software,85377.6,Azeus UK Limited,2025-06-13
Southwater Tree Survey (Nov 2024) Identified Works - Tranche 2,22695.0,Oxleas Tree Care Ltd,2025-06-13
Front Gates - Colindale,244702.92,Coniston,2025-06-01
Highways Sponsorship Signage,30000.0,Kingstal Limited,2025-06-13
Internal Audit Services for Gateway Housing,350000.0,KPMG LLP,2025-03-26
Chorley - Construction,16971281.0,The Eric Wright Group,2024-02-19
Front Gates - Charing Cross,371371.52,Coniston,2025-06-01
Foster Care Short Breaks (Staycation) - AWARD,0.0,Barnardo's Central  Region,2025-03-25
SAD/68 - Somerset and Dorset (Bath - Templecombe),7513630.0,Hammond (ECS) Ltd,2025-06-13
Front Gates - Lambeth Lot 2,267312.09,Axis Europe,2025-06-02
Canine Currency Detection Research,149830.0,Bournemouth University,2025-05-14
LPS CAS - Cleaning Services at Ribblesdale School (Secondary Provision) - LCC37488,970772.5,Orian Solutions Limited,2025-04-01
Fire Door Surveys - Trustwide,212200.0,Instalrite Design Ltd,2025-06-11
Windows 11 Laptops for 2025/26,945280.0,XMA Limited,2025-06-09
Gates - Lambeth HQ - Lot 1,249253.5,Axis Europe,2025-06-06
RDE520 Life cycle assessment (LCA) of bovine tuberculosis on greenhouse gas emis,105524.6,SRUC,2025-06-10
CLOSED BRANCH LINES MINOR WORKS - HRE - Helston - Gwinear Road - Lowertown Bridge - HEL 8m 18ch,1048750.0,Hammond (ECS) Ltd,2025-06-13
NHS Login Transform 2,16250000.0,HIPPO DIGITAL LIMITED,2025-06-06
5 Year Lease of a Man TGE 3 Van,44797.8,LEX AUTOLEASE LIMITED,2025-05-12
Wessex Public Health Specialty Training- MSc in Public Health,291000.0,UNIVERSITY OF SOUTHAMPTON,2024-10-23
External Financial Advisory Support for Existing Nuclear Projects,1000000.0,PA Consulting Group Limited,2025-06-10
Heating and Plumbing Materials,200000.0,TURNBULL AND COMPANY LIMITED,2025-06-09
Renewal of Public Services Network (PSN) Domain Name Server (DNS) for FCDO,24670.78,CNS Security,2025-01-16
FEW1481 - SENDIASS and Choice Advice Service,46000.0,School Development Support Agency Ltd,2024-12-23
"QLT019 2025-06-12 (0900) Easton, Norwich to Sunrise Academy, Lowestoft (4 seated vehicle) - AWARD",2895.6,SPRY Management,2025-06-13
THRE0044 - Business Case Study,300000.0,Mace Consult Limited,2024-09-02
Managed Service Provider (MSP) Staffing,30000000.0,ADECCO UK LIMITED,2025-05-06
Research and Creative Brief: Waste Management and Recycling in Liverpool,59540.0,Influential Agency Limited,2025-06-13
CA14964 - CCSW - POS Tills Systems - ITT,52115.0,Haven Systems Ltd,2025-06-13
Water Treatment Plant,125639.03,Proeconomy Limited,2025-05-26
CA15375 - The Howard Academy Trust Invitation to Tender for Network Infrastructure Replacement at Hurstmere School and Expansion/Enhancement of Wi-Fi Infrastructure at The Howard School,540221.47,Tel Group Ltd,2025-06-13
Homes England - UKREiiF 2024 UKREiiF Pavillion Partnership Fee (Direct award),15000.0,Shared Business Services Ltd (Cabinet Office),2024-05-17
AT1380 Call monitoring Service  for Dispersed Digital Alarms and Sheltered Housing Schemes,329940.0,Careium UK Ltd,2025-06-10
HCT - Hertfordshire and West Essex Collaborative Bank,350000.0,NHS PROFESSIONALS LIMITED,2025-03-28
Contract for Provision of MODICM Study Support KCL,35408.67,KING'S COLLEGE LONDON BUSINESS LIMITED,2025-06-04
Call Off Contract for an Email Communications Platform,75650.0,Forfront Ltd,2025-06-11
Cornwall Badger Vaccination Pilot,1370231.07,NFU,2025-06-06
US_24153b - Patents and Other IP Rights Renewal Platform,95.0,Wellspring EMEA Ltd,2025-06-13
"Skills Bootcamp - Wave 6, Round 1 - Category 5, Construction, Planning and the Built Environment",424500.0,Wise Training Streetworks & Construction LTD,2025-06-13
713225450 - CARP Testing and Exercising,922988.0,Deloitte LLP,2025-06-11
PAHT - Hertfordshire and West Essex Collaborative Bank,2100000.0,NHS PROFESSIONALS LIMITED,2025-03-28
Contract Award Notice Detection Maintenance and Consumables 2024 Extension (December),89524.0,Rapiscan Systems Ltd,2025-05-22
36132 HINCKLEY HOUSE SCHOOL,83616.0,ASA TRANSPORT,2025-06-13
THRE02-B07 Technical Advisors to support the Rail Contract Projects,41400.0,Ove Arup & Partners Ltd,2025-06-06
GB-Liverpool: LW123 Carbon Management Support,30000.0,Carbon Green Ltd,2025-06-12
"Ages of Invention Gallery  Lead Designer, Architect,  Exhibition Designer - AWARD",370475.0,Lawson Ward Studio,2025-06-05
Provision of Air Conditioning Services and Maintenance for Residential Accomodation at British High Commission Dar es Salaam,43852.0,Centurion Company Limited,2024-07-25
WebV Application Support,117840.0,INSIGHT DIRECT (UK) LTD,2025-03-28
JFrog Enterprise Edition Renewal 2025,38476.17,Trustmarque Solutions Limited,2025-05-13
Contract for the Provision of Population Health Algorithmic Digital Solution 25-27,333333.0,Johns Hopkins Healthcare LLC,2025-02-25
ESC048/2025 Middlesbrough Programmed Footway Works 2024/2025,70000.0,Tarmac Trading Limited,2025-05-14
MBC000542 Fleet Workshop Management IT System,134758.8,Chevin Fleet Solutions,2025-04-01
"Supply of Training, Learning and Development Solutions",1.0,KPMG LLP,2025-05-12
"Supply of Training, Learning and Development Solutions",1.0,The University of Kent,2025-05-12
"Supply of Training, Learning and Development Solutions",1.0,Premier People Solutions Ltd T/A Premier Partnership,2025-05-12
"Supply of Training, Learning and Development Solutions",1.0,BIP Group,2025-05-12
"Supply of Training, Learning and Development Solutions",1.0,Reed Learning Ltd,2025-05-12
"Supply of Training, Learning and Development Solutions",1.0,Open eLMS Ltd,2025-05-12
"Supply of Training, Learning and Development Solutions",1.0,Acceler8 Global Ltd,2025-05-12
"Supply of Training, Learning and Development Solutions",1.0,Real Group Ltd,2025-05-12
"Supply of Training, Learning and Development Solutions",1.0,Optima Training and  Consultancy,2025-05-12
"Supply of Training, Learning and Development Solutions",1.0,Focus Games Ltd T/A Focus,2025-05-12
"Supply of Training, Learning and Development Solutions",1.0,Institute of Directors,2025-05-12
"Supply of Training, Learning and Development Solutions",1.0,The Human Edge Group Ltd,2025-05-12
"Supply of Training, Learning and Development Solutions",1.0,Astutis Ltd,2025-05-12
"Supply of Training, Learning and Development Solutions",1.0,Me Learning Ltd,2025-05-12
Supply Biomass Woodchip- SLHD,150000.0,Amp Clean Energy,2023-06-23
Supply and Fitting of Graphics/Liveries to the Councils Fleet,360000.0,Beacon Signs Limited,2025-03-25
Semi-Comprehensive Maintenance Programme for Fire Alarm Systems in FCDO Offices and Expat Residences in India and Nepal,375001.0,Pushkar and Co LLP,2025-03-14
"The Provision of Leisure Services at Sevenoaks Leisure Centre, Edenbridge Leisure Centre and Lullingstone Park Golf Course",2036000.0,Sports & Leisure Management Ltd,2025-05-06
Replacement of boilers at Mill Court and Davie Court - Kent Schemes,267715.8,CLAIRGLOW HEATING LIMITED,2025-05-06
Tree survey programme,31448.76,GLENDALE COUNTRYSIDE LIMITED,2024-12-18
200 Monday Pro Seats,40800.0,The Saasy People Ltd,2025-04-14
MWF Lot 2 DA - Haven Childrens Centre - Emergency Lighting Upgrade - AWARD,24197.47,Rigfone Electrics Ltd,2025-05-14
THM - AOMR Lot 1 - Temple Footbridge Centre Span Removal,176119.37,Jackson Civil Engineering Limited,2025-05-07
MOPAC: Understanding and Tackling Adult-Child to Parent Violence and Abuse 2024 (MOPAC 988),75667.0,Equality Collabs Ltd,2024-06-11
Provision of Software Licences,464645.0,SOFTCAT PLC,2025-01-29
Provision of Technology Services,51484.5,SOFTCAT PLC,2025-01-15
MOPAC: Prison Violence Reduction Interventions (Phase 2),2025000.0,CATCH22 CHARITY LIMITED,2024-12-10
MOPAC: Prison Violence Reduction Interventions (Phase 2),2025000.0,BELONG: Making Justice Happen,2024-12-10
Commercial Water Contract,1132000.0,ANGLIAN WATER BUSINESS (NATIONAL) LIMITED,2025-01-14
Information Management Framework and Data Analytics Platform,50000.0,Circyl Limited,2025-03-25
"Complex Project Works, Major Voids, Major / Long-term Decants, Insurance Works, and Equipment & Adaptations for London, Kent, Sussex, Hampshire",780000.0,CORIN DUDLEY ELECTRICAL SERVICES LIMITED,2025-04-23
"Complex Project Works, Major Voids, Major / Long-term Decants, Insurance Works, and Equipment & Adaptations for London, Kent, and Sussex.",360533.33,AOCS PROPERTY MAINTENANCE LTD,2025-02-25
"Complex Project Works, Major Voids, Major / Long-term Decants, Insurance Works, and Equipment & Adaptations for London, Kent, Sussex, Hampshire",832000.0,CANDUNS BUILDING COMPANY LIMITED,2025-02-19
"GB-Camberley: Supply and Installation of Lighting at Main Square Car Park, Camberley",6022.0,The Big Green Electrical Company,2025-03-03
"Complex Project Works, Major Voids, Major / Long-term Decants, Insurance Works, and Equipment & Adaptations for London",748800.0,MONOLITH CONSTRUCTION LTD,2025-03-03
Tranman,64181.0,Civica UK limited,2025-03-25
MESMAC - Fast-Track Cities Community Grants,10000.0,Yorkshire MESMAC,2025-05-14
CST025-088 Provision of Apprenticeship (Payroll Administrator Level 3),30000.0,MBKB Training and Development,2025-05-14
"Bransholme Library Mechanical Plantroom Refurbishment Works at Goodhart Rd, Hull HU7 4EF",62568.0,F R SCOTT LTD,2022-05-12
HRE - CLOSED BRANCH LINES MINOR WORKS - BUI/37 Quinny Brook 10' culvert at Marshbrook - Scour coring works.,15593.1,Amco,2025-05-14
"Complex Project Works, Major Voids, Major / Long-term Decants, Insurance Works, and Equipment & Adaptations for Sussex",360533.33,Chas Berger Limited,2025-03-12
3 year Lease of Renault Kangoo,19239.84,Lex autolease Limited,2025-04-02
HMLR701120 - SCS Recruitment - Product and Service Design.,20495.0,Global Resourcing Ltd,2025-05-07
Data Management Consultancy and Software,192000.0,Experian Limited,2025-03-30
EXTENSION YAS 10 2022_23 Provision of Clinical & Domestic Waste,805312.8,MITIE WASTE & ENVIRONMENTAL SERVICES LIMITED,2025-05-14
Salary Sacrifice Additional Voluntary Contributions,0.0,AVC Wise Limited,2025-04-02
NC760 Window and High Level Cleaning,300000.0,Antac Support Services Ltd,2025-05-12
HMLR701104 - Legal Advice Service,20000.0,Ward Hadaway LLP,2025-05-01
HMLR701096 - SCS Recruitment - Product and Service Design.,20495.0,Global Resourcing Ltd,2025-05-07
LGR Consultancy Services,140000.0,PricewaterhouseCoopers,2025-02-28
DN770236-Fire Safety - Active & Passive - BBC,7200000.0,Hugh LS McConnell Limited,2025-03-31
Provision of Cisco Compute and Network Hardware (Enterprise),3673388.05,Softcat PLC,2025-02-14
HMLR701096 - SCS Recruitment (Full Search) - Customer Services and Legal Services,55000.0,Gatenbysanderson Limited,2025-05-02
Temporary Agency Resources - Comensura,20000000.0,Comensura Limited,2025-03-28
Provision of Cisco Compute and Network Hardware (RTGS),6390149.68,Softcat PLC,2025-01-16
Provision of GIS Software System,173559.0,ESRI (UK) Limited,2025-03-31
Procurement & Contract Management Software,220778.0,Atamis Limited,2025-04-01
ITT for project 10154260,7975.0,STARMED CONSULT LIMITED,2025-05-13
YAS 49 2025_26 Hull Demolition & Strip Out Works,84522.6,UDCS Ltd,2025-05-14
SKDC Supply of Plastic Wheeled Bins (2 Wheeled),300000.0,(2)	IPL Plastics (UK) Ltd,2025-04-11
Datacentre Software Licences and Support,6390149.68,Softcat PLC,2025-01-16
"ITT for Project 600656, 600655, 600654, 600652",29600.0,MAPLETONAV LTD,2025-05-12
PDF Framework - M6 J21a - 26 L2 & 3 - 616513,2384755.87,Tarmac Trading Ltd,2025-05-14
The provision of a Road Map for achieving a Net Zero Carbon Borough in Basingstoke and Deane,57350.0,THE CARBON TRUST,2024-09-13
HO Second Further Extension SSCL/BPO,43485000.0,SHARED SERVICES CONNECTED LTD (SSCL),2025-04-24
Lot 11-211 A1077 Barton Interchange Carriageway Resurfacing,144689.3,E C Surfacing Ltd,2025-03-21
Lease of x3 Nissan Primaster Tekna l2 H1 Crew cabs,117021.6,Athlon Mobility services Uk Limited,2025-05-12
CPU 7114- 29 - 31 NGY Castle Gate Refurbishment. Call off from [Scape] (Regional Construction Framework) Scape Regional Construction Framework 2022-2026 North East  Lot 3 £0 to £7.5m,596497.77,GF Tomlinson Building Limited,2025-04-07
PLACE762ET Adult Care Transport A01192/CH25,32760.0,Watchorn Taxis,2025-04-23
GMCA 1192 Northern Gateway Strategic Advisor,148062.45,KPMG LLP,2024-08-14
Central Contract for Specialist Recruitment,200000.0,Starfish Search Limited,2025-04-28
Endoscopy Track and Trace,41770.5,Aexis Medical BV,2025-04-23
ITT for Project 600673,10200.0,ZEC CONSULTANCY LTD,2025-05-12
Property Compliance Software,39600.0,Voicescape Limited,2025-03-28
"ITT for Project 600645, 600641",17160.0,MAYFLOWER INNOVATION LIMITED,2025-05-12
ITT for project 10151217,5300.0,STARMED CONSULT LIMITED,2025-05-07
MWF Lot 1 Fareham Day Services Horticultural Unit - External Works  - AWARD,21606.0,Tew Brothers Ltd,2025-05-14
Lot 9 - 080 B1218 Brigg Road Junction with Bonby Lane VRS Repairs,8304.0,PBS Construction (North East) Ltd,2025-03-10
Business Travel (via SUPC Framework Agreement),12000000.0,Diversity Travel Limited,2025-05-14
"ITT for Project 600644, 600642",16000.0,MAPLETONAV LTD,2025-05-09
"ITT for project 10150448, 10148137, 10150104, 10149027, 10150547",26800.0,Joss Newberry,2025-05-07
Customer Engagement Software,411306.0,Voicescape Limited,2025-03-28
SKDC Upgrade to Adelante SmartPay 6 - Income Management and Cash Receipting,124649.49,Adelante Software Ltd,2025-04-21
"ITT for Project 600648, 600647",15200.0,SANDHILLS MANAGEMENT CONSULTANCY LIMITED,2025-05-09
ITT for project 10150169,4700.0,Joss Newberry,2025-05-07
ITT for project 10150344,5300.0,Joss Newberry,2025-05-06
MWF - Lot 7 - Wolverdene Special School - Emergency Lighting Upgrade - AWARD,21822.52,GREEN BUILDING MAINTENANCE LIMITED,2025-05-14
TC040- Surfacing of Carriageways and Footways Framework,48000000.0,J. Hopkins (Contractors) Limited,2025-05-13
TC040- Surfacing of Carriageways and Footways Framework,48000000.0,Mulitpave (NW) Limited,2025-05-13
TC040- Surfacing of Carriageways and Footways Framework,48000000.0,Tarmac Trading Limited,2025-05-13
ITT for Project 600668,8600.0,KESTON TECHNOLOGIES LTD,2025-05-12
ITT for project 10150158,4450.0,Carroll Pharma Consulting,2025-05-08
(AWARD NOTICE) National CPD/Workforce Education Framework (Non Apprenticeship),250000000.0,Suppliers as listed on attached Excel document,2024-08-01
Gym Equipment Refurbishment,288535.76,SERVICE SPORT (UK) LIMITED,2025-03-31
CWC24014B - Westacres and Christchurch C of E Primary School - Modular Buildings Purchase,1002511.0,Windward Ltd t/a Cotaplan,2025-05-13
"ITT for Project 600669, 600666",12400.0,Joss Newberry,2025-05-12
"Lot 2-056 Scunthorpe, Messingham Rd,Angerstein Rd, Rochdale Rd Pedestrian Count",745.0,Watermans Infrastructure & Environment Ltd,2025-05-06
Nursing Agency Provision,999000.0,YOUR WORLD NURSING LIMITED,2025-05-01
HVO Fuel,290000.0,WP Group Limited,2024-03-01
Future Sheffield Transformation Programme SoW 2025-001,1404000.0,PricewaterhouseCoopers LLP (PwC),2025-05-13
GB-Sheffield: Adaptive Planning Consultancy and Support,72500.0,Focal Solutions Consulting Ltd,2025-03-10
CA15849 - Dixons Academies Trust - Legal Services,100000.0,Hill Dickinson LLP,2025-05-14
"(AWARD, Opportunity now closed) S10353 Apprenticeships Training & End Point Framework, Final Opening Feb 25",500000000.0,Suppliers as listed on attached Excel document,2025-03-31
Modular Building - Neuro-physiotherapy Outpatient Department contract,983903.06,Actiform,2025-03-26
Cyber Insurance Services - Competitive Quotation below threshold,36500.0,HOWDEN UK BROKERS LIMITED,2025-03-31
Solar Panel Installations,0.0,Smart Electronic Technologies LTD T/A Energy Efficent Soloutions,2025-05-14
WNC Mystery Traveller Consultancy Service,26410.4,SYSTRA Ltd,2025-05-12
"Lot 2 - 054 Haxey, Blackmoor Bridge",22950.0,Watermans Infrastructure & Environment Ltd,2025-04-16
"ITT for projects 10149731, 10151558",9880.0,KLCE CONSULTING LTD.,2025-03-18
Award of Drug and Alcohol Related Death Management System,29400.0,JMU SERVICES LIMITED,2025-04-14
ITT for projects 10150786,4500.0,BEOBACHT LIMITED,2025-03-18
ITT for project 10150250,2750.0,BEOBACHT LIMITED,2025-03-14
"ITT for projects 10151457, 10151049",8800.0,BEOBACHT LIMITED,2025-03-18
ITT for project 10148988,4355.0,Charles Simpson,2025-03-18
"ITT for projects 10150717,10150745,10151779",13410.0,Charles Simpson,2025-03-18
"ITT for projects 10150592, 10149001, 10148625",13200.0,PROMAR INTERNATIONAL LIMITED,2025-03-17
AWS Translate Services,60000.0,Kainos Software Limited,2025-01-25
Healthy ageing service for Teignbridge.,72000.0,TEIGNBRIDGE COMMUNITY AND VOLUNTARY SERVICES,2025-02-27
Parking Enforcement and Permit System,45098.15,Sagoss Limited,2024-09-03
Review of MRP policy and compliance with IFRS16,33750.0,Arlingclose,2025-03-21
P4104103 Legal Advisers for the Future Borders Policy Team,45000.0,DLA Piper UK LLP,2025-04-14
Distribution of Garden Waste Bins,89400.0,Kee Environmental,2024-12-03
850 Bus Service - Sunday Service,40000.0,Carousel,2025-01-14
Marine Recorder Online Support & Hosting - 2025 onwards,107956.09,Ocean Ecology Limited,2025-03-26
Send Resource Allocation Tool,97982.0,Imosphere Ltd,2025-03-19
Contract hire of 22 x Food Waste Recycling Kerb loader Vehicles,7929952.8,NRG Riverside Ltd,2024-12-19
North Northamptonshire Council- Technical Lead Consultant,174200.0,NEW NETWORKS LIMITED,2024-08-19
Contract Hire of a Commercial Food Waste Vehicle,190000.0,NRG RIVERSIDE LIMITED,2025-02-03
TEST - DO NOT RESPOND - CFOR APR 2025 copy,1234567.0,BiP Solutions Ltd,2025-04-08
948 GM Leadership Development Programme,140000.0,Green Park Interim and Executive Ltd.,2024-09-30
Purchase of a Commercial Food Waste Vehicle,190000.0,NRG RIVERSIDE LIMITED,2025-02-03
850 Bus Service - Evening Journeys,50000.0,Carousel Buses Limited,2025-01-15
Great Yarmouth Borough Council - Purchase of 1 x T5.110 Electro Command Tractor &  1 x T4.75 New Holland Tractor,138645.0,ERNEST DOE & SONS LIMITED,2025-03-18
Rowstock Area Transport Study,69790.37,Systra Ltd,2025-03-19
Flight Punctuality Data Provision Contract Award Notice,14600.0,The Lab Corporations,2025-03-20
Robotic Process Automation,68947.0,Softcat Plc,2025-04-01
Level 4 Counter Fraud Investigations Apprenticeship - ST10747,4125000.0,Intelligencia Training Limited,2025-03-13
Great Yarmouth Borough Council - Purchase of Ford Transit 350 L2's,211257.41,Lookers Motor Group Ltd,2025-03-18
PLACE758ET Adult Care Transport A01189/HP25,197064.0,Bakewell and Eyam Community Transport,2025-04-02
Purchase of 1 x Peugeot van for HVE Department,25579.8,SIMON BAILES LIMITED,2025-02-24
Provision of Cybersecurity,238294.56,Phoenix Software Ltd,2023-02-28
Landscaping for The Observatory and EDC Owned Sites,150000.0,Fryer Cleaning and Maintenance Ltd,2025-03-14
Jira and Confluence Licences,808744.79,VALIANTYS LIMITED,2025-02-24
Supply of Electricity,1310000.0,EDF Energy Customers Limited,2025-03-28
CA15682 - MAINT6580 - RFL - Brevera biopsy system BVB00104 for the period 19.3.25 - 30.9.27. maintenance contract,10177.99,Hologic Ltd.,2025-04-14
Provision of Political Monitoring Services (NP 251) [PCR 2015] - AWARD,37500.0,Dods Group Limited,2025-04-10
Provision of Legal Services to DESNZ for GBE and other Arm's Length Bodies 2025 - 2027,2000000.0,Sharpe Pritchard LLP,2025-04-01
CA15131 - Callywith College; Student Transport Services Tender,486308.49,STAGECOACH DEVON LIMITED,2025-04-14
712885451_Data Quality Management Servies,495000.0,Hippo Digital Limited,2025-01-01
New Berwick Hospital Catering Equipment,32636.56,Burlodge Limited,2025-03-18
Acton PS Wall Repair,229347.9,Axis Europe PLC,2025-04-08
Image Viewer Future Enhancement and Service Support,1500000.0,Softcat Plc,2025-03-24
HBC 1124 Refurbishment of Splash Park at KGRG Bushey - AWARD,325000.0,Kingcome Stonbury Limited t/a The Splash,2025-02-17
Provision of Insurance Coverage for the North Devon District Council,2207855.0,Protector Insurance UK Ltd,2025-03-31
New Berwick Hospital Sackholders and Box Bins,32552.56,Wybone Limited,2025-02-04
BD606DT Chipping Campden to Cheltenham,2626998.8,Pulham & Sons Coaches Ltd,2025-04-14
P4104017 - Legal Advisers for the STARThree Framework,200000.0,Sharpe Pritchard LLP,2025-04-14
Ecological surveys,60000.0,Rsk Environment Limited,2025-04-08
"Installation of footpaths at Allum Lane Cemetery, Elstree - AWARD",18418.59,Abacus Playgrounds Limited,2025-03-27
SUPPLY OF SHORT COURSES THAT ARE FUNDED THROUGH ADULT SKILLS FUND TO LEARNERS WITH DEVON AND TORBAY RESIDENTIAL POSTCODES.,141664.0,Learning Curve Group Limited,2025-04-01
SUPPLY OF SHORT COURSES THAT ARE FUNDED THROUGH ADULT SKILLS FUND TO LEARNERS WITH DEVON AND TORBAY RESIDENTIAL POSTCODES.,84000.0,Skills Network,2025-04-01
New Berwick Hospital Patient Trolleys,61544.0,Anetic Aid Limited,2025-03-19
Utilities Bureau and Software Platform - AWARD,0.0,SMS Energy Services Limited,2025-04-14
"PLAY AREA SURFACING REPLACEMENT AT POTTERSWOOD PARK AND BROOK MEADOW, BOREHAMWOOD - AWARD",77000.0,Abacus Playgrounds Limited,2025-04-01
New Berwick Hospital - Gym Equipment,41302.88,Technogym U.K. Limited,2025-04-01
ED0342-24 - Arcot Park - Heating and Fabric Upgrades,240978.92,Bagwells Ltd,2025-04-14
Specialist Works Framework - Lot 1 St John Parade,31502.25,Allerton Damp-Proofing Limited,2025-02-24
Employee Benefits Portal Access,51940.0,EDENRED (EMPLOYEE BENEFITS) LIMITED,2022-01-04
NNC - Treatment & Disposal of Residual Waste and Operation and Management of Household Waste Recycling Centres,255000000.0,Biffa Waste Services Ltd,2025-03-31
NNC - Treatment & Disposal of Residual Waste and Operation and Management of Household Waste Recycling Centres,255000000.0,HW Martin Waste Ltd,2025-03-31
Breakfast Clubs - Awarded Contract,23600000.0,Family Action,2021-06-23
Appointment of an Occupational Health Provider,270000.0,Health Partners Group Limited,2025-04-03
IfATE Member Portal - OnBoard License (Extension),31705.8,Passageways (UK) Ltd,2025-01-08
G-Cloud 14 (Lot 3: Cloud Support) - Hyperion Technical Services,931708.4,Parico Limited,2025-03-30
"New Berwick Hospital - Patient examination couches, plinths and chairs",34750.06,Medi-Plinth Equipment Limited,2025-04-10
3360.197 Bus Feasibility Study,22950.0,Integrated Transport Planning,2025-04-14
NE - CSF-CCS Core Services Phase 2 - T&T (Core),361000.0,Turner & Townsend Project Management Limited,2025-04-01
Specialist Works Framework - Lot 1 Firthcliffe Road,28323.9,Allerton Damp-Proofing Limited,2025-02-24
Provision of Security Guarding Services at British High Commission Victoria,135000.0,Pilgrims Security Ltd,2025-02-28
714501451,931708.4,Parico Limited,2025-03-30
Construction Project Management and associated services,6000000.0,Perfect Circle JV Ltd,2025-02-11
21034 Social and Education Transport Service - DPS Call off awards (quarterly),500000.0,AMBU KARE STEVENAGE LIMITED,2024-07-01
New Berwick Hospital - Dental Chairs,41000.0,Henry Schein UK Holdings Limited,2025-03-18
Specialist Works Framework - Lot 1 Windsor Walk,6752.0,Allerton Damp-Proofing Limited,2025-03-19
Community Engagement Software,119285.0,VISAV Limited,2025-03-04
"AWE005 0900 2025-04-14 Leiston to Potsford Farm, Wickham Market Road Letheringham Suffolk IP13 0NB (4-seater vehicle required) - AWARD",9085.44,A R Cars ltd,2025-04-14
Cash In Transit - Premises collection and Parking Machines,99000.0,RMS Cash Solutions Ltd trading as Pivotal,2025-04-08
Electoral Management Software,56448.0,Civica UK Limited,2025-04-01
Berwick Community Hospital Office Furniture,46357.35,dams furniture,2025-03-13
Provision of First Response Vehicles,6422323.0,Angloco Limited,2025-04-03
Refurbishment of Play Area,41931.71,Kompan Limited,2025-04-09
1068 Capital WIFI Infrastructure Upgrade BHNFT,233327.75,CAE Technology Services Ltd,2025-03-26
Berwick Community Hospital - Hospital Furniture 1,80000.0,H Jenkinson & Company Limited,2025-03-18
GSCIP Datasets: Lot 1 Generalist Company and Supply Level Data - S&P,840000.0,S&P Global Limited,2025-04-14
Shoulders (Orthopaedics) -Stryker,2834688.0,Stryker UK Limited,2025-03-07
Waste Management Software,129760.0,Bartec Municipal Technologies,2025-03-18
"Hip, Knee, Arthroscopy Packs - Kimal",88438.0,Kimal plc,2025-03-11
