Contract_Title,Contract_Value,Supplier_Name,Award_Date,matched_sponsor,Town/City,Route
Call-Off Contract for the provision of Adobe ETLA,412736.0,BYTES SOFTWARE SERVICES LTD,2026-08-02,BYTES SOFTWARE SERVICES LIMITED,Leatherhead,Global Business Mobility: Senior or Specialist Worker / Skilled Worker
CA16198 - Interpreting and Translation Services,196497.12,D A LANGUAGES LTD,2026-03-10,D A LANGUAGES LTD,Stretford,Skilled Worker
700 - Provision of a Document Management System,225000.0,NEC SOFTWARE SOLUTIONS LTD,2026-03-10,NEC SOFTWARE SOLUTIONS UK LTD,Hemel Hempstead,Skilled Worker
Design Services for Warrington Fire Station Modernisation Project under Scape/Perfect Circle - CPA/SPU/2696F - AWARD,383247.11,PERFECT CIRCLE JV LIMITED,2026-03-10,CIRCLE,London,Skilled Worker
CA16991 - ITT 27/2025 - ICT Appointment for Castlewellan FP Tree Tops Access Linkages,41094.0,DORAN CONSULTING,2026-03-10,DORAN CONSULTING LIMITED,Belfast,Skilled Worker
GRH Mortuary Fridges,203665.31,CONSTELLIA LIMITED,2026-03-10,CONSTELLIA,Nottingham,Skilled Worker
Biplane endo transducer,15750.0,GE MEDICAL SYSTEMS LIMITED,2026-03-10,GE MEDICAL SYSTEMS LIMITED,Chalfont St. Giles,Global Business Mobility: Senior or Specialist Worker / Skilled Worker
"CA16681 - RFQ2025/35 - NMANDD PEACEPLUS Local Action Plan Cultural Programme - ""Disability and Creativity Festival"" for the Newry, Mourne and Down District Council area.",18925.0,MAYWE EVENTS LIMITED,2026-03-10,G-EVENTS LIMITED,Wembley,Skilled Worker
CBC-1911-Q-RM Chalkhill Gateway Window Installation - AWARD,0.0,MODPLAN BUILDING & REFURBISHMENT CONTRACTORS LTD,2026-03-10,JJ BUILDING CONTRACTORS LTD,Hornchurch,Skilled Worker
Cardiology Ultrasound Scanners for ECG & CDC,312219.0,GE MEDICAL SYSTEMS LIMITED (GE HEALTHCARE),2026-03-09,GE MEDICAL SYSTEMS LIMITED,Chalfont St. Giles,Global Business Mobility: Senior or Specialist Worker / Skilled Worker
NCC1646 BEST Digital and Data Partner,690350.0,OPENCAST SOFTWARE EUROPE LTD,2026-03-09,OPENCAST SOFTWARE EUROPE LIMITED,Newcastle-Upon-Tyne,Skilled Worker
Legal fees relating to ES-CLOUD_UK,40000.0,EVERSHEDS SUTHERLAND (INTERNATIONAL) LLP,2026-03-09,EVERSHEDS SUTHERLAND (INTERNATIONAL) LLP,Birmingham,Global Business Mobility: Graduate Trainee / Global Business Mobility: Senior or Specialist Worker / Skilled Worker
GB-St. Helens: Contract Award Notice - Tenant Portal and Mobile Application,171904.0,PLENTIFIC LTD,2026-03-06,PLENTIFIC,London,Scale-up / Skilled Worker
NHS Adobe Licensing Renewal 2026,1029083.85,BYTES SOFTWARE SERVICES LIMITED,2026-03-06,BYTES SOFTWARE SERVICES LIMITED,Leatherhead,Global Business Mobility: Senior or Specialist Worker / Skilled Worker
PSR005 - 0-19 Services: Healthy Child Programme,13864000.0,"WRIGHTINGTON, WIGAN AND LEIGH NHS TRUST",2026-03-05,WRIGHTINGTON WIGAN AND LEIGH TEACHING HOSPITAL NHS FOUNDATION TRUST,Wigan,Skilled Worker
Oracle Licencing,304619.0,ORACLE CORPORATION UK LIMITED,2026-03-04,ORACLE CORPORATION UK LIMITED,Reading,Global Business Mobility: Senior or Specialist Worker / Skilled Worker
Executive Recruitment,25200.0,GREEN PARK INTERIM & EXECUTIVE LTD.,2026-03-02,GREEN PARK INTERIM & EXECUTIVE LTD,Victoria,Skilled Worker
DDaT26067 - Hardware & Installation. Licences. Management Networks.,1161505.65,INSIGHT DIRECT (UK) LTD,2026-02-27,INSIGHT DIRECT (UK) LTD,Sheffield,Global Business Mobility: Senior or Specialist Worker / Skilled Worker
Night Security/Patrols for Car Park [GBC] - AWARD,979245.0,MADIGANGILL RESOURCE LIMITED,2026-02-26,RESOURCE LIMITED,Cardiff,Skilled Worker
DDaT25499 - HR Establishment Control List Project,356400.0,ORGVUE LIMITED,2026-02-25,ORGVUE LIMITED,London,Global Business Mobility: Senior or Specialist Worker / Skilled Worker
"Wildmore Public Open Space, Whittington, Worcester - Footpath Reconstruction",31878.4,COTTRILL CIVIL ENGINEERING CONTRACTORS LIMITED,2026-02-17,HL ENGINEERING CONTRACTORS LIMITED,Scunthorpe,Skilled Worker
Master Gov,111744.0,DEF SOFTWARE LIMITED,2026-02-12,DEXT SOFTWARE LIMITED,London,Global Business Mobility: Senior or Specialist Worker / Skilled Worker
20417 - Stretton Hall - SOC Support,40000.0,CBRE,2026-02-12,CBRE LIMITED,London,Global Business Mobility: Senior or Specialist Worker / Skilled Worker
Purchase of 41 Vehicles for West Sussex Fire & Rescue Service,1618915.33,VOLVO CAR UK LIMITED,2026-02-11,VOLVO CAR UK,Maidenhead,Global Business Mobility: Graduate Trainee / Global Business Mobility: Senior or Specialist Worker / Skilled Worker
Justice Video Services,121800000.0,VODAFONE LTD,2026-02-09,RED TELECOM LTD T/A VODAFONE LTD,Newark,Skilled Worker
"Installation Services, Small Works and Reactive Call Outs",112110.0,RICKARD INTERIORS LIMITED,2026-02-06,A INTERIORS LIMITED,London,Skilled Worker
"QSB436 0900 2026-02-06 Wetheringsett manor school, Wetheringsett-Cum-Brockford (4-seated vehicle and a PA required) - AWARD",63401.1,UNIVERSAL CABS LTD,2026-02-06,UNIVERSAL CABS LTD,Ipswich,Skilled Worker
PROVISION OF DIGITAL ANDROID BATTERY A-BOARDS - AWARD,0.0,AVOIRA LIMITED,2026-02-06,AVOIRA LIMITED,Bury,Skilled Worker
CA16699 - CPC/LO/02/2023: Refurbishment of 3G sports pitch,189926.0,BLAKEDOWN SPORT & PLAY LIMITED,2026-02-06,M-SPORT LIMITED,Cockermouth,Skilled Worker
Pre-paid Card Service,80000.0,ALLPAY LIMITED,2026-02-06,ALLPAY LIMITED,Hereford,Skilled Worker
Cowcliffe Play Area,43421.3,LANDSCAPE ENGINEERING LTD.,2026-02-06,LANDSCOPE ENGINEERING LTD,Picklescott,Skilled Worker
CA16421 - CA11274: Estates and Facilities Professional Services & Consultancy Agreement Dynamic Purchasing System (DPS),400000.0,INGLETON WOOD,2026-02-06,INGLETON WOOD LLP,London,Skilled Worker
"QOC786 0900 2026-02-04 Claydon to Doucecroft School, Colchester, Essex (8-seated vehicle and a PA required) - AWARD",322181.1,A-Z PRIVATE HIRE SERVICES LTD,2026-02-06,T&T PRIVATE HIRE LTD,St. Ives,Skilled Worker
YNE-AOMR-DA-Castle Mills Electricity,44649.09,AMALGAMATED CONSTRUCTION LTD (AMCOGIFFEN),2026-02-06,AMALGAMATED CONSTRUCTION LTD,Barnsley,Skilled Worker
B Braun Paediatric Camera Stack,35900.0,B. BRAUN MEDICAL LIMITED,2026-02-05,S&S MEDICAL LIMITED,Birmingham ,Skilled Worker
L6 Digital User Experience (UX) Professional,96000.0,MANCHESTER METROPOLITAN UNIVERSITY,2026-02-05,MANCHESTER METROPOLITAN UNIVERSITY,Manchester,Skilled Worker
Skin Preparation Applicators,508374.77,"BECTON, DICKINSON U.K. LIMITED",2026-02-05,U & K LIMITED,London,Skilled Worker
DDaT26064 - Rack Server,11117.85,DELL CORPORATION LIMITED,2026-02-05,DELL CORPORATION LIMITED,London,Global Business Mobility: Senior or Specialist Worker / Skilled Worker
Manufacture & Supply of SRP Products,46200910.33,LTI METALTECH LTD,2026-02-05,LTI METALTECH LTD,Oxfordshire,Skilled Worker
Milton Keynes Tariff Schemes - Monkston Roundabout Design,304517.0,AECOM INFRASTRUCTURE & ENVIRONMENT UK LIMITED,2026-02-05,AECOM LIMITED,London,Global Business Mobility: Senior or Specialist Worker / Skilled Worker
DDaT26066 - Rack Server,11117.85,DELL CORPORATION LIMITED,2026-02-05,DELL CORPORATION LIMITED,London,Global Business Mobility: Senior or Specialist Worker / Skilled Worker
TEN-2526-038 (PCR15) - Change Enhancement Service,400000.0,SULLIVAN & STANLEY LIMITED,2026-02-03,SULLIVAN & STANLEY LIMITED,London ,Skilled Worker
Call-Off from CCS RM6244 / BLC-FLEET-0020a for 26 x Toyota Vehicles,444745.34,TOYOTA GB LTD,2026-02-01,TOYOTA,Derby,Global Business Mobility: Graduate Trainee / Global Business Mobility: Senior or Specialist Worker / Skilled Worker
Culture - Leadership Capability Accelerator programme design and delivery,325000.0,ERNST & YOUNG LLP,2026-01-30,ERNST & YOUNG,London,Global Business Mobility: Graduate Trainee / Global Business Mobility: Senior or Specialist Worker / Skilled Worker
Merton Mental Health and Wellbeing Needs Assessment (MHWNA),35000.0,POPULATION HEALTH LTD,2026-01-30,POPULATION HEALTH PARTNERS UK LTD,London,Skilled Worker
Pay the BSA Direct Debit Solution,1384000.0,ALLPAY LIMITED,2026-01-29,ALLPAY LIMITED,Hereford,Skilled Worker
Employers' perspective of automatic enrolment and Defined Benefit Schemes,73991.34,IFF RESEARCH LTD,2026-01-28,IFF RESEARCH LTD,London,Skilled Worker
Provision of Gas Monitors and Associated Equipment  - AWARD,0.0,DRAEGER SAFETY UK LTD,2026-01-26,DRAEGER SAFETY UK LTD,Blyth,Skilled Worker
Smart Ticketing Services,150000.0,EUCLID LIMITED,2026-01-26,EUCLID TRANSACTIONAL UK LIMITED,London,Skilled Worker
Maintain and Sustain Pre Construction Contract,49574.93,KIER CONSTRUCTION LTD,2026-01-23,KIER LTD,Salford,Skilled Worker
Fire Alarms and Emergency Lighting Servicing and Maintenance 2026-2030,325813.39,PROTEC FIRE DETECTION PLC,2026-01-21,PROTEC FIRE DETECTION PLC,Nelson,Skilled Worker
Observability Cloud Consumption Data,600000.0,APPVIA LTD,2026-01-19,APPVIA LTD,London,Skilled Worker
laptop computers - A call off from LUPC awarded framework agreement (NDNA) ref: ITS5071LU,34800.0,DELL CORPORATION LIMITED,2026-01-09,DELL CORPORATION LIMITED,London,Global Business Mobility: Senior or Specialist Worker / Skilled Worker
36736 Keyham Lodge,44191.0,ASA TRANSPORT,2026-01-09,AA TRANSPORT,Springfield,Skilled Worker
tNCEA - Morphology Condition Assessment - Phase 1,42115.0,OVE ARUP & PARTNERS LIMITED,2026-01-09,L & L PARTNERS LIMITED,Stockton-On-Tees,Skilled Worker
Snowflake Proof of Concept,52000.0,SNOWFLAKE COMPUTING UK LIMITED,2026-01-09,SNOWFLAKE COMPUTING U.K. LIMITED,London,Global Business Mobility: Senior or Specialist Worker / Skilled Worker
Lot 2 - Various Properties - External Decorations Package 4-25 - AWARD,205003.27,RICHARDSON DECORATING CONTRACTORS LTD,2026-01-09,G CONTRACTORS LTD.,Hounslow,Skilled Worker
"EXPLORING SAFETY-CRITICAL ISSUES IN WALKING, WHEELING, AND CYCLING",98748.0,MOTT MACDONALD,2026-01-09,MOTT MACDONALD LTD,London,Global Business Mobility: Graduate Trainee / Global Business Mobility: Senior or Specialist Worker / Skilled Worker
Kitchen Equipment,107000.0,COMPASS SERVICES UK LTD,2026-01-07,UK 1 SERVICES LTD,Bradford,Skilled Worker
PAHT - Construction of Steel Frame Structure to support IPS / UPS Installations,138000.0,T & B (CONTRACTORS) LIMITED,2026-01-02,T & B (CONTRACTORS) LIMITED,St. Albans,Skilled Worker
Finance Management Solution System Software,1011000.0,UNIT4 BUSINESS SOFTWARE LIMITED,2025-12-24,UNIT4 BUSINESS SOFTWARE LTD,Harrogate,Global Business Mobility: Senior or Specialist Worker / Skilled Worker
Stage 1 Refurbishment of Former Boots Building (Pharmacy Relocation),843580.0,MORRIS AND SPOTTISWOOD LTD,2025-12-24,MORRIS & SPOTTISWOOD,Glasgow,Skilled Worker
GB-Ruthin: TPPL Denbighshire County Council HCC Lot 1 - 1 x 5 Door Electric Hatchback/SUV (28163),26870.52,CITROEN UK LIMITED,2025-12-23,PEUGEOT CITROEN AUTOMOBILES UK LIMITED,Coventry,Global Business Mobility: Senior or Specialist Worker / Skilled Worker
Legal Advice for Telford Court Sale,15000.0,SHARPE PRITCHARD,2025-12-23,SHARPE PRITCHARD LLP,London,Skilled Worker
AI Social Care Recording Tool,75000.0,BEAM UP LTD,2025-12-23,BEAM UP LTD,London,Skilled Worker
Hologic Sample Collection Devices,1049237.28,HOLOGIC LTD.,2025-12-23,HOLOGIC LTD,Manchester,Global Business Mobility: Senior or Specialist Worker / Skilled Worker
Unit 4 Professional Services Phase 2 Part 1,193500.0,UNIT4 BUSINESS SOFTWARE LTD,2025-12-23,UNIT4 BUSINESS SOFTWARE LTD,Harrogate,Global Business Mobility: Senior or Specialist Worker / Skilled Worker
DDaT25560 - Storage System Solution,661332.12,DELL CORPORATION LIMITED,2025-12-23,DELL CORPORATION LIMITED,London,Global Business Mobility: Senior or Specialist Worker / Skilled Worker
Provision of Fuel Cards for Internal MKCC Fleet,160000.0,SHELL U.K. OIL PRODUCTS LIMITED,2025-12-23,U & K LIMITED,London,Skilled Worker
Otterpool Park - Property Advice,17500.0,MONTAGU EVANS LLP,2025-12-22,MONTAGU EVANS LLP,London,Skilled Worker
Country Park Play Equipment,303917.51,KOMPAN LIMITED,2025-12-22,SKOMPA LIMITED,Londonderry,Skilled Worker
Cloud 9 Technologies - Citizen Mobile App 2025,54950.0,CLOUD 9 TECHNOLOGIES LTD,2025-12-19,CLOUD TECHNOLOGIES LTD,Ilford,Skilled Worker
Wales High School - Main Works (con_29682),71752966.4,BAM CONSTRUCTION LTD,2025-12-18,AMK CONSTRUCTION LTD,LANCASHIRE,Skilled Worker
Call off Contract for Provision of Desktop Hardware,131688.0,INSIGHT DIRECT UK LTD,2025-12-18,INSIGHT DIRECT (UK) LTD,Sheffield,Global Business Mobility: Senior or Specialist Worker / Skilled Worker
St John's Road - Improvement of Walking and Cycling Lanes,1681279.6,ESH CONSTRUCTION LIMITED,2025-12-18,EMS CONSTRUCTION LIMITED,London,Skilled Worker
Trinity Street - Improvement of Walking and Cycling Lanes,1578009.79,ERIC WRIGHT CIVIL ENGINEERING LTD,2025-12-18,BB CIVIL ENGINEERING LTD,Luton,Skilled Worker
"Subscription to Research, Insights, and Advisory Services",120960.0,GARTNER UK LIMITED,2025-12-18,GARTNER UK LIMITED,Egham,Global Business Mobility: Senior or Specialist Worker / Skilled Worker
Mids - PFR Lot 2 - Brookstray PFR,177734.49,WHITEHOUSE CONSTRUCTION CO. LTD,2025-12-18,CONSTRUCTION 5 LTD.,Leicester,Skilled Worker
Gartner Research Services,298300.0,GARTNER UK LIMITED,2025-12-17,GARTNER UK LIMITED,Egham,Global Business Mobility: Senior or Specialist Worker / Skilled Worker
Home Office Connectivity,73384.0,VODAFONE LIMITED,2025-12-17,VODAFONE LIMITED,Newbury,Global Business Mobility: Senior or Specialist Worker / Skilled Worker
2025-070 AV Refresh - 10SC Arena,216601.85,CINOS LIMITED,2025-12-16,CURINOS LIMITED,London,Skilled Worker
EV Chargers Knoll Road Camberley,30000.0,CONNECTED KERB LIMITED,2025-12-15,CONNECTED KERB LIMITED,London,Skilled Worker
The Provision of UKHSA - Agency Wide Contact Strategy - 25/26,98750.0,KPMG LLP,2025-12-15,KPMG LLP,London,Global Business Mobility: Senior or Specialist Worker / Skilled Worker
Occupational Health and Employee Assistance Programme (OH/EAP) Services,314000.0,PEOPLE ASSET MANAGEMENT LTD,2025-12-15,PEOPLE ASSET MANAGEMENT LTD,Warrington,Skilled Worker
CPT_25_20 - Thrive Learning Management System (LMS),210000.0,THRIVE LEARNING LIMITED,2025-12-15,HIVE LEARNING LIMITED,London,Skilled Worker
LCF23 - Small Heath Park - AWARD,122485.0,HAYSTOUN CONSTRUCTION LTD,2025-12-11,HAYSTOUN CONSTRUCTION LTD,Kenilworth,Skilled Worker
Regent Farm First School - Main Works (con_29622),13797903.0,BOWMER & KIRKLAND LTD,2025-12-10,BOWMER & KIRKLAND LTD,Belper,Skilled Worker
Mexborough MSCP Demolition,78148.59,ALAN WOOD PARTNERSHIP LTD,2025-12-10,ALAN WOOD PARTNERSHIP LIMITED,Hull,Skilled Worker
Broadmarsh Highway Maintenance Depot - Broadmarsh Highway Depot EVCP - AWARD,19021.69,BLINK CHARGING UK LTD,2025-12-10,BLINK CHARGING UK LTD,St Albans,Skilled Worker
BHCC Firewall Refresh,159992.8,PHOENIX SOFTWARE LIMITED,2025-12-10,PHOENIX SOFTWARE LIMITED,York,Skilled Worker
Mexborough Market Square,38816.83,ALAN WOOD PARTNERSHIP LTD,2025-12-10,ALAN WOOD PARTNERSHIP LIMITED,Hull,Skilled Worker
S30028 TRST3079 HGV Lorry Parking Survey,344755.1,WSP UK LIMITED,2025-12-10,KWS UK LIMITED,Royston ,Global Business Mobility: Graduate Trainee / Global Business Mobility: Senior or Specialist Worker / Skilled Worker
LCF21 - Heath Street Planting Scheme - AWARD,39500.0,HAYSTOUN CONSTRUCTION LTD,2025-12-10,HAYSTOUN CONSTRUCTION LTD,Kenilworth,Skilled Worker
Nursing Agency Provision,999000.0,INTERACT MEDICAL LIMITED,2025-12-09,S&S MEDICAL LIMITED,Birmingham ,Skilled Worker
Rollout of Dash Cams with Continued Support Services  - AWARD,96810.0,UK TELEMATICS LIMITED,2025-12-09,OCTO TELEMATICS UK LIMITED,London,Skilled Worker
Vivid Pioneer Ultrasound,62340.48,GE HEALTHCARE LIMITED,2025-12-09,S & S HEALTHCARE LIMITED,Sheffield,Skilled Worker
Vivid Pioneer Cardiovascular Ultrasound,95842.0,GE HEALTHCARE LIMITED,2025-12-09,S & S HEALTHCARE LIMITED,Sheffield,Skilled Worker
GB-Nottingham: TPPL Nottinghamshire County Council HCC Lot 1 - 2 x Large Fully Electric Car (28038),49641.88,TOYOTA (GB) PLC,2025-12-09,TOYOTA (GB) PLC,Epsom,Skilled Worker
"UKRI-5113 Building 383 Windows, Doors Replacement and Roof Solar Pv Installation",932750.39,ASHE CONSTRUCTION LTD,2025-12-08,KASH CONSTRUCTION LTD,Hayes,Skilled Worker
"UKRI-5113 MRC Harwell Building 383 Windows, Doors Replacement and Roof Solar Pv Installation",932750.39,ASHE CONSTRUCTION LTD,2025-12-08,KASH CONSTRUCTION LTD,Hayes,Skilled Worker
"Surfacing Works, Agricultural Hall, Penrith - PFK 569618",46878.09,PFK ESTATE AGENCY LIMITED,2025-12-08,AA ESTATE AGENCY LIMITED,London,Skilled Worker
Bradfields Academy - PCSA (con_29550),2359084.67,BAM CONSTRUCTION LTD,2025-12-08,AMK CONSTRUCTION LTD,LANCASHIRE,Skilled Worker
NSOIT Commercial and Procurement Lead,41405.0,INVESTIGO LIMITED,2025-12-05,INVESTIGO LIMITED,London,Global Business Mobility: Senior or Specialist Worker / Skilled Worker
Technical Rescue Units for Norfolk Fire and Rescue Service,636867.0,EMERGENCY ONE (UK) LIMITED,2025-12-05,EMERGENCY ONE,Cumnock,Skilled Worker
Lived Experiences of Adequacy in Retirement,64800.0,YOUGOV,2025-12-03,YOUGOV PLC,London,Global Business Mobility: Senior or Specialist Worker / Skilled Worker
Steyning Grammar School -PCSA (con_29540),4988400.0,BAM CONSTRUCTION LTD,2025-12-02,AMK CONSTRUCTION LTD,LANCASHIRE,Skilled Worker
GB-Woodbridge: 2718-FW-DA - East Suffolk HCC Lot 2 - 5 x Ford Transit Vans,178191.65,FORD RETAIL T/A TRUST FORD,2025-12-01,RETAIL TRUST,Derby,Skilled Worker
IA3213 Staffordshire Children and Young People's Flexible Framework Contract Awards,24750.0,SPARK TO YOUR SUCCESS,2025-12-01,SPARK,london,Skilled Worker
Care Monitoring Platform,110000.0,ACCESS UK LIMITED,2025-12-01,ACCESS UK LIMITED,Loughborough,Global Business Mobility: Senior or Specialist Worker / Skilled Worker
Wellbeing - Data Analytics Services (2025-2026),40233.0,REED SPECIALIST RECRUITMENT,2025-12-01,REED SPECIALIST RECRUITMENT LIMITED,Raynes Park,Skilled Worker
Outreach Digital Learning Platform,39600.0,STUDIOUS DIGITAL EDUCATION LTD,2025-11-28,K EDUCATION LTD,London,Skilled Worker
LCF22 - Sutton New Hall Cemetery Car Park Surfacing Works - AWARD,70905.0,HAYSTOUN CONSTRUCTION LTD,2025-11-27,HAYSTOUN CONSTRUCTION LTD,Kenilworth,Skilled Worker
Udemy e-learning subscription,40571.52,SOFTWAREONE UK LIMITED,2025-11-27,SOFTWAREONE UK LIMITED,Wimbledon,Skilled Worker
Nursing Agency Provision,999000.0,ID MEDICAL GROUP LIMITED,2025-11-26,ID MEDICAL GROUP LIMITED,WOLVERTON MILL SOUTH,Global Business Mobility: Senior or Specialist Worker / Skilled Worker
Nursing Agency Provision,999000.0,PULSE HEALTHCARE LIMITED TRADING AS PULSE NURSING AT HOME,2025-11-26,PULSE HEALTHCARE LIMITED,"Turnford, Broxbourne",Skilled Worker
Nursing Agency Provision,999000.0,NISI ENTERPRISES LIMITED TRADING AS NISI STAFFING,2025-11-26,H3 ENTERPRISES LIMITED,Birkenhead,Skilled Worker
Healthy Leicestershire Digital Solution,384310.0,BOX UK,2025-11-25,BLACK BOX NETWORK SERVICES (UK) LIMITED,Reading ,Skilled Worker
Microsoft Licencing Renewal,354000.0,BYTES SOFTWARE SERVICES,2025-11-25,BYTES SOFTWARE SERVICES LIMITED,Leatherhead,Global Business Mobility: Senior or Specialist Worker / Skilled Worker
BK5000 Ultrasound Transducer for Grantham and Lincoln Hospital Theatres,30000.0,GE HEALTHCARE LIMITED,2025-11-24,S & S HEALTHCARE LIMITED,Sheffield,Skilled Worker
"Provision of Case Assessment Reports for NCP, Specific Instance Assessment and F",25000.0,MILLS & REEVE LLP,2025-11-24,MILLS & REEVE LLP,Cambridge,Skilled Worker
SSTF1403 - 19/11/25 - AWARD,49418.55,EXECUTIVE PRIVATE HIRE (EPH) LTD T/A CABS4U,2025-11-24,T&T PRIVATE HIRE LTD,St. Ives,Skilled Worker
GB-St. Helens: Marketing and Print - Outgoing Mail,2320000.0,CONTINUOUS DATAPRINT (U.K.) LIMITED,2025-11-21,U & K LIMITED,London,Skilled Worker
Toot Hill School - PCSA (con_29680),4947143.22,BOWMER & KIRKLAND LTD,2025-11-18,BOWMER & KIRKLAND LTD,Belper,Skilled Worker
Highway Material Suppliers further competition (against DPS6269),1800000.0,TARMAC TRADING LIMITED (ALSO TRADING AS ABLEMIX),2025-11-17,TARMAC TRADING LIMITED,Solihull,Global Business Mobility: Senior or Specialist Worker / Skilled Worker
Highway Material Suppliers further competition (against DPS6269),1800000.0,HOLCIM UK LIMITED,2025-11-17,HOLCIM UK LIMITED,Markfield,Global Business Mobility: Senior or Specialist Worker / Skilled Worker
Highway Material Suppliers further competition (against DPS6269),1800000.0,JOHN HUGHES HAULAGE LIMITED,2025-11-17,B HAULAGE LIMITED,Kent ,Skilled Worker
PDF Framework - A120 EB Coggeshall By-Pass Resurfacing SDF RR,164285.24,FM CONWAY,2025-11-13,FM CONWAY LIMITED,Sevenoaks ,Skilled Worker
DEO Edinburgh Garrison Design and Build North Region,142065182.0,JOHN GRAHAM CONSTRUCTION LIMITED,2025-11-11,JOHN GRAHAM CONSTRUCTION LIMITED,Hillsborough,Skilled Worker
Concessionary Travel,500000.0,NEC SOFTWARE SOLUTIONS,2025-11-10,NEC SOFTWARE SOLUTIONS UK LTD,Hemel Hempstead,Skilled Worker
36624 - Elmbrook School,32760.0,EVEREST TAXIS,2025-11-10,EVEREST TAXIS LIMITED,Leicester,Skilled Worker
Connection of Flax Place to the Leeds PIPES network,289436.37,VITAL ENERGI UTILITIES LTD,2025-11-10,VITAL ENERGI UTILITIES LTD,Blackburn,Skilled Worker
Archaeological Framework - Fragile Assets Assessment,496855.0,ARCHAEOLOGICAL MANAGEMENT SOLUTIONS,2025-11-10,ARCHAEOLOGICAL MANAGEMENT SOLUTIONS LTD (AMS),"York,",Skilled Worker
Extension of contract for Smartcard Services for English National Concessionary Fares and associated Services,436000.0,EUCLID LIMITED,2025-11-10,EUCLID TRANSACTIONAL UK LIMITED,London,Skilled Worker
CCHA Fire Door Replacement Project 25-26,309764.73,CLC CONTRACTORS LIMITED,2025-11-10,MK CONTRACTORS LIMITED,Bedfordshire,Skilled Worker
CPT_25_27 - Social media analytics and listening 2025-27,64800.0,PULSAR,2025-11-08,PULSAR CONSULTING LTD,Yateley,Skilled Worker
684 - Wigan Beech Hill Active Travel Scheme,57600.0,WSP UK LIMITED,2025-11-07,KWS UK LIMITED,Royston ,Global Business Mobility: Graduate Trainee / Global Business Mobility: Senior or Specialist Worker / Skilled Worker
General Building Works (Major Work Voids),500000.0,TOTAL CONSTRUCTION NE LTD,2025-11-07,CONSTRUCTION 5 LTD.,Leicester,Skilled Worker
Liverpool Clean Air Plan - Monitoring & Evaluation,526176.63,CITY SCIENCE CORPORATION LIMITED,2025-11-06,CITY SCIENCE CORPORATION LIMITED,Exeter,Skilled Worker
RDE966 - CECAN Fellowship Evaluation Project,15300.0,ICF CONSULTING SERVICES LIMITED,2025-11-06,ICF CONSULTING SERVICES LIMITED,London,Global Business Mobility: Senior or Specialist Worker / Skilled Worker
Tenants' Contents Insurance Jan26 - South Derbyshire District Council - awarded,21407.57,ROYAL AND SUN ALLIANCE INSURANCE LIMITED,2025-11-04,SUN & SUN LIMITED,ENFIELD,Skilled Worker
Procurement Support Roles for the Consultancy and Skilled Persons Framework,313014.0,CAPITA BUSINESS SERVICES LTD,2025-11-03,D&D BUSINESS SERVICES LTD,Leeds,Skilled Worker
Horticultural Services Contract,600000.0,TIVOLI,2025-11-01,SAINTS HARDWARE LIMITED T/A TIVOLI TRADING,Cheltenham,Skilled Worker
Project management tool,29998.0,ASANA SOFTWARE UK LIMITED,2025-10-31,ASANA SOFTWARE UK LIMITED,London,Global Business Mobility: Senior or Specialist Worker / Skilled Worker
LEASE AND SUPPORT OF MULTI-FUNCTIONAL DEVICES (MFDS) WITH PRINT MANAGEMENT SOFTWARE,41796.0,RICOH UK LTD,2025-10-31,RICOH UK,Northampton,Skilled Worker
Financial Planning & Forecasting Software,1912190.18,ANAPLAN LIMITED,2025-10-31,ANAPLAN LIMITED,London,Global Business Mobility: Senior or Specialist Worker / Skilled Worker
IT Business Analyst,61200.0,SEARCH CONSULTANCY LIMITED,2025-10-31,K2 CONSULTANCY LIMITED,London,Global Business Mobility: Senior or Specialist Worker / Skilled Worker
YHG Testing Services 25-27,1000000.0,EDGE TESTING SOLUTIONS LIMITED,2025-10-31,EDGE TESTING SOLUTIONS LIMITED,Glasgow,Global Business Mobility: Senior or Specialist Worker / Skilled Worker
Security Operations,511484.0,ASPIRE TECHNOLOGY SOLUTIONS LTD,2025-10-29,ASPIRE TECHNOLOGY LTD,Reading,Skilled Worker
Contract Award for the Provision of a Reablement App,225000.0,NEWTON CONSULTING LIMITED,2025-10-28,NEWTON CONSULTING LIMITED,Kingston Bagpuize,Skilled Worker
External Legal Services,870000.0,PINSENT MASONS LLP,2025-10-28,PINSENT MASONS LLP,Birmingham,Global Business Mobility: Graduate Trainee / Global Business Mobility: Senior or Specialist Worker / Skilled Worker
External Legal Services,870000.0,BRODIES LLP,2025-10-28,BRODIES,Edinburgh,Skilled Worker
External Legal Services,870000.0,BEVAN BRITTAN LLP,2025-10-28,BEVAN BRITTAN LLP,Bristol,Skilled Worker
External Legal Services,870000.0,FREETHS LLP,2025-10-28,FREETHS LLP,Nottingham,Skilled Worker
External Legal Services,870000.0,BROWNE JACOBSON LLP,2025-10-28,BROWNE JACOBSON LLP,Nottingham,Skilled Worker
External Legal Services,870000.0,EVERSHEDS SUTHERLAND (INTERNATIONAL) LLP,2025-10-28,EVERSHEDS SUTHERLAND (INTERNATIONAL) LLP,Birmingham,Global Business Mobility: Graduate Trainee / Global Business Mobility: Senior or Specialist Worker / Skilled Worker
Thurston Community College - PCSA (con_29632),3497808.08,BOWMER & KIRKLAND LTD,2025-10-24,BOWMER & KIRKLAND LTD,Belper,Skilled Worker
"GB-Milton Keynes: Provision and Lease of Franking Machines, Mailroom Equipment, and Associated Consumables",42000.0,QUADIENT UK LIMITED,2025-10-24,QUADIENT UK LIMITED,London,Global Business Mobility: Senior or Specialist Worker / Skilled Worker
Provision of Oracle Technical Support Services,30310.28,ORACLE CORPORATION UK LIMITED,2025-10-23,ORACLE CORPORATION UK LIMITED,Reading,Global Business Mobility: Senior or Specialist Worker / Skilled Worker
Demolition and enabling works contract for The Tropicana,450417.0,OVERBURY PLC,2025-10-22,OVERBURY PLC,London,Skilled Worker
DN763872 - Electrical Safety Programme Contract A (North of the borough),2174820.0,NRT BUILDING SERVICES GROUP LTD,2025-10-21,M GROUP SERVICES,Stevenage,Skilled Worker
"Asbestos, Legionella & Mould RA L1.1 Nov25  - Eden Housing Association - awarded",155805.99,TERSUS CONSULTANCY LTD,2025-10-21,ERS CONSULTANCY LTD,Watford,Skilled Worker
PAN3414 - Duns Lane/Braunstone Gate,97148.85,HOLCIM,2025-10-21,HOLCIM UK LIMITED,Markfield,Global Business Mobility: Senior or Specialist Worker / Skilled Worker
Godstone SEROC Construction Contract,10827286.0,TILBURY DOUGLAS CONSTRUCTION LIMITED,2025-10-20,HG CONSTRUCTION LIMITED,HITCHIN,Skilled Worker
DR services,108000.0,SECURITY SOFTWARE SOLUTIONS LTD,2025-10-20,AB SOFTWARE SOLUTIONS LTD,LUTON,Skilled Worker
HDS Access to Work DISC Refactor Build,2200000.0,IBM UNITED KINGDOM LTD,2025-10-20,BIM UNITED KINGDOM LTD,Bolton,Global Business Mobility: Graduate Trainee
No Access Stock condition Surveys,134190.0,RAPLEYS LLP,2025-10-19,RAPLEYS LLP,Huntingdon ,Skilled Worker
Refurbishment of Hillingdon Civic Centre Quadrants 3E & 3S,130680.0,ALLEN CONSTRUCTION CONSULTANCY LIMITED,2025-10-19,HG CONSTRUCTION LIMITED,HITCHIN,Skilled Worker
TEN-2324-016 Call-Off Contract [2],488100.0,-	HYMANS ROBERTSON LLP,2025-10-17,HYMANS ROBERTSON LLP,London,Skilled Worker
TEN-2324-016 Call-Off Contract [2],488100.0,HYMANS ROBERTSON LLP,2025-10-17,HYMANS ROBERTSON LLP,London,Skilled Worker
Horndean CE Junior School - PCSA (con_29628),818220.31,WILLMOTT DIXON CONSTRUCTION LTD,2025-10-16,CONSTRUCTION 5 LTD.,Leicester,Skilled Worker
Contingency Response Programme - Package 3,245680004.75,KIER CONSTRUCTION LIMITED,2025-10-13,HG CONSTRUCTION LIMITED,HITCHIN,Skilled Worker
W169502 Workforce Transformation Assurance Services,2957037.0,CAPGEMINI UK PLC,2025-10-13,CAPGEMINI UK PLC,London,Global Business Mobility: Graduate Trainee / Global Business Mobility: Senior or Specialist Worker / Skilled Worker
36564 Keyham Lodge,26910.0,ONE EXPRESS,2025-10-10,ALL IN ONE EXPRESS,Liverpool,Skilled Worker
MWF - Lot 6 (DA) - Petersfield Library - Boiler Flue Remedial Works - AWARD,6823.06,INDUSTRIAL (BOILER & CONTRACT) SERVICES LTD,2025-10-10,NP INDUSTRIAL SERVICES LTD,Bathgate,Skilled Worker
36565 Children's Hospital,33228.0,SKYLINE TAXIS,2025-10-10,SKYLINE TAXIS TEESIDE LIMITED,Stockton-on-Tees,Skilled Worker
36561 - SPARK VALE ACADEMY,25740.0,EVEREST TAXIS,2025-10-10,EVEREST TAXIS LIMITED,Leicester,Skilled Worker
Homes England - Annual Subscription for Beauhurst Impact (G-CLoud 14 Lot:2),73500.0,BEAUHURST,2025-10-10,BEAUHURST,London,Skilled Worker
Five Rivers Multi-Academy Trust Primary Alternative Provision,1387750.0,FIVE RIVERS MULTI ACADEMY TRUST,2025-10-10,RIVERS MULTI ACADEMY TRUST,Sawbridgeworth,Skilled Worker
"MWF Lot 1 Main Kitchen Refurbishment, Kershaw Day Centre - AWARD",65292.91,B & M CLARK (BUILDERS) LTD,2025-10-10,M B (S) BUILDERS LTD,London,Skilled Worker
S30006 Road Safety Guidance,97304.3,OVE ARUP,2025-10-10,OVE ARUP AND PARTNERS INTERNATIONAL LTD,London,Global Business Mobility: Senior or Specialist Worker / Skilled Worker
Pan London Sexual Violence Support Service,65387492.0,THE NIA PROJECT,2025-10-09,THE NIA PROJECT,London,Skilled Worker
Pan London Sexual Violence Support Service,65387492.0,RESPOND,2025-10-09,QUICK RESPOND SECURITY LTD,Newcastle upon Tyne,Skilled Worker
Health and financial claims in programming - audience attitudes to potential harm,131695.0,IPSOS UK,2025-10-09,IPSOS MORI UK LIMITED,London,Global Business Mobility: Senior or Specialist Worker / Skilled Worker
Contract Award,750000.0,JONES LANG LASALLE,2025-10-09,JONES LANG LASALLE LIMITED,London,Global Business Mobility: Senior or Specialist Worker / Skilled Worker
Asbestos Services,240000.0,TERSUS CONSULTANCY LTD,2025-10-08,ERS CONSULTANCY LTD,Watford,Skilled Worker
Professional Services - Technical Advisor CDC Boston,42200.0,HULLEY AND KIRKWOOD CONSULTING ENGINEERS LIMITED,2025-10-08,HULLEY & KIRKWOOD CONSULTING ENGINEERS LTD,Glasgow,Skilled Worker
Dutch River (left-bank): Went Outfall to River Ouse Confluence (Design Support),62574.0,OVE ARUP & PARTNERS LIMITED,2025-10-06,L & L PARTNERS LIMITED,Stockton-On-Tees,Skilled Worker
IP&EMPI (HealthShare and IRIS for Health Licenses) and DMS-IX (IRIS for Health Licenses) FY25-30,6173707.0,INTERSYSTEMS CORPORATION,2025-10-03,INTERSYSTEMS,Windsor,Global Business Mobility: Senior or Specialist Worker / Skilled Worker
HMLR701062 - Employee Assistance Programme (EAP),180000.0,PEOPLE ASSET MANAGEMENT LIMITED,2025-10-02,TS ASSET MANAGEMENT LIMITED,Greater London,Skilled Worker
Contract Award Notice for Contract 715210450_Smarter Working Furniture,168522.7,WAGSTAFF BROTHERS LIMITED,2025-10-02,S BROTHERS LIMITED,Hampshire,Skilled Worker
People Survey 25/26 Extension,41034.0,WORKDAY LIMITED,2025-10-01,WORKDAY (UK) LIMITED,London,Global Business Mobility: Senior or Specialist Worker / Skilled Worker
Stock Condition Surveys,4500000.0,ARK CONSULTANCY LTD,2025-10-01,ARK CONSULTANCY LTD,Birmingham,Skilled Worker
Data Warehouse Expansion,96652.02,DELL CORPORATION LIMITED,2025-10-01,DELL CORPORATION LIMITED,London,Global Business Mobility: Senior or Specialist Worker / Skilled Worker
Asset Management System - Yotta,58230.38,CAUSEWAY TECHNOLOGIES LTD,2025-10-01,CAUSEWAY TECHNOLOGIES LTD,Gerrards Cross,Global Business Mobility: Senior or Specialist Worker / Skilled Worker
Stock Conditions Survey,1028582.0,BAILY GARNER,2025-10-01,BAILY GARNER LLP,London,Skilled Worker
Fidelity Guarantee Insurance,33670.56,ZURICH INSURANCE,2025-09-30,ZURICH INSURANCE GROUP,Swindon,Global Business Mobility: Senior or Specialist Worker / Skilled Worker
"EE334, 0900 2025-09-25, Mellis to Occold Primary School (4 seats) - AWARD",102075.6,UNIVERSAL CABS LTD,2025-09-26,UNIVERSAL CABS LTD,Ipswich,Skilled Worker
"QIP931 0900 2025-09-25 Woodbridge - Include, Ipswich (4-seated vehicle and a PA required) - AWARD",79839.9,ROYAL RIDES,2025-09-26,ROYAL RIDES,Ipswich,Skilled Worker
LCF14 - Calthorpe Park Play Area Improvement Works - AWARD,145079.0,HAYSTOUN CONSTRUCTION LTD,2025-09-25,HAYSTOUN CONSTRUCTION LTD,Kenilworth,Skilled Worker
Homes England - Hodson's Mill - Property Services,60000.0,MONTAGU EVANS,2025-09-24,MONTAGU EVANS LLP,London,Skilled Worker
RUGCON - Work Services Unit Depot Reconfiguration,133198.51,O'BRIEN CONTRACTORS LIMITED,2025-09-18,MK CONTRACTORS LIMITED,Bedfordshire,Skilled Worker
Purchase of HP Workstations,29000.0,XOS GROUP LIMITED,2025-09-16,XODUS GROUP LIMITED,ABERDEEN,Global Business Mobility: Senior or Specialist Worker / Skilled Worker
Probate Researchers Services,125000.0,FRASER AND FRASER,2025-09-15,PANICKER AND FRASER LTD,Haverfordwest,Skilled Worker
Purchase of Three (3) x Medium Sized Cars and Six (6) x Small Cars,152655.44,TOYOTA GB LIMITED,2025-09-15,TOYOTA,Derby,Global Business Mobility: Graduate Trainee / Global Business Mobility: Senior or Specialist Worker / Skilled Worker
PAHT - Paediatric Emergency Department Construction Stage Quantity Surveying,50000.0,CASTONS CONSULTING LIMITED,2025-09-15,CASTONS CONSULTING LIMITED,London,Skilled Worker
Secondment personnel supply,45000.0,ASHURST LLP,2025-09-12,ASHURST LLP,London,Global Business Mobility: Graduate Trainee / Global Business Mobility: Senior or Specialist Worker / Skilled Worker
Restart Scheme Extension Customer Satisfaction Survey,256149.0,IFF RESEARCH LTD,2025-09-12,IFF RESEARCH LTD,London,Skilled Worker
CA15266 - Communications Solutions,3000000.0,EXCHANGE COMMUNICATIONS LIMITED,2025-09-11,5G COMMUNICATIONS LIMITED,High Wycombe,Skilled Worker
CA15266 - Communications Solutions,3000000.0,DAISY COMMUNICATIONS,2025-09-11,DAISY COMMUNICATIONS LTD,Brierfield,Skilled Worker
CA15266 - Communications Solutions,3000000.0,TALK STRAIGHT LTD,2025-09-11,TALK STRAIGHT LTD,Ilkley,Skilled Worker
HRA Right to Buy Valuations,28000.0,HORTS ESTATE AGENCY LIMITED,2025-09-11,AA ESTATE AGENCY LIMITED,London,Skilled Worker
CA15266 - Communications Solutions,3000000.0,AVOIRA LIMITED,2025-09-11,AVOIRA LIMITED,Bury,Skilled Worker
CA15266 - Communications Solutions,3000000.0,GLIDE,2025-09-11,GLIDE N SLIDE LTD,Otley,Skilled Worker
CST025-108 Provision of Apprenticeship (Solicitor Level 7),81000.0,NOTTINGHAM TRENT UNIVERSITY,2025-09-11,NOTTINGHAM TRENT UNIVERSITY - HUMAN RESOURCES,Nottingham,Government Authorised Exchange  / Skilled Worker
"QIP878 0900 2025-09-11 Ipswich to Thomas Wolsey Ormiston Academy, Thomas Wolsey School, Defoe Rd, Ipswich IP1 6SG (6-seater vehicle with electric tail lift and Passenger assistant) - AWARD",142500.0,ALBANY TRAVEL (IPSWICH) LTD,2025-09-11,ALBANY,IBSTONE,Skilled Worker
LCF13R - Queen's Park Landscape Improvements - LCF 2024-28 - AWARD,73611.0,HAYSTOUN CONSTRUCTION LTD,2025-09-11,HAYSTOUN CONSTRUCTION LTD,Kenilworth,Skilled Worker
RDE868 - Development of novel DNA-based metrics and indicators to assess the eco,31963.81,UK CENTRE FOR ECOLOGY & HYDROLOGY (UKCEH),2025-09-10,UK CENTRE FOR ECOLOGY & HYDROLOGY,Wallingford,Government Authorised Exchange  / Skilled Worker
RDE912 - Ammonia from road traffic - further assessment of modelling methodologi,24907.5,BUREAU VERITAS UK LIMITED,2025-09-10,BUREAU BUREAU LIMITED,London,Skilled Worker
ITEP1026 SWIS Severe Weather Information Service,936513.0,CIVICA UK LTD.,2025-09-10,CIVICA UK LTD,London,Global Business Mobility: Graduate Trainee / Global Business Mobility: Senior or Specialist Worker / Skilled Worker
Provision of Personal Protective Equipment (PPE) in Approved FSA Establishments,1873444.6,ARCO LIMITED,2025-09-10,PICCOLO ARCO LIMITED,Wokingham,Skilled Worker
Fortis Academy - PCSA (con_29636),4383480.52,BOWMER & KIRKLAND LTD,2025-09-08,BOWMER & KIRKLAND LTD,Belper,Skilled Worker
CSP25348 - Administrator,26984.16,REED SPECIALIST RECRUITMENT  LIMITED,2025-09-08,REED SPECIALIST RECRUITMENT LIMITED,Raynes Park,Skilled Worker
CSP25347 - Administrator,30624.88,REED SPECIALIST RECRUITMENT  LIMITED,2025-09-08,REED SPECIALIST RECRUITMENT LIMITED,Raynes Park,Skilled Worker
Credit Checking Service for Government Gateway,1200000.0,EQUIFAX LIMITED,2025-09-05,EQUIFAX LIMITED,Leeds,Global Business Mobility: Senior or Specialist Worker / Skilled Worker
NDA/C17430/13 -  Pu Active SEM,114835.96,NATIONAL NUCLEAR LABORATORY,2025-09-05,UNITED KINGDOM NATIONAL NUCLEAR LABORATORY,Warrington,Government Authorised Exchange  / Skilled Worker
1997 IT Hardware for NHS Black Country Integrated Care Board,57395.9,CDW LIMITED,2025-09-04,CDW LIMITED,London,Global Business Mobility: Senior or Specialist Worker / Skilled Worker
"QIP393 2025-08-28 (0900) Felixstowe to Kesgrave High School, Kesgrave (4 seated vehicle) - AWARD",23560.0,CABS SMART,2025-09-03,QASIM ENTERPRISE LTD T/A SMART CABS NORWICH,Norwich,Skilled Worker
Homecare framework,95000000.0,SUPREME COMPANY AND SONS LTD (T/A SUPREME HOME CARE),2025-09-01,CARE SUPREME LTD,London,Skilled Worker
Homecare framework,95000000.0,CARONNE CARE LTD,2025-09-01,CARONNE CARE,Basildon,Skilled Worker
Homecare framework,95000000.0,DE VERE CARE PARTNERSHIP LTD,2025-09-01,DE VERE CARE PARTNERSHIP LTD,London,Skilled Worker
Homecare framework,95000000.0,ASPIRE CARE SERVICES,2025-09-01,ASPIRE CARE SERVICES LTD,London,Skilled Worker
Homecare framework,95000000.0,SHREEJI INC LTD,2025-09-01,SHREEJI INC LTD,Rainham,Skilled Worker
Homecare framework,95000000.0,HOME SWEET HOME CARE LIMITED,2025-09-01,HOME SWEET HOME CARE LIMITED,ROMFORD,Skilled Worker
Homecare framework,95000000.0,STAR CARE UK LTD,2025-09-01,STAR CARE UK LTD,Ilford,Skilled Worker
Drainage,100000.0,RE-GEN (UK) CONSTRUCTION LTD,2025-09-01,CONSTRUCTION 5 LTD.,Leicester,Skilled Worker
Umbraco Support and Maintenance,42000.0,NEXER DIGITAL LTD,2025-09-01,NEXER DIGITAL LTD,Macclesfield,Skilled Worker
NDA/C17430/14 - Technical Knowledge Exchange Meeting,28161.44,NATIONAL NUCLEAR LABORATORY,2025-09-01,UNITED KINGDOM NATIONAL NUCLEAR LABORATORY,Warrington,Government Authorised Exchange  / Skilled Worker
RDE915 - Modelling the plausible locations of sanctuary zones for red throated,89980.0,HOWELL MARINE CONSULTING,2025-09-01,HOWELL MARINE CONSULTING LIMITED,Morpeth,Skilled Worker
Provision of Digital Accessibility Services,150000.0,DIGITAL ACCESSIBILITY CENTRE,2025-08-29,THE DIGITAL ACCESSIBILITY CENTRE LIMITED,Llandarcy,Skilled Worker
Tail Spend Solution,600000.0,UNITE PROCUREMENT UK LTD,2025-08-29,UNITE,Birmingham,Charity Worker 
Asbestos Awareness Training - CF Awarded Contract,61000.0,LUCION SERVICES LIMITED,2025-08-28,LUCION SERVICES,Gateshead,Skilled Worker
Minor Works Framework: Construction 2024,0.0,SCOPE CONSTRUCTION LTD,2025-08-27,CONSTRUCTION 5 LTD.,Leicester,Skilled Worker
Minor Works Framework: Construction 2024,0.0,BROWN AND SHAW (BUILDERS) LIMITED,2025-08-27,K & K BUILDERS LIMITED,WEMBLEY,Skilled Worker
Minor Works Framework: Construction 2024,0.0,7 FORMATION LIMITED,2025-08-27,ELEVATE BUSINESS FORMATION LIMITED,Liverpool,Skilled Worker
Minor Works Framework: Construction 2024,0.0,OLIVETI CONSTRUCTION LIMITED,2025-08-27,HG CONSTRUCTION LIMITED,HITCHIN,Skilled Worker
Minor Works Framework: Construction 2024,0.0,TANWOOD CONSTRUCTION LIMITED,2025-08-27,HG CONSTRUCTION LIMITED,HITCHIN,Skilled Worker
Fresh Food DPS Contract Award Notices June 2025 - August 2025,200000000.0,JOHN PALIN (WHOLESALE) LTD,2025-08-26,N WHOLESALE LTD,Birmingham,Skilled Worker
Fresh Food DPS Contract Award Notices June 2025 - August 2025,200000000.0,JOHAL DAIRIES LIMITED,2025-08-26,JOHAL DAIRIES LIMITED,Wolverhampton,Skilled Worker
"QIP126 0900 2025-08-26  Ipswich to Parkside Academy, Lindbergh Road, IP3 9FA (4 seater vehicle required) - AWARD",12730.0,UNIVERSAL CABS LTD,2025-08-26,UNIVERSAL CABS LTD,Ipswich,Skilled Worker
Mural Enterprise Licences 2025/26,34086.0,ECONOCOM PRODUCTS & SOLUTIONS UK LIMITED,2025-08-26,O9 SOLUTIONS UK LIMITED,London,Global Business Mobility: Senior or Specialist Worker / Skilled Worker
1991 IT Hardware for NHS Arden and Greater East Midlands CSU,14850.0,DELL CORPORATION LIMITED,2025-08-20,DELL CORPORATION LIMITED,London,Global Business Mobility: Senior or Specialist Worker / Skilled Worker
RDE857 - Benefits of underwater structures to cuttlefish egg survival,77000.0,UNIVERSITY OF PLYMOUTH,2025-08-19,UNIVERSITY OF PLYMOUTH,Plymouth,Government Authorised Exchange  / Skilled Worker
"QFX003 0900 2025-08-18 IPSWICH to PROJECTION EDUCATION, FELIXSTOWE FERRY CENTRE, FERRY ROAD, IP11 9RT (4seater vehicle required)  - AWARD",15960.0,CABS SMART,2025-08-18,QASIM ENTERPRISE LTD T/A SMART CABS NORWICH,Norwich,Skilled Worker
PAN3418 - New Slab Design,139535.0,DANAHER & WALSH (CIVIL ENGINEERING) LTD,2025-08-15,BB CIVIL ENGINEERING LTD,Luton,Skilled Worker
Security tender 2025-2028,48020.0,BRYAN ENTERPRISE LTD TRADING AS SECURITY SERVICES,2025-08-12,BD SECURITY SERVICES LTD,Dagenham,Skilled Worker
"Further competition against RM6175 Records Information Management, Digital Solutions and Associated Services Lot 1: Records Information Management Services - AWARD",521597.0,RESTORE RECORDS MANAGEMENT,2025-08-12,RESTORE,Barnt Green,Skilled Worker
Decorations Framework Lot 2 DA -  External Decorations and Repairs 7-24 - Various Properties - AWARD,160207.45,IAN WILLIAMS,2025-08-12,IAN WILLIAMS RACING LTD,Birmingham,Skilled Worker
CA15026 - Havant & South Downs College - Cleaning Services,3682786.45,BRAYBORNE FACILITIES SERVICES,2025-08-12,BRAYBORNE FACILITIES SERVICES LIMITED,Wokingham,Skilled Worker
RFI 273 Oldbury - Auto-SAS Building Facility Planning Application,44011.0,AVISON YOUNG,2025-08-12,AVISON YOUNG (UK) LIMITED,Birmingham,Skilled Worker
AI Proof of Concept Services to Support EU Reset,1500000.0,FACULTY SCIENCE LIMITED,2025-08-11,FACULTY SCIENCE LIMITED,London,Skilled Worker
CPT_25_30 - Decarbonisation Project - Mechanical & Electrical  Engineering Services (C-4014),66000.0,RIDGE AND PARTNERS LLP,2025-08-10,RIDGE AND PARTNERS LLP,Woodstock,Skilled Worker
PAN3415 - Gleneagles Av Bridge Maintenance Scheme,260439.61,DANAHER & WALSH (CIVIL ENGINEERING) LTD,2025-08-08,BB CIVIL ENGINEERING LTD,Luton,Skilled Worker
BTH25-203 Pharmacy Blood labelling Isolator,93386.0,ENVAIR LIMITED,2025-08-07,VENAIR LIMITED,Glasgow,Skilled Worker
Green Home Initiative - ARC - Phase 9,477027.48,ARC GROUP LONDON LIMITED,2025-08-06,MA GROUP LONDON LIMITED,London,Skilled Worker
Green Home Initiative - ARC - Phase 12,474878.62,ARC GROUP LONDON LIMITED,2025-08-06,MA GROUP LONDON LIMITED,London,Skilled Worker
LDC-335 DFG Adaptations and Associated Building Works Framework,1000000000.0,EDEN ADAPTIONS LTD,2025-08-05,EDEN ADAPTIONS,Birmingham,Skilled Worker
LDC-335 DFG Adaptations and Associated Building Works Framework,1000000000.0,CARDO (CENTRAL) LIMITED,2025-08-05,CENTRAL CARE LIMITED,Leeds,Skilled Worker
LDC-335 DFG Adaptations and Associated Building Works Framework,1000000000.0,A.S PLUMBING AND BATHROOMS LTD,2025-08-05,"DUDLEY PLASTICS, PLUMBING AND BATHROOMS LTD",Dudley,Skilled Worker
Iken Call-off from G-Cloud 14 Framework  Agreement (RM1557.14),145400.0,IKEN BUSINESS LTD,2025-08-04,IKEN BUSINESS LTD,Bristol,Skilled Worker
NEA - CDF - Butteryhaugh - OBC-FBC - Lot 1 Detailed Design,385799.6,OVE ARUP & PARTNERS LIMITED,2025-08-04,L & L PARTNERS LIMITED,Stockton-On-Tees,Skilled Worker
"QOC789 09:00 2025-08-04 Mildenhall, Suffolk to Gretton School, Girton, Cambridgeshire - AWARD",118702.5,CAMBRIDGE AND HUNTINGDON AIRPORT TRAVEL SERVICE,2025-08-04,CAMBRIDGE & HUNTINGDON AIRPORT TRAVEL SERVICE LTD,Cambridge,Skilled Worker
"2025-08-01 09:00 - QOC785 Beccles to Chapel Green School, Old Buckenham, Norfolk - AWARD",348080.0,LONDON HIRE COMMUNITY SERVICES LTD,2025-08-04,RH COMMUNITY SERVICES LTD,Bolton ,Skilled Worker
"2025-08-01 09:00 - QOC785 Beccles to Chapel Green School, Old Buckenham, Norfolk - AWARD",348080.0,ANDALUSIA TRADING LTD  T/A ROADRUNNER TAXIS,2025-08-04,R.A .TRADING LTD,London,Skilled Worker
CVLR Demonstrator - Subway Optioneering,95000.0,PERFECT CIRCLE JV LTD,2025-08-03,CIRCLE,London,Skilled Worker
Crossing the Border - Service Integrator,18500000.0,KPMG LLP,2025-08-01,KPMG LLP,London,Global Business Mobility: Senior or Specialist Worker / Skilled Worker
"Data Centre Technical Advisory Services (Multidisciplinary) - RIBA Stage 4, 5, 6 & 7",72000.0,RIDGE AND PARTNERS LLP,2025-08-01,RIDGE AND PARTNERS LLP,Woodstock,Skilled Worker
Provision of Construction Works & Associated Services 3 (CWAS3),49200.0,ATKINSRÉALIS UK LIMITED,2025-07-31,ATKINSREALIS UK LIMITED,London,Global Business Mobility: Graduate Trainee / Global Business Mobility: Senior or Specialist Worker / Skilled Worker
Legal Advice,256000.0,MILLS & REEVE LLP,2025-07-31,MILLS & REEVE LLP,Cambridge,Skilled Worker
Project_4850 Research - Potentially harmful OCA online practices,79925.0,REVEALING REALITY,2025-07-31,REVEALING REALITY,London,Skilled Worker
QOC405 0900 2025-07-28 BSE to Meldreth Manor School (4seater vehicle with Passenger Assistant required) - AWARD,136771.5,CAMBRIDGE AND HUNTINGDON AIRPORT TRAVEL SERVICE,2025-07-28,CAMBRIDGE & HUNTINGDON AIRPORT TRAVEL SERVICE LTD,Cambridge,Skilled Worker
"Disposal of Cannabis, Nitrous Oxide and knives",80000.0,AC ENVIRONMENTAL CONSULTING LTD,2025-07-28,N CONSULTING LTD,London,Global Business Mobility: Graduate Trainee / Global Business Mobility: Senior or Specialist Worker / Skilled Worker
UKSBS Employment Legal Advice,113500.0,DAC BEACHCROFT LLP,2025-07-28,DAC BEACHCROFT LLP,London,Global Business Mobility: Senior or Specialist Worker / Skilled Worker
Quail AI,108000.0,QUANTIUM HEALTH LIMITED,2025-07-25,QUANTIUM LIMITED,London,Global Business Mobility: Senior or Specialist Worker / Skilled Worker
Provision of Fixed Line and Direct Routing Services to The DfE,264178.72,GAMMA TELECOM LIMITED,2025-07-24,GAMMA TELECOM HOLDINGS LIMITED,London,Skilled Worker
Firewalling Solution 2025,2291676.47,CDW LIMITED,2025-07-24,CDW LIMITED,London,Global Business Mobility: Senior or Specialist Worker / Skilled Worker
S233 Mainstream Taxi To Kibworth mead Academy and Church Langton Primary School,11206.2,HMB (LEIC) LTD,2025-07-23,HMB (LEIC) LTD,LEICESTER,Skilled Worker
Kent Food Waste Project,159250.0,LETTERBOX DISTRIBUTION LIMITED,2025-07-22,SR DISTRIBUTION LIMITED,Luton,Skilled Worker
Professional Services,61813.9,LA INTERNATIONAL COMPUTER CONSULTANTS LIMITED,2025-07-22,LA & LA LIMITED,Dudley,Skilled Worker
"Learning, performance and recruitment software",696538.03,CORNERSTONE ONDEMAND LIMITED,2025-07-21,CORNERSTONE ONDEMAND LIMITED,London,Global Business Mobility: Senior or Specialist Worker / Skilled Worker
BSMHFT Hyland Onbase Maintenance and Support,125860.58,HYLAND UK OPERATIONS LIMITED,2025-07-18,HYLAND UK OPERATIONS LIMITED,Maidenhead,Global Business Mobility: Senior or Specialist Worker / Skilled Worker
Local Transport Data Collection Alpha/Beta,263239.0,METHODS BUSINESS AND DIGITAL TECHNOLOGY LIMITED,2025-07-18,METHODS BUSINESS AND DIGITAL TECHNOLOGY,London,Skilled Worker
CCS028 Therapeutic Assessment to Support Education and Health Care Plan Delivery,2400000.0,MAY'S HUB LTD (T/A MY THERAPY SERVICES LTD),2025-07-17,T.N.S.A SERVICES LTD,Manchester,Skilled Worker
Workforce Solutions,732000000.0,ALEXANDER MANN SOLUTIONS LTD (AMS),2025-07-15,AMS,Cupar,Charity Worker 
Corporate Security Services,24000000.0,CARLISLE SECURITY SERVICES LIMITED,2025-07-12,M SECURITY SERVICES LIMITED,Birmingham,Skilled Worker
Investment Programme 2025/26,328750.0,PA CONSULTING SERVICES LTD,2025-07-11,PKM CONSULTING SERVICES LTD,Farnborough,Skilled Worker
Lot 4b - Wheelchair Accessible with Passenger Assistant for Out of County area closing 10 July 2025 (F1),195912.8,LANX PRIVATE AMBULANCE SERVICE LTD.,2025-07-11,LANX LTD,Ilford,Skilled Worker
MWF - Lot 1 - Wallop Primary School - Doors replacements - AWARD,5942.2,JC RAE DECORATING LTD,2025-07-11,J & J DECORATING LTD,Banbury,Skilled Worker
M&E consultant refurbishment of London metropolitan archives,200000.0,BRINSON STANILAND PARTNERSHIP LTD,2025-07-11,BRINSON STANILAND PARTNERSHIP,Bromley,Skilled Worker
Bromsgrove Supply of Plastic Wheeled Bins via YPO 1135 lot 3,2000000.0,CRAEMER UK LIMITED,2025-07-11,CRAEMER UK LIMITED,Telford,Global Business Mobility: Senior or Specialist Worker / Skilled Worker
CA14802 - MyKarbon Customer Portal App for Karbon Homes,2116782.0,PLENTIFIC LTD,2025-07-11,PLENTIFIC,London,Scale-up / Skilled Worker
CA14415 - Learning Management System for Karbon Homes,402750.0,KALLIDUS LIMITED,2025-07-11,KALLIDUS LIMITED,Bristol,Global Business Mobility: Senior or Specialist Worker / Skilled Worker
"Animal Care Minor Building, Roofing and Refurbishment works  - AWARD",261009.0,DAVLYN CONSTRUCTION LTD,2025-07-11,CONSTRUCTION 5 LTD.,Leicester,Skilled Worker
Ministry of Justice - Evaluation Pre-requisites: Research into Group Victim Support Interventions,179184.0,NATIONAL CENTRE FOR SOCIAL RESEARCH,2025-07-10,NATIONAL CENTRE FOR SOCIAL RESEARCH,London,Skilled Worker
LNA - Lower Witham - Designer Construction Support - CDF Lot 1,69161.41,OVE ARUP & PARTNERS LIMITED,2025-07-10,L & L PARTNERS LIMITED,Stockton-On-Tees,Skilled Worker
Vetting Solutions Tender,210000.0,"REED SPECIALIST RECRUITMENT LIMITED,",2025-07-10,REED SPECIALIST RECRUITMENT LIMITED,Raynes Park,Skilled Worker
RAM Fixed Asset Register software,170000.0,MRI SOFTWARE LIMITED,2025-07-10,MRI SOFTWARE LIMITED,London,Global Business Mobility: Senior or Specialist Worker / Skilled Worker
WP180 Vehicle Emissions Programme - Lot 2,155486.1,HORIBA MIRA,2025-07-09,HORIBA MIRA LTD,Nuneaton,Global Business Mobility: Senior or Specialist Worker / Skilled Worker
YAS 44 2025_26 (DA FW) Containers Hire,42618.0,ALGECO UK LIMITED,2025-07-07,ALGECO UK LIMITED,Stockton-on-Tees,Skilled Worker
"Invitation to Tender - Chorley Town Centre,Civic Square Development",254858.74,KIER CONSTRUCTION LIMITED,2025-07-07,HG CONSTRUCTION LIMITED,HITCHIN,Skilled Worker
RDE811 - F6a. Passive sampling biota replacement feasibility study (freshwater),50000.0,UK CENTRE FOR ECOLOGY & HYDROLOGY (UKCEH),2025-07-07,UK CENTRE FOR ECOLOGY & HYDROLOGY,Wallingford,Government Authorised Exchange  / Skilled Worker
DOCKER FOR BUSINESS LICENCES (FY2025-26),15000.0,INSIGHT DIRECT (UK) LTD,2025-07-03,INSIGHT DIRECT (UK) LTD,Sheffield,Global Business Mobility: Senior or Specialist Worker / Skilled Worker
DMS Delivery Management Service,580060.0,MERCATOR IT SOLUTIONS LTD,2025-07-03,MERCATOR IT SOLUTIONS LTD,Crowborough,Skilled Worker
UHB Assurance Dashboard,112371.13,INSIGHT DIRECT (UK) LTD,2025-07-03,INSIGHT DIRECT (UK) LTD,Sheffield,Global Business Mobility: Senior or Specialist Worker / Skilled Worker
Mapping and Spatial  software suite,73895.0,ESRI (UK) LTD,2025-07-02,ESRI (UK) LTD,Aylesbury,Skilled Worker
DDaT25253 - Hardware - Laptops,51179.0,STONE TECHNOLOGIES LTD,2025-07-01,STACKONE TECHNOLOGIES LTD,Newbury,Skilled Worker
Supply of E-Books,2644645.0,KORTEXT LIMITED,2025-06-30,KORTEXT LIMITED,Bournemouth,Skilled Worker
TEN-2526-017(PCR2015) Gartner Research Services,65000.0,GARTNER UK LIMITED,2025-06-30,GARTNER UK LIMITED,Egham,Global Business Mobility: Senior or Specialist Worker / Skilled Worker
Catering Contractor Procurement,289166.44,INTERNATIONAL FOOD SERVICE EQUIPMENT LTD,2025-06-27,INTERNATIONAL FOOD SERVICE EQUIPMENT LTD,CROYDON,Skilled Worker
Leisure Centre PSCA RIBA 4 via SCAPE Construction Framework,1510153.0,MORGAN SINDALL CONSTRUCTION & INFRASTRUCTURE LTD,2025-06-27,MORGAN SINDALL CONSTRUCTION & INFRASTRUCTURE LTD,Rugby,Skilled Worker
Landscape Study Procurement,43137.0,HANKINSON DUCKETT ASSOCIATES LIMITED,2025-06-26,HANKINSON DUCKETT ASSOCIATES LTD,Wallingford,Skilled Worker
LCC Transport Services - BPB - School Transport - SEND Schools - Taxi - BPB000124 - North,1615815.1,G-CARS,2025-06-25,F G CARS LTD,Loughborough,Skilled Worker
Cloud-based Revenues and Benefits  and Housing Information Technology Managed Service,0.0,NEC SOFTWARE SOLUTIONS UK LIMITED,2025-06-25,FZ SOFTWARE SOLUTIONS LIMITED,Ilford,Skilled Worker
380_25 Supply of Catalogue Printing Services for ESPO,1200000.0,WALSTEAD ROCHE LIMITED,2025-06-24,WALSTEAD ROCHE LIMITED,St Austell,Skilled Worker
380_25 Supply of Catalogue Printing Services for ESPO,1200000.0,STERLING PRESS LIMITED,2025-06-24,STERLING,Harrow,Skilled Worker
DNO/464 - Enterprise Portfolio Strategy Implementation - P2 - CAN,1000000.0,KPMG LLP,2025-06-23,KPMG LLP,London,Global Business Mobility: Senior or Specialist Worker / Skilled Worker
Call-off contract for the provision of resettlement services,30000.0,BRITISH REFUGEE COUNCIL,2025-06-23,BRITISH COUNCIL,London,Global Business Mobility: Senior or Specialist Worker / Government Authorised Exchange  / Skilled Worker
ITEP0961 - Lumivero @Risk,57571.59,LUMIVERO UK LIMITED,2025-06-22,LUMIVERO UK LIMITED,London,Global Business Mobility: Senior or Specialist Worker / Skilled Worker
Food to Go DPS Contract Award Notices June 2025 - August 2025,78831476.0,RAYNOR FOODS,2025-06-19,RAYNOR FOODS LTD,Chelmsford,Skilled Worker
Food to Go DPS Contract Award Notices June 2025 - August 2025,78831476.0,TIFFIN SANDWICHES LTD,2025-06-19,TIFFIN SANDWICHES LTD,Bradford,Skilled Worker
Design and Construction of a new Police Station at Dovercourt,3962459.02,PENTACO CONSTRUCTION LTD,2025-06-18,CONSTRUCTION 5 LTD.,Leicester,Skilled Worker
The Weald Community School and 6th Form ~ Catering Tender,3365791.0,ABM CATERING LIMITED,2025-06-13,3 CATERING LIMITED,Oxford ,Skilled Worker
"Skills Bootcamp - Wave 6, Round 1 - Category 6, Information and Communication Technology (ICT)",1072500.0,FAREPORT TRAINING ORGANISATION LIMITED,2025-06-13,FAREPORT TRAINING ORGANISATION LIMITED,Fareham,Skilled Worker
36132 HINCKLEY HOUSE SCHOOL,83616.0,ASA TRANSPORT,2025-06-13,AA TRANSPORT,Springfield,Skilled Worker
"Skills Bootcamp - Wave 6, Round 1 - Category 5, Construction, Planning and the Built Environment",424500.0,WISE TRAINING STREETWORKS & CONSTRUCTION LTD,2025-06-13,WISE,High Wycombe,Religious Worker / Tier 2 Ministers of Religion
CON_27708 ServiceNow Implementation Partner,269992.0,DEVOTEAM LTD,2025-06-13,DEVOTEAM UK LTD,London,Global Business Mobility: Senior or Specialist Worker / Skilled Worker
LSF - Lot 2 (DA) - Fair Oak Infant School - Removal and Repair of Log Retaining Wall - AWARD,41336.65,SCANDOR LANDSCAPE CONTRACTORS LTD,2025-06-13,G CONTRACTORS LTD.,Hounslow,Skilled Worker
GB-Liverpool: LW123 Carbon Management Support,30000.0,CARBON GREEN LTD,2025-06-12,CARBON GREEN LTD (MYCARBON),London,Skilled Worker
Call Off Contract for an Email Communications Platform,75650.0,FORFRONT LTD,2025-06-11,FORFRONT LTD,"Epsom,",Skilled Worker
713225450 - CARP Testing and Exercising,922988.0,DELOITTE LLP,2025-06-11,DELOITTE LLP,London,Global Business Mobility: Senior or Specialist Worker / Skilled Worker
External Financial Advisory Support for Existing Nuclear Projects,1000000.0,PA CONSULTING GROUP LIMITED,2025-06-10,BLAYZE CONSULTING GROUP LIMITED,London,Skilled Worker
Biological Services- Models Cryopreservation of MHRA Breeding Stock,80000.0,CHARLES RIVER U.K. LIMITED,2025-06-09,U & K LIMITED,London,Skilled Worker
Cornwall Badger Vaccination Pilot,1370231.07,NFU,2025-06-06,NFU MUTUAL (SERVICE COMPANY) LIMITED,Warwickshire,Skilled Worker
THRE02-B07 Technical Advisors to support the Rail Contract Projects,41400.0,OVE ARUP & PARTNERS LTD,2025-06-06,OVE ARUP AND PARTNERS INTERNATIONAL LTD,London,Global Business Mobility: Senior or Specialist Worker / Skilled Worker
NHS Login Transform 2,16250000.0,HIPPO DIGITAL LIMITED,2025-06-06,HIPPO DIGITAL LIMITED,Leeds,Skilled Worker
Gates - Lambeth HQ - Lot 1,249253.5,AXIS EUROPE,2025-06-06,AXIS SPECIALTY EUROPE SE,London,Global Business Mobility: Senior or Specialist Worker / Skilled Worker
Contract for Provision of MODICM Study Support KCL,35408.67,KING'S COLLEGE LONDON BUSINESS LIMITED,2025-06-04,KING'S COLLEGE LONDON BUSINESS LIMITED,Newquay,Skilled Worker
Front Gates - Lambeth Lot 2,267312.09,AXIS EUROPE,2025-06-02,AXIS SPECIALTY EUROPE SE,London,Global Business Mobility: Senior or Specialist Worker / Skilled Worker
Consultancy - Workstream lead,195781.51,CONSULTANCY+,2025-05-30,1ST CHOICE CONSULTANCY LTD,Birmingham,Skilled Worker
the Local Government Reorganisation (LGR) and Devolution Consultant,53688.01,JIGSAW BOX CONSULTING LIMITED,2025-05-29,JIGSAW +,Cranleigh,Skilled Worker
Corner Plot - EA & QS,49639.5,WALKER SIME LTD,2025-05-28,WALKER SIME,Manchester ,Skilled Worker
Loughborough Town Phase 3 LBS Tender Round 4 (Route 3/13 & 5A),31968.0,VECTARE LIMITED,2025-05-28,VECTARE LIMITED,Nottingham,Skilled Worker
Water Treatment Plant,125639.03,PROECONOMY LIMITED,2025-05-26,PRECONOMY LIMITED,Mansfield,Skilled Worker
Contract Award Notice Detection Maintenance and Consumables 2024 Extension (December),89524.0,RAPISCAN SYSTEMS LTD,2025-05-22,RAPISCAN SYSTEMS LTD,Salfords,Global Business Mobility: Senior or Specialist Worker / Skilled Worker
"Edgware Hospital - Healthcare Planning, Construction Consultancy and Ancillary Services.",40000.0,DREES AND SOMMER UK LIMITED,2025-05-22,DREES & SOMMER UK LIMITED,Manchester,Skilled Worker
Canon Infinix Maintenance,102939.68,CANON MEDICAL SYSTEMS LIMITED,2025-05-21,GE MEDICAL SYSTEMS LIMITED,Chalfont St. Giles,Global Business Mobility: Senior or Specialist Worker / Skilled Worker
Consultancy - HR/Payroll SME,128953.99,CONSULTANCY+,2025-05-20,1ST CHOICE CONSULTANCY LTD,Birmingham,Skilled Worker
BSMHFT Shared Care Record,1650284.0,INTERSYSTEMS CORPORATION (UK),2025-05-15,INTERSYSTEMS,Windsor,Global Business Mobility: Senior or Specialist Worker / Skilled Worker
Business Travel (via SUPC Framework Agreement),12000000.0,DIVERSITY TRAVEL LIMITED,2025-05-14,DIVERSITY TRAVEL,Manchester,Skilled Worker
HRE - CLOSED BRANCH LINES MINOR WORKS - BUI/37 Quinny Brook 10' culvert at Marshbrook - Scour coring works.,15593.1,AMCO,2025-05-14,AMCO ACCOUNTANTS LTD,Wimbledon,Skilled Worker
MESMAC - Fast-Track Cities Community Grants,10000.0,YORKSHIRE MESMAC,2025-05-14,YORKSHIRE MESMAC,Leeds,Skilled Worker
MWF - Lot 7 - Wolverdene Special School - Emergency Lighting Upgrade - AWARD,21822.52,GREEN BUILDING MAINTENANCE LIMITED,2025-05-14,MIP BUILDING MAINTENANCE LIMITED,London,Skilled Worker
ESC048/2025 Middlesbrough Programmed Footway Works 2024/2025,70000.0,TARMAC TRADING LIMITED,2025-05-14,TARMAC TRADING LIMITED,Solihull,Global Business Mobility: Senior or Specialist Worker / Skilled Worker
Energy Bureau Services,226000.0,SMS ENERGY SERVICES LIMITED,2025-05-14,STEM ENERGY SERVICES LIMITED,Aberdeen,Skilled Worker
Canine Currency Detection Research,149830.0,BOURNEMOUTH UNIVERSITY,2025-05-14,BOURNEMOUTH UNIVERSITY,Poole,Government Authorised Exchange  / Skilled Worker
TC040- Surfacing of Carriageways and Footways Framework,48000000.0,J. HOPKINS (CONTRACTORS) LIMITED,2025-05-13,MK CONTRACTORS LIMITED,Bedfordshire,Skilled Worker
JFrog Enterprise Edition Renewal 2025,38476.17,TRUSTMARQUE SOLUTIONS LIMITED,2025-05-13,TRUSTMARQUE SOLUTIONS LIMITED,York,Skilled Worker
Future Sheffield Transformation Programme SoW 2025-001,1404000.0,PRICEWATERHOUSECOOPERS LLP (PWC),2025-05-13,PRICEWATERHOUSECOOPERS LLP,London,Global Business Mobility: Graduate Trainee / Global Business Mobility: Senior or Specialist Worker / Skilled Worker
TC040- Surfacing of Carriageways and Footways Framework,48000000.0,TARMAC TRADING LIMITED,2025-05-13,TARMAC TRADING LIMITED,Solihull,Global Business Mobility: Senior or Specialist Worker / Skilled Worker
NC760 Window and High Level Cleaning,300000.0,ANTAC SUPPORT SERVICES LTD,2025-05-12,ANTAC SUPPORT SERVICES LTD,High Wycombe,Skilled Worker
"Supply of Training, Learning and Development Solutions",1.0,INSTITUTE OF DIRECTORS,2025-05-12,INSTITUTE OF DIRECTORS,London,Skilled Worker
Lease of x3 Nissan Primaster Tekna l2 H1 Crew cabs,117021.6,ATHLON MOBILITY SERVICES UK LIMITED,2025-05-12,ATHLON MOBILITY SERVICES UK LIMITED,Milton Keynes ,Global Business Mobility: Senior or Specialist Worker / Skilled Worker
"ITT for Project 600645, 600641",17160.0,MAYFLOWER INNOVATION LIMITED,2025-05-12,MAYFLOWER,Flitwick,Skilled Worker
"Supply of Training, Learning and Development Solutions",1.0,OPTIMA TRAINING AND  CONSULTANCY,2025-05-12,OPTIMA TRAINING & CONSULTANCY LIMITED,Harlow,Skilled Worker
"Supply of Training, Learning and Development Solutions",1.0,THE UNIVERSITY OF KENT,2025-05-12,UNIVERSITY OF KENT,Canterbury,Government Authorised Exchange  / Skilled Worker
"Supply of Training, Learning and Development Solutions",1.0,REAL GROUP LTD,2025-05-12,REAL GROUP LTD,Canterbury,Skilled Worker
"Supply of Training, Learning and Development Solutions",1.0,KPMG LLP,2025-05-12,KPMG LLP,London,Global Business Mobility: Senior or Specialist Worker / Skilled Worker
Refurbishment and Repairs to Vacant Properties (Voids),17268026.3,CARDO (WALES & WEST) LIMITED,2025-05-12,CARDO (WALES & WEST) LIMITED,Cardiff,Skilled Worker
WNC Mystery Traveller Consultancy Service,26410.4,SYSTRA LTD,2025-05-12,SYSTRA LTD,London,Global Business Mobility: Senior or Specialist Worker / Skilled Worker
"Supply of Training, Learning and Development Solutions",1.0,PREMIER PEOPLE SOLUTIONS LTD T/A PREMIER PARTNERSHIP,2025-05-12,A.T.E. SOLUTIONS LTD,Blisworth,Skilled Worker
"Supply of Training, Learning and Development Solutions",1.0,ASTUTIS LTD,2025-05-12,ASTUTIS LTD,CARDIFF,Skilled Worker
System Integration and Programme Management Services,36000000.0,CAPGEMINI UK PLC,2025-05-09,CAPGEMINI UK PLC,London,Global Business Mobility: Graduate Trainee / Global Business Mobility: Senior or Specialist Worker / Skilled Worker
"ITT for Project 600648, 600647",15200.0,SANDHILLS MANAGEMENT CONSULTANCY LIMITED,2025-05-09,BN MANAGEMENT CONSULTANCY LIMITED,Ilford,Skilled Worker
HMLR701120 - SCS Recruitment - Product and Service Design.,20495.0,GLOBAL RESOURCING LTD,2025-05-07,GLOBAL RESOURCING,Watford,Skilled Worker
HMLR701096 - SCS Recruitment - Product and Service Design.,20495.0,GLOBAL RESOURCING LTD,2025-05-07,GLOBAL RESOURCING,Watford,Skilled Worker
THM - AOMR Lot 1 - Temple Footbridge Centre Span Removal,176119.37,JACKSON CIVIL ENGINEERING LIMITED,2025-05-07,FG ENGINEERING+ LIMITED,London,Skilled Worker
Managed Service Provider (MSP) Staffing,30000000.0,ADECCO UK LIMITED,2025-05-06,ADECCO UK LIMITED,London,Global Business Mobility: Senior or Specialist Worker / Skilled Worker
CWC24168 - Northwood Park Improvements,334303.32,JP LANDSCAPES & CONSTRUCTION LTD,2025-05-01,CONSTRUCTION 5 LTD.,Leicester,Skilled Worker
"Renewable Heating Systems - Servicing, Maintenance, Repairs & Installation",1500000.0,LOW CARBON EXCHANGE LIMITED,2025-05-01,LOW CARBON LIMITED,Exeter,Skilled Worker
HMLR701104 - Legal Advice Service,20000.0,WARD HADAWAY LLP,2025-05-01,WARD HADAWAY LLP,Newcastle upon Tyne,Skilled Worker
Subscription Based Research Services,136450.0,GARTNER UK LIMITED,2025-04-30,GARTNER UK LIMITED,Egham,Global Business Mobility: Senior or Specialist Worker / Skilled Worker
"Complex Project Works, Major Voids, Major / Long-term Decants, Insurance Works, and Equipment & Adaptations for London, Kent, Sussex, Hampshire",780000.0,CORIN DUDLEY ELECTRICAL SERVICES LIMITED,2025-04-23,CORIN LIMITED,Cirencester,Global Business Mobility: Senior or Specialist Worker / Skilled Worker
SKDC Upgrade to Adelante SmartPay 6 - Income Management and Cash Receipting,124649.49,ADELANTE SOFTWARE LTD,2025-04-21,ADELANTE SOFTWARE LTD,Maidenhead,Skilled Worker
Internal Audit Services,115000.0,H W CONTROLS & ASSURANCE LTD (TRADING AS VALIDERA),2025-04-16,K W TRADING LTD,Bournemouth,Skilled Worker
618467 A628 Crowden to Salters Brook Pavement,3863490.92,TARMAC TRADING LIMITED,2025-04-16,TARMAC TRADING LIMITED,Solihull,Global Business Mobility: Senior or Specialist Worker / Skilled Worker
Transport Professional Services Framework (2025),120000000.0,WARD HADAWAY LLP,2025-04-15,WARD HADAWAY LLP,Newcastle upon Tyne,Skilled Worker
Transport Professional Services Framework (2025),120000000.0,WEIGHTMANS LLP,2025-04-15,WEIGHTMANS LLP,Liverpool,Skilled Worker
Transport Professional Services Framework (2025),120000000.0,ERNST & YOUNG LLP,2025-04-15,ERNST & YOUNG,London,Global Business Mobility: Graduate Trainee / Global Business Mobility: Senior or Specialist Worker / Skilled Worker
Transport Professional Services Framework (2025),120000000.0,IPSOS LIMITED,2025-04-15,IPSOS MORI UK LIMITED,London,Global Business Mobility: Senior or Specialist Worker / Skilled Worker
Transport Professional Services Framework (2025),120000000.0,EGIS UK - CONSULTING AND ENGINEERING LIMITED,2025-04-15,EGIS UK - CONSULTING AND ENGINEERING LIMITED,London,Skilled Worker
Transport Professional Services Framework (2025),120000000.0,DLA PIPER UK LLP,2025-04-15,DLA PIPER UK LLP,London,Global Business Mobility: Graduate Trainee / Global Business Mobility: Senior or Specialist Worker / Skilled Worker
Transport Professional Services Framework (2025),120000000.0,JACOBS U.K LIMITED,2025-04-15,U & K LIMITED,London,Skilled Worker
Transport Professional Services Framework (2025),120000000.0,STEER DAVIES & GLEAVE LTD,2025-04-15,STEER DAVIES & GLEAVE LTD,London,Global Business Mobility: Senior or Specialist Worker / Skilled Worker
Transport Professional Services Framework (2025),120000000.0,OVE ARUP & PARTNERS LIMITED,2025-04-15,L & L PARTNERS LIMITED,Stockton-On-Tees,Skilled Worker
Transport Professional Services Framework (2025),120000000.0,PHIL JONES ASSOCIATES LIMITED,2025-04-15,PHIL JONES ASSOCIATES LTD,Birmingham,Skilled Worker
Transport Professional Services Framework (2025),120000000.0,PINSENT MASONS LLP,2025-04-15,PINSENT MASONS LLP,Birmingham,Global Business Mobility: Graduate Trainee / Global Business Mobility: Senior or Specialist Worker / Skilled Worker
Transport Professional Services Framework (2025),120000000.0,MACE CONSULT LIMITED,2025-04-15,MACE CONSULT LIMITED,London,Skilled Worker
Transport Professional Services Framework (2025),120000000.0,STANTEC UK LTD,2025-04-15,STANTEC UK LTD,Warrington,Global Business Mobility: Senior or Specialist Worker / Skilled Worker
Transport Professional Services Framework (2025),120000000.0,KPMG LLP,2025-04-15,KPMG LLP,London,Global Business Mobility: Senior or Specialist Worker / Skilled Worker
Transport Professional Services Framework (2025),120000000.0,JONES LANG LASALLE LTD,2025-04-15,JONES LANG LASALLE SERVICES LTD,London,Global Business Mobility: Senior or Specialist Worker / Skilled Worker
Transport Professional Services Framework (2025),120000000.0,CURRIE & BROWN UK LIMITED,2025-04-15,CURRIE & BROWN INTERNATIONAL LIMITED,London,Global Business Mobility: Senior or Specialist Worker / Skilled Worker
Transport Professional Services Framework (2025),120000000.0,CITISENSE LTD,2025-04-15,CITISENSE LTD,London,Scale-up
Transport Professional Services Framework (2025),120000000.0,PELL FRISCHMANN CONSULTANTS LTD,2025-04-15,PELL FRISCHMANN CONSULTANTS LTD,London,Global Business Mobility: Senior or Specialist Worker / Skilled Worker
Transport Professional Services Framework (2025),120000000.0,BDRC CONTINENTAL LIMITED,2025-04-15,BDRC CONTINENTAL LIMITED TRADING AS BVA BDRC,London,Global Business Mobility: Senior or Specialist Worker / Skilled Worker
Transport Professional Services Framework (2025),120000000.0,ATKINSRÉALIS UK LIMITED,2025-04-15,ATKINSREALIS UK LIMITED,London,Global Business Mobility: Graduate Trainee / Global Business Mobility: Senior or Specialist Worker / Skilled Worker
Transport Professional Services Framework (2025),120000000.0,ARCADIS CONSULTING (UK) LIMITED,2025-04-15,4S UK CONSULTING LIMITED,Reading,Skilled Worker
Transport Professional Services Framework (2025),120000000.0,CBRE LIMITED,2025-04-15,CBRE LIMITED,London,Global Business Mobility: Senior or Specialist Worker / Skilled Worker
Transport Professional Services Framework (2025),120000000.0,WSP UK LIMITED,2025-04-15,KWS UK LIMITED,Royston ,Global Business Mobility: Graduate Trainee / Global Business Mobility: Senior or Specialist Worker / Skilled Worker
Transport Professional Services Framework (2025),120000000.0,BWB CONSULTING LIMITED,2025-04-15,BB7 CONSULTING LIMITED,Chatham,Skilled Worker
Transport Professional Services Framework (2025),120000000.0,AECOM LIMITED,2025-04-15,AECOM LIMITED,London,Global Business Mobility: Senior or Specialist Worker / Skilled Worker
Transport Professional Services Framework (2025),120000000.0,ADDLESHAW GODDARD LLP,2025-04-15,ADDLESHAW GODDARD LLP,London,Global Business Mobility: Graduate Trainee / Global Business Mobility: Senior or Specialist Worker / Skilled Worker
P4104103 Legal Advisers for the Future Borders Policy Team,45000.0,DLA PIPER UK LLP,2025-04-14,DLA PIPER UK LLP,London,Global Business Mobility: Graduate Trainee / Global Business Mobility: Senior or Specialist Worker / Skilled Worker
CA15682 - MAINT6580 - RFL - Brevera biopsy system BVB00104 for the period 19.3.25 - 30.9.27. maintenance contract,10177.99,HOLOGIC LTD.,2025-04-14,HOLOGIC LTD,Manchester,Global Business Mobility: Senior or Specialist Worker / Skilled Worker
Utilities Bureau and Software Platform - AWARD,0.0,SMS ENERGY SERVICES LIMITED,2025-04-14,STEM ENERGY SERVICES LIMITED,Aberdeen,Skilled Worker
"AWE005 0900 2025-04-14 Leiston to Potsford Farm, Wickham Market Road Letheringham Suffolk IP13 0NB (4-seater vehicle required) - AWARD",9085.44,A R CARS LTD,2025-04-14,R&R CARS LTD,Slough,Skilled Worker
GSCIP Datasets: Lot 1 Generalist Company and Supply Level Data - S&P,840000.0,S&P GLOBAL LIMITED,2025-04-14,S&P GLOBAL LIMITED,London,Global Business Mobility: Senior or Specialist Worker / Skilled Worker
P4104017 - Legal Advisers for the STARThree Framework,200000.0,SHARPE PRITCHARD LLP,2025-04-14,SHARPE PRITCHARD LLP,London,Skilled Worker
Refurbishment of Play Area,41931.71,KOMPAN LIMITED,2025-04-09,SKOMPA LIMITED,Londonderry,Skilled Worker
Building Retrofit & Refurbishment/Improvement Works Framework,37500000.0,BELL GROUP LIMITED,2025-04-08,BELL GROUP U.K. LIMITED,airdrie,Skilled Worker
Cash In Transit - Premises collection and Parking Machines,99000.0,RMS CASH SOLUTIONS LTD TRADING AS PIVOTAL,2025-04-08,RMS CASH SOLUTIONS LTD T/A PIVOTAL,Belfast,Skilled Worker
LCF11 - Greenwood Academy - Pype Hayes Ward Site - AWARD,130650.0,HAYSTOUN CONSTRUCTION LTD,2025-04-08,HAYSTOUN CONSTRUCTION LTD,Kenilworth,Skilled Worker
Building Retrofit & Refurbishment/Improvement Works Framework,37500000.0,CLC CONTRACTORS LIMITED,2025-04-08,MK CONTRACTORS LIMITED,Bedfordshire,Skilled Worker
EV Fuel Cards for BUS Vehicles  - AWARD,0.0,ALLSTAR BUSINESS SOLUTIONS LTD,2025-04-07,G3 BUSINESS SOLUTIONS LTD,Bradford,Skilled Worker
GB-Manchester: ACE 683 CCS - Senior Recruitment Campaign for Midlands Area Director,20000.0,GREEN PARK INTERIM AND EXECUTIVE LTD,2025-04-04,GREEN PARK INTERIM & EXECUTIVE LTD,Victoria,Skilled Worker
Homes England-Property and Financial Services Framework-Valuation Barking Riverside,45950.0,AVISON YOUNG,2025-04-04,AVISON YOUNG (UK) LIMITED,Birmingham,Skilled Worker
Appointment of an Occupational Health Provider,270000.0,HEALTH PARTNERS GROUP LIMITED,2025-04-03,L & L PARTNERS LIMITED,Stockton-On-Tees,Skilled Worker
Salary Sacrifice Additional Voluntary Contributions,0.0,AVC WISE LIMITED,2025-04-02,WISE,High Wycombe,Religious Worker / Tier 2 Ministers of Religion
Adobe Licenses,96582.7,BYTES SOFTWARE SERVICES LTD,2025-04-01,BYTES SOFTWARE SERVICES LIMITED,Leatherhead,Global Business Mobility: Senior or Specialist Worker / Skilled Worker
SUPPLY OF SHORT COURSES THAT ARE FUNDED THROUGH ADULT SKILLS FUND TO LEARNERS WITH DEVON AND TORBAY RESIDENTIAL POSTCODES.,84000.0,SKILLS NETWORK,2025-04-01,SKILLS OFFICE NETWORK,Gateshead,Skilled Worker
Bus Shelter Advertising Extension,3000000.0,BAUER MEDIA OUTDOOR UK LIMITED,2025-04-01,BAUER MEDIA OUTDOOR INTERNATIONAL LIMITED,London,Skilled Worker
New Berwick Hospital - Gym Equipment,41302.88,TECHNOGYM U.K. LIMITED,2025-04-01,TECHNOGYM U.K. LIMITED,Bracknell,Global Business Mobility: Senior or Specialist Worker / Skilled Worker
Provision of Legal Services to DESNZ for GBE and other Arm's Length Bodies 2025 - 2027,2000000.0,SHARPE PRITCHARD LLP,2025-04-01,SHARPE PRITCHARD LLP,London,Skilled Worker
NE - CSF-CCS Core Services Phase 2 - T&T (Core),361000.0,TURNER & TOWNSEND PROJECT MANAGEMENT LIMITED,2025-04-01,RB PROJECT MANAGEMENT LIMITED,London,Skilled Worker
Provision of GIS Software System,173559.0,ESRI (UK) LIMITED,2025-03-31,SVRI UK LIMITED,Guildford,Skilled Worker
Compensation Survey Report,13200.0,AON UK LIMITED,2025-03-31,AON UK  LIMITED,London,Global Business Mobility: Senior or Specialist Worker / Skilled Worker
Royal Parade Bus Improvement Scheme Construction,4600000.0,MORGAN SINDALL CONSTRUCTION & INFRASTUCTURE LIMITED,2025-03-31,MORGAN SINDALL CONSTRUCTION & INFRASTRUCTURE LTD,Rugby,Skilled Worker
Gym Equipment Refurbishment,288535.76,SERVICE SPORT (UK) LIMITED,2025-03-31,M-SPORT LIMITED,Cockermouth,Skilled Worker
Provision of Insurance Coverage for the North Devon District Council,2207855.0,PROTECTOR INSURANCE UK LTD,2025-03-31,PROTECTOR INSURANCE,Manchester,Global Business Mobility: Senior or Specialist Worker / Skilled Worker
Data Management Consultancy and Software,192000.0,EXPERIAN LIMITED,2025-03-30,EXPERIAN LIMITED,Nottingham,Global Business Mobility: Graduate Trainee / Global Business Mobility: Senior or Specialist Worker / Skilled Worker
G-Cloud 14 (Lot 3: Cloud Support) - Hyperion Technical Services,931708.4,PARICO LIMITED,2025-03-30,PURICO LIMITED,Nottingham,Global Business Mobility: Senior or Specialist Worker / Skilled Worker
714501451,931708.4,PARICO LIMITED,2025-03-30,PURICO LIMITED,Nottingham,Global Business Mobility: Senior or Specialist Worker / Skilled Worker
Badgernet- System C Clinical outcomes,600057.0,SYSTEM C HEALTHCARE LIMITED,2025-03-28,C & K HEALTHCARE LIMITED,HARROW,Skilled Worker
WebV Application Support,117840.0,INSIGHT DIRECT (UK) LTD,2025-03-28,INSIGHT DIRECT (UK) LTD,Sheffield,Global Business Mobility: Senior or Specialist Worker / Skilled Worker
Internal Audit Services for Gateway Housing,350000.0,KPMG LLP,2025-03-26,KPMG LLP,London,Global Business Mobility: Senior or Specialist Worker / Skilled Worker
1068 Capital WIFI Infrastructure Upgrade BHNFT,233327.75,CAE TECHNOLOGY SERVICES LTD,2025-03-26,CAE TECHNOLOGY SERVICES LIMITED,Hemel Hempstead,Skilled Worker
Public Sector Reform (PSR) Test and Learn Wave One,165600.0,BEHAVIOURAL INSIGHTS LTD,2025-03-19,BEHAVIOURAL INSIGHTS LTD,London,Skilled Worker
Rowstock Area Transport Study,69790.37,SYSTRA LTD,2025-03-19,SYSTRA LTD,London,Global Business Mobility: Senior or Specialist Worker / Skilled Worker
"ITT for projects 10149731, 10151558",9880.0,KLCE CONSULTING LTD.,2025-03-18,N CONSULTING LTD,London,Global Business Mobility: Graduate Trainee / Global Business Mobility: Senior or Specialist Worker / Skilled Worker
New Berwick Hospital - Dental Chairs,41000.0,HENRY SCHEIN UK HOLDINGS LIMITED,2025-03-18,HENRY SCHEIN UK HOLDINGS LIMITED,Gillingham,Global Business Mobility: Senior or Specialist Worker / Skilled Worker
"ITT for projects 10150592, 10149001, 10148625",13200.0,PROMAR INTERNATIONAL LIMITED,2025-03-17,AV INTERNATIONAL LIMITED,Manchester,Skilled Worker
VAT Services,37000.0,LIAISON VAT CONSULTANCY LIMITED,2025-03-15,LIAISON  VAT CONSULTANCY LTD,Hertfordshire,Skilled Worker
Landscaping for The Observatory and EDC Owned Sites,150000.0,FRYER CLEANING AND MAINTENANCE LTD,2025-03-14,K MAINTENANCE LTD,London,Skilled Worker
eConsult for MOD,98000.0,ECONSULT HEALTH LIMITED,2025-03-14,CONSULHEALTH LIMITED,London,Skilled Worker
Berwick Community Hospital Office Furniture,46357.35,DAMS FURNITURE,2025-03-13,DAMS FURNITURE LTD,Knowsley,Skilled Worker
Lot 9 - 080 B1218 Brigg Road Junction with Bonby Lane VRS Repairs,8304.0,PBS CONSTRUCTION (NORTH EAST) LTD,2025-03-10,CONSTRUCTION 5 LTD.,Leicester,Skilled Worker
GB-Sheffield: Adaptive Planning Consultancy and Support,72500.0,FOCAL SOLUTIONS CONSULTING LTD,2025-03-10,N CONSULTING LTD,London,Global Business Mobility: Graduate Trainee / Global Business Mobility: Senior or Specialist Worker / Skilled Worker
Shoulders (Orthopaedics) -Stryker,2834688.0,STRYKER UK LIMITED,2025-03-07,STRYKER UK LIMITED,Newbury,Global Business Mobility: Senior or Specialist Worker / Skilled Worker
Legal Support for CASTLE Phase 1,25000.0,WOMBLE BOND DICKINSON (UK) LLP,2025-03-06,WOMBLE BOND DICKINSON (UK) LLP,London,Skilled Worker
Respite Care Block Booked Beds located on the Isle of Wight for people suffering with Dementia on the Isle of Wight.,873600.0,ISLAND HEALTHCARE LTD,2025-03-06,ISLAND HEALTHCARE LTD,Ryde,Skilled Worker
"Complex Project Works, Major Voids, Major / Long-term Decants, Insurance Works, and Equipment & Adaptations for London",748800.0,MONOLITH CONSTRUCTION LTD,2025-03-03,CONSTRUCTION 5 LTD.,Leicester,Skilled Worker
LGR Consultancy Services,140000.0,PRICEWATERHOUSECOOPERS,2025-02-28,PRICEWATERHOUSECOOPERS (NORTHERN IRELAND) LLP,Belfast,Skilled Worker
Network Infrastructure review,51272.72,CDW LIMITED,2025-02-28,CDW LIMITED,London,Global Business Mobility: Senior or Specialist Worker / Skilled Worker
"Complex Project Works, Major Voids, Major / Long-term Decants, Insurance Works, and Equipment & Adaptations for London, Kent, and Sussex.",360533.33,AOCS PROPERTY MAINTENANCE LTD,2025-02-25,MM PROPERTY MAINTENANCE LTD,Slough,Skilled Worker
Jira and Confluence Licences,808744.79,VALIANTYS LIMITED,2025-02-24,VALIANTYS LIMITED,London,Skilled Worker
23-56 Print Management Services,670000.0,STERLING PRESS LTD,2025-02-21,STERLING,Harrow,Skilled Worker
23-56 Print Management Services,670000.0,HARLOW PRINTING LIMITED,2025-02-21,HARLOW PRINTING LIMITED,South Shields,Skilled Worker
King's Dock Development Phase Two Multidisciplinary Team,307609.4,ATKINS REALIS UK LIMITED,2025-02-17,ATKINSREALIS UK LIMITED,London,Global Business Mobility: Graduate Trainee / Global Business Mobility: Senior or Specialist Worker / Skilled Worker
Construction Project Management and associated services,6000000.0,PERFECT CIRCLE JV LTD,2025-02-11,CIRCLE,London,Skilled Worker
Web Forms,38810.0,GOSS INTERACTIVE LIMITED,2025-01-31,EG INTERACTIVE LIMITED,London,Skilled Worker
850 Bus Service - Sunday Service,40000.0,CAROUSEL,2025-01-14,CAROUSEL LOGISTICS LTD,Sittingbourne,Skilled Worker
712885451_Data Quality Management Servies,495000.0,HIPPO DIGITAL LIMITED,2025-01-01,HIPPO DIGITAL LIMITED,Leeds,Skilled Worker
MOPAC: Prison Violence Reduction Interventions (Phase 2),2025000.0,BELONG: MAKING JUSTICE HAPPEN,2024-12-10,JUSTICE,London,Charity Worker 
Standard Service Agreement JEOL-Royce Electron Microscopes,82000.0,JEOL(U.K.)LIMITED,2024-11-29,JEOL (U.K.) LIMITED,WELWYN GARDEN CITY,Global Business Mobility: Senior or Specialist Worker / Skilled Worker
Standard Service Agreement JEOL-Royce Electron Microscopes 2023-2024,82000.0,JEOL(U.K.)LIMITED,2024-11-29,JEOL (U.K.) LIMITED,WELWYN GARDEN CITY,Global Business Mobility: Senior or Specialist Worker / Skilled Worker
ESCC-HP-DAW-Construction and Engineering Design Services to provide technical support through the construction stage of the Phase 2B Queensway Gateway Road (QGR) project.,83000.0,CAMPBELLREITH CONSULTING ENGINEERS,2024-11-26,E3 CONSULTING ENGINEERS,Bristol,Skilled Worker
MH 0095 - Project Management as a Service - AWARD,0.0,METHODS BUSINESS AND DIGITAL TECHNOLOGY LTD,2024-11-21,METHODS BUSINESS AND DIGITAL TECHNOLOGY,London,Skilled Worker
Tier 4 Detoxification: Lot 1 Inpatient Detoxification and Lot 2 Inpatient Residential Rehabilitation,1832252.0,MERSEY CARE NHS TRUST,2024-11-18,MERSEY CARE NHS TRUST,Liverpool,Skilled Worker
Tier 4 Detoxification: Lot 1 Inpatient Detoxification and Lot 2 Inpatient Residential Rehabilitation,1832252.0,TURNING POINT SERVICES LTD,2024-11-18,TURNING POINT,Manchester,Skilled Worker
Tier 4 Detoxification: Lot 1 Inpatient Detoxification and Lot 2 Inpatient Residential Rehabilitation,1832252.0,KALEIDOSCOPE PROJECT,2024-11-18,KALEIDOSCOPE PROJECT,Cardiff,Skilled Worker
Tier 4 Detoxification: Lot 1 Inpatient Detoxification and Lot 2 Inpatient Residential Rehabilitation,1832252.0,GREATER MANCHESTER MENTAL HEALTH NHS FOUNDATION TRUST,2024-11-18,GREATER MANCHESTER MENTAL HEALTH NHS FOUNDATION TRUST,Prestwich,Skilled Worker
Photocopier agreement,382818.0,CANON (UK) LTD,2024-11-08,CANON (UK) LTD,Hayes,Global Business Mobility: Senior or Specialist Worker / Skilled Worker
Wessex Public Health Specialty Training- MSc in Public Health,291000.0,UNIVERSITY OF SOUTHAMPTON,2024-10-23,UNIVERSITY OF SOUTHAMPTON,Southampton,Creative Worker / Government Authorised Exchange  / Skilled Worker
OneTrust Extension,156495.0,ONETRUST TECHNOLOGY LIMITED,2024-10-15,ONETRUST TECHNOLOGY LIMITED,London,Global Business Mobility: Senior or Specialist Worker / Skilled Worker
948 GM Leadership Development Programme,140000.0,GREEN PARK INTERIM AND EXECUTIVE LTD.,2024-09-30,GREEN PARK INTERIM & EXECUTIVE LTD,Victoria,Skilled Worker
Gas supply contract award,9000000.0,CORONA ENERGY LIMITED,2024-09-26,CORONA ENERGY LIMITED,Watford,Skilled Worker
The provision of a Road Map for achieving a Net Zero Carbon Borough in Basingstoke and Deane,57350.0,THE CARBON TRUST,2024-09-13,THE CARBON TRUST,London,Skilled Worker
THRE0044 - Business Case Study,300000.0,MACE CONSULT LIMITED,2024-09-02,MACE CONSULT LIMITED,London,Skilled Worker
TfL FIRE PROTECTION SYSTEMS - MAINTENANCE SERVICES,60954071.0,TELENT TECHNOLOGY SERVICES LIMITED,2024-08-30,TELENT TECHNOLOGY SERVICES LIMITED,Warwick,Skilled Worker
North Northamptonshire Council- Technical Lead Consultant,174200.0,NEW NETWORKS LIMITED,2024-08-19,NEOS NETWORKS LIMITED,Perth,Skilled Worker
GMCA 1192 Northern Gateway Strategic Advisor,148062.45,KPMG LLP,2024-08-14,KPMG LLP,London,Global Business Mobility: Senior or Specialist Worker / Skilled Worker
RUGCON - Cremator and Filtration Equipment Maintenance,479280.0,FACULTATIEVE TECHNOLOGIES LTD,2024-07-29,FACULTATIEVE TECHNOLOGIES LIMITED,Leeds,Skilled Worker
Thermo-Fisher (FEI) Electron Microscope Service Contract,82000.0,FEI UK LIMITED,2024-07-18,FENDI UK LIMITED,London,Global Business Mobility: Senior or Specialist Worker / Skilled Worker
HMCTS Newgate Fit Out - Construction - BPRN 628/22/8417,31275493.91,WATES CONSTRUCTION LIMITED,2024-06-20,HG CONSTRUCTION LIMITED,HITCHIN,Skilled Worker
Software maintenance and repair,5929156.0,PHOENIX SOFTWARE LIMITED,2024-06-10,PHOENIX SOFTWARE LIMITED,York,Skilled Worker
FEW1374 - Service User Participation Service,48000.0,MOSAIC 1898 LTD,2024-06-07,MOSAIC 1898,Leicester,Skilled Worker
Supply of Services - Woods Building Services Ltd t/a AA Woods,2250000.0,WOODS BUILDING SERVICES LTD T/A AA WOODS,2024-05-25,A&R BUILDING SERVICES LTD,NORTH WEMBLEY,Skilled Worker
Purchase of Gas Supply,18940000.0,CORONA ENERGY RETAIL 4 LIMITED,2024-05-20,CORONA ENERGY LIMITED,Watford,Skilled Worker
Homes England - UKREiiF 2024 UKREiiF Pavillion Partnership Fee (Direct award),15000.0,SHARED BUSINESS SERVICES LTD (CABINET OFFICE),2024-05-17,CABINET OFFICE,London,Government Authorised Exchange  / Skilled Worker
ENQ1019 - VRS Repairs - Vehicle Restraint Systems (Crash Barrier Repairs),26882.2,HATTON TRAFFIC MANAGEMENT LTD,2024-03-31,HATTON TRAFFIC MANAGEMENT LIMITED,Newcastle upon Tyne,Skilled Worker
Security software,1238040.0,INSIGHT DIRECT (UK) LTD,2024-03-20,INSIGHT DIRECT (UK) LTD,Sheffield,Global Business Mobility: Senior or Specialist Worker / Skilled Worker
HVO Fuel,290000.0,WP GROUP LIMITED,2024-03-01,WSP GROUP LIMITED,London,Global Business Mobility: Senior or Specialist Worker / Skilled Worker
Pan-London Domiciliary Care AQP 2023,0.0,NEW SHEPHERD CARE LIMITED,2023-11-29,NEW SHEPHERD CARE LIMITED,Watford,Skilled Worker
Pan-London Domiciliary Care AQP 2023,0.0,CONCORD CARE SERVICES LTD,2023-11-29,CARE SERVICES,Solihull,Skilled Worker
Pan-London Domiciliary Care AQP 2023,0.0,GREEN ARROW CARE PROVIDERS LIMITED,2023-11-29,GREEN ARROW CARE PROVIDERS LIMITED,Hackney,Skilled Worker
Pan-London Domiciliary Care AQP 2023,0.0,CLIFTON CARE SERVICES LIMITED,2023-11-29,CARE SERVICES,Solihull,Skilled Worker
Pan-London Domiciliary Care AQP 2023,0.0,SIMPLIFIED STAFFING LIMITED,2023-11-29,SIMPLIFIED STAFFING LIMITED,Mitcham,Skilled Worker
Pan-London Domiciliary Care AQP 2023,0.0,PARAGON CARE AND LOCUM PARTNERSHIP LIMITED,2023-11-29,AA PARTNERSHIP LIMITED,Epsom,Skilled Worker
Pan-London Domiciliary Care AQP 2023,0.0,BEST AT HOME DOMICILIARY CARE SERVICES LTD,2023-11-29,BEST AT HOME DOMICILIARY CARE SERVICES LTD,Mitcham,Skilled Worker
Pan-London Domiciliary Care AQP 2023,0.0,ALPHA CARE AND SUPPORT SERVICES LIMITED,2023-11-29,ALPHA CARE AND SUPPORT SERVICES LIMITED,Ealing,Skilled Worker
Pan-London Domiciliary Care AQP 2023,0.0,REDYFNE RECRUITMENT AND STAFFING LIMITED,2023-11-29,MH RECRUITMENT LIMITED,Staines,Skilled Worker
Pan-London Domiciliary Care AQP 2023,0.0,REAL HOMECARE LIMITED,2023-11-29,REAL HOMECARE LIMITED,Tottenham,Skilled Worker
Pan-London Domiciliary Care AQP 2023,0.0,WOODBERRY CARE LTD,2023-11-29,WOODBERRY CARE LTD,LONDON,Skilled Worker
Pan-London Domiciliary Care AQP 2023,0.0,CLOVER SUPPORT GROUP LTD,2023-11-29,CLOVER SUPPORT GROUP LTD,Harlow,Skilled Worker
Pan-London Domiciliary Care AQP 2023,0.0,VITAL CARE AND SUPPORT LTD,2023-11-29,VITAL CARE AND SUPPORT LTD,London,Skilled Worker
Pan-London Domiciliary Care AQP 2023,0.0,PRIORY NURSING AGENCY AND HOMECARE LIMITED,2023-11-29,PRIORY NURSING AGENCY & HOMECARE LTD,London,Skilled Worker
Pan-London Domiciliary Care AQP 2023,0.0,ADAMS CARE LTD,2023-11-29,ADAMS CARE LTD,Chingford,Skilled Worker
Pan-London Domiciliary Care AQP 2023,0.0,NEMA HOME CARE LIMITED,2023-11-29,NEMA HOME CARE LIMITED,Essex,Skilled Worker
Pan-London Domiciliary Care AQP 2023,0.0,HH CARE SERVICES LTD,2023-11-29,CARE SERVICES,Solihull,Skilled Worker
Pan-London Domiciliary Care AQP 2023,0.0,QH CARE SERVICES LIMITED,2023-11-29,QH CARE SERVICES LIMITED,Wallington,Skilled Worker
Pan-London Domiciliary Care AQP 2023,0.0,SUPPORTING CARE NORTH EAST BRANCH LTD,2023-11-29,SUPPORTING CARE NORTH EAST BRANCH LTD,London,Skilled Worker
Pan-London Domiciliary Care AQP 2023,0.0,OAKTREE HOMECARE SERVICES LIMITED,2023-11-29,MNA HOMECARE SERVICES LIMITED,Greenford,Skilled Worker
Pan-London Domiciliary Care AQP 2023,0.0,KAEDI RECRUITMENT AGENCY LTD,2023-11-29,KAEDI RECRUITMENT AGENCY LTD,Finchley,Skilled Worker
Pan-London Domiciliary Care AQP 2023,0.0,NAVARROS CARE LIMITED,2023-11-29,NAVARROS CARE LIMITED T/A WALFINCH EAST BARNET,London ,Skilled Worker
Pan-London Domiciliary Care AQP 2023,0.0,KOME CARE LTD,2023-11-29,KOME CARE LTD,Bexleyheath,Skilled Worker
Pan-London Domiciliary Care AQP 2023,0.0,BLOOMSCARE LTD,2023-11-29,BLOOMSCARE LTD,Dagenham,Skilled Worker
Pan-London Domiciliary Care AQP 2023,0.0,KOPE-MEDICS LTD,2023-11-29,KOPE-MEDICS LTD,London,Skilled Worker
Pan-London Domiciliary Care AQP 2023,0.0,DION CARE SERVICES LIMITED,2023-11-29,CARE SERVICES,Solihull,Skilled Worker
Pan-London Domiciliary Care AQP 2023,0.0,ANGELIC HEALTHCARE SERVICES LIMITED,2023-11-29,S & S HEALTHCARE LIMITED,Sheffield,Skilled Worker
Pan-London Domiciliary Care AQP 2023,0.0,CIRCLE CARE LTD,2023-11-29,CARE CIRCLE LTD,Newmarket,Skilled Worker
Pan-London Domiciliary Care AQP 2023,0.0,METROPOLITAN CARE SERVICES LIMITED,2023-11-29,CARE SERVICES,Solihull,Skilled Worker
Pan-London Domiciliary Care AQP 2023,0.0,SHREEJI INC LTD,2023-11-29,SHREEJI INC LTD,Rainham,Skilled Worker
Pan-London Domiciliary Care AQP 2023,0.0,WILLOW CARE & SUPPORT LTD,2023-11-29,SUPPORT CARE LTD,Uxbridge,Skilled Worker
Pan-London Domiciliary Care AQP 2023,0.0,TRIPLE 3 HEALTHCARE GROUP LIMITED,2023-11-29,TRIPLE 3 HEALTHCARE GROUP LIMITED,Romford,Skilled Worker
Pan-London Domiciliary Care AQP 2023,0.0,SORTED HEALTHCARE LTD,2023-11-29,SORTED HEALTHCARE LTD.,Fleet,Skilled Worker
Pan-London Domiciliary Care AQP 2023,0.0,ABOUTME CARE SERVICES LTD,2023-11-29,CARE SERVICES,Solihull,Skilled Worker
Pan-London Domiciliary Care AQP 2023,0.0,CONNECT NURSING LIMITED,2023-11-29,CONNECT NURSING LIMITED,London,Skilled Worker
Pan-London Domiciliary Care AQP 2023,0.0,ANKSLEY LTD,2023-11-29,ANKSLEY LTD,Watford,Skilled Worker
Pan-London Domiciliary Care AQP 2023,0.0,BMM CARE LTD,2023-11-29,BMM CARE LTD,London,Skilled Worker
Pan-London Domiciliary Care AQP 2023,0.0,PEOPLES CARE LIMITED,2023-11-29,PEOPLES LIMITED,Falkirk,Skilled Worker
Pan-London Domiciliary Care AQP 2023,0.0,SUPPORTING CARE BARKING AND DAGENHAM LTD,2023-11-29,SUPPORTING CARE BARKING AND DAGENHAM LTD,BARKING,Skilled Worker
Pan-London Domiciliary Care AQP 2023,0.0,PHOENIX CARE (HAVERING) LIMITED,2023-11-29,PHOENIX CARE HAVERING LIMITED,ROMFORD,Skilled Worker
Pan-London Domiciliary Care AQP 2023,0.0,JOTHNO CARE AND SUPPORT LTD,2023-11-29,SUPPORT CARE LTD,Uxbridge,Skilled Worker
Pan-London Domiciliary Care AQP 2023,0.0,FIRST IN CARE SERVICES LTD,2023-11-29,FIRST IN CARE SERVICES LTD,Portsmouth,Skilled Worker
Pan-London Domiciliary Care AQP 2023,0.0,CALMLIVING HEALTHCARE LIMITED,2023-11-29,S & S HEALTHCARE LIMITED,Sheffield,Skilled Worker
Pan-London Domiciliary Care AQP 2023,0.0,SOCIAL CARE CONSORTIUM LTD,2023-11-29,SOCIAL CARE CONSORTIUM,North Finchley,Skilled Worker
Pan-London Domiciliary Care AQP 2023,0.0,HATSZZ PRESTIGE CARE LIMITED,2023-11-29,HATSZZ PRESTIGE CARE LIMITED,London,Skilled Worker
Pan-London Domiciliary Care AQP 2023,0.0,MERAKI UNIQUE CARE LIMITED - TRADING AS MY HOMECARE REDBRIDGE,2023-11-29,CARE UNIQUE LIMITED,Bradford,Skilled Worker
Pan-London Domiciliary Care AQP 2023,0.0,JOTHBEL CARE SERVICES LIMITED,2023-11-29,CARE SERVICES,Solihull,Skilled Worker
Pan-London Domiciliary Care AQP 2023,0.0,PRIMERA ASSISTED LIVING LIMITED,2023-11-29,PRIMERA ASSISTED LIVING LIMITED,Birmingham,Skilled Worker
Pan-London Domiciliary Care AQP 2023,0.0,PRIORY CARE SERVICES LTD,2023-11-29,PRIORY CARE SERVICES LTD,South Croydon,Skilled Worker
Pan-London Domiciliary Care AQP 2023,0.0,SUPPORTING CARE LTD,2023-11-29,SUPPORTING CARE LTD,LONDON,Skilled Worker
Pan-London Domiciliary Care AQP 2023,0.0,EVERGREEN HOMECARE SERVICES LTD.,2023-11-29,EVERGREEN HOMECARE SERVICES LTD,London,Skilled Worker
Pan-London Domiciliary Care AQP 2023,0.0,KT'S CARE ANGELS LTD,2023-11-29,KT'S CARE ANGELS LTD,Hatch End,Skilled Worker
Pan-London Domiciliary Care AQP 2023,0.0,MISSION HEALTH UK LIMITED,2023-11-29,MISSION HEALTH UK LIMITED,Dartford,Skilled Worker
Pan-London Domiciliary Care AQP 2023,0.0,TRINITY CARE SERVICES LIMITED,2023-11-29,TRINITY CARE SERVICES LIMITED,London,Skilled Worker
Pan-London Domiciliary Care AQP 2023,0.0,DAIMA GLOBAL LIMITED,2023-11-29,DAIMA GLOBAL LIMITED,London,Skilled Worker
Pan-London Domiciliary Care AQP 2023,0.0,CARELAND HEALTHCARE SERVICES LTD,2023-11-29,CARELAND HEALTHCARE SERVICES LTD,Woodford Green,Skilled Worker
Pan-London Domiciliary Care AQP 2023,0.0,NATION HOME CARE LIMITED,2023-11-29,EATON HOME CARE LIMITED,Cambridge,Skilled Worker
Pan-London Domiciliary Care AQP 2023,0.0,STAR MARIS HEALTHCARE LIMITED,2023-11-29,S & S HEALTHCARE LIMITED,Sheffield,Skilled Worker
Pan-London Domiciliary Care AQP 2023,0.0,LUU-BRIDGETS HEALTHCARE LIMITED,2023-11-29,LUU-BRIDGETS HEALTHCARE LIMITED,London,Skilled Worker
Pan-London Domiciliary Care AQP 2023,0.0,DENISE QUALITY CARE SERVICES LIMITED,2023-11-29,CARE SERVICES,Solihull,Skilled Worker
Pan-London Domiciliary Care AQP 2023,0.0,KADARCARE SERVICE LTD,2023-11-29,KADARCARE SERVICE LTD,London,Skilled Worker
Pan-London Domiciliary Care AQP 2023,0.0,CARE QTERS LTD,2023-11-29,CARE QTERS LTD,Barking,Skilled Worker
Pan-London Domiciliary Care AQP 2023,0.0,JANKAN ENTERPRISE LIMITED,2023-11-29,JANKAN ENTERPRISE LIMITED,Harold Wood,Skilled Worker
Pan-London Domiciliary Care AQP 2023,0.0,IMMACULATE HEALTHCARE SERVICES  LIMITED,2023-11-29,IMMACULATE HEALTHCARE SERVICES LIMITED,Selsdon,Skilled Worker
Pan-London Domiciliary Care AQP 2023,0.0,TRUST CARE SOLUTIONS LTD,2023-11-29,TRUST CARE SOLUTIONS LTD,Chigwell,Skilled Worker
Pan-London Domiciliary Care AQP 2023,0.0,PREMIER CARE SERVICES LTD,2023-11-29,CARE SERVICES,Solihull,Skilled Worker
Pan-London Domiciliary Care AQP 2023,0.0,OLIVE HOME CARE & SUPPORT LIMITED,2023-11-29,SUPPORT 7 CARE LIMITED,Stoke -on-Trent,Skilled Worker
Pan-London Domiciliary Care AQP 2023,0.0,ST MARGARET HEALTHCARE SERVICES LTD,2023-11-29,AA HEALTHCARE SERVICES LTD,London,Skilled Worker
Pan-London Domiciliary Care AQP 2023,0.0,BARGAIN HEALTH CARE LTD,2023-11-29,BARGAIN HEALTH CARE LTD,Ilford,Skilled Worker
Pan-London Domiciliary Care AQP 2023,0.0,BRIDGE CROSS CARE LTD,2023-11-29,BRIDGE CROSS CARE LTD,London,Skilled Worker
Pan-London Domiciliary Care AQP 2023,0.0,SGE CARE AND RECRUITMENT LIMITED,2023-11-29,DESTINY HEALTH CARE RECRUITMENT AND TRANING UK LIMITED,Dudley,Skilled Worker
Pan-London Domiciliary Care AQP 2023,0.0,CEIBRAXS LIMITED,2023-11-29,CEIBRAXS LIMITED,LONDON,Skilled Worker
Pan-London Domiciliary Care AQP 2023,0.0,TREAL CARE UK LIMITED,2023-11-29,TREAL CARE UK LIMITED,Hornchurch,Skilled Worker
Pan-London Domiciliary Care AQP 2023,0.0,THE CORNHILL GROUP SERVICES LTD,2023-11-29,THE CORNHILL GROUP SERVICES LTD.,Grays,Skilled Worker
Pan-London Domiciliary Care AQP 2023,0.0,BILLIONCARE LTD,2023-11-29,BILLIONCARE LTD,Bromley,Skilled Worker
Pan-London Domiciliary Care AQP 2023,0.0,KAYOSKI CARE LTD,2023-11-29,KAYOSKI CARE LTD,Chigwell,Skilled Worker
Pan-London Domiciliary Care AQP 2023,0.0,ANGELIQUECARE LTD,2023-11-29,ANGELIQUE CARE LTD,Ealing ,Skilled Worker
Pan-London Domiciliary Care AQP 2023,0.0,OPTIMUM CARE (GL) LIMITED,2023-11-29,OPTIMUM CARE GL LIMITED,BARKING,Skilled Worker
Pan-London Domiciliary Care AQP 2023,0.0,DELTA HOMECARE AND TRAINING SERVICES LTD,2023-11-29,AM HOMECARE SERVICES LTD,Wokingham,Skilled Worker
Pan-London Domiciliary Care AQP 2023,0.0,CRYSTALIZE CARE SERVICES LTD,2023-11-29,CARE SERVICES,Solihull,Skilled Worker
Pan-London Domiciliary Care AQP 2023,0.0,IJB HEALTHCARE LTD.,2023-11-29,IJB HEALTHCARE LTD.,Hornchurch,Skilled Worker
Pan-London Domiciliary Care AQP 2023,0.0,SPRING CONSULT UK LTD,2023-11-29,SPRING CONSULT UK LTD,LONDON,Skilled Worker
Pan-London Domiciliary Care AQP 2023,0.0,ELECT CARE CONSULTANTS LIMITED,2023-11-29,3V CONSULTANTS LIMITED,Solihull,Skilled Worker
Pan-London Domiciliary Care AQP 2023,0.0,WHITE SWAN HEALTHCARE LIMITED,2023-11-29,WHITE SWAN HEALTHCARE LIMITED,East Ham,Skilled Worker
Pan-London Domiciliary Care AQP 2023,0.0,AUM CARE GROUP (UK) LTD,2023-11-29,AUM CARE GROUP (UK) LTD,Southall,Skilled Worker
Pan-London Domiciliary Care AQP 2023,0.0,JJR CARE LTD,2023-11-29,JJR CARE LTD,London,Skilled Worker
Pan-London Domiciliary Care AQP 2023,0.0,UK INSTANT SERVICES LTD,2023-11-29,UK 1 SERVICES LTD,Bradford,Skilled Worker
Pan-London Domiciliary Care AQP 2023,0.0,ELEVEN SISTERS HEALTHCARE LIMITED,2023-11-29,ELEVEN SISTERS HEALTHCARE LIMITED,London,Skilled Worker
Pan-London Domiciliary Care AQP 2023,0.0,OLIVES HEALTHCARE SERVICES LTD,2023-11-29,OLIVES HEALTHCARE SERVICES LTD,Welling,Skilled Worker
Pan-London Domiciliary Care AQP 2023,0.0,CAREMAX SUPPORT SERVICES LTD,2023-11-29,CAREMAX LTD,London,Skilled Worker
Pan-London Domiciliary Care AQP 2023,0.0,MONIKS CARE SERVICES LTD,2023-11-29,CARE SERVICES,Solihull,Skilled Worker
Pan-London Domiciliary Care AQP 2023,0.0,ZINZIKO HEALTHCARE LIMITED,2023-11-29,S & S HEALTHCARE LIMITED,Sheffield,Skilled Worker
Pan-London Domiciliary Care AQP 2023,0.0,RENSTEP HEALTH CARE SERVICES LTD,2023-11-29,CARE SERVICES,Solihull,Skilled Worker
Pan-London Domiciliary Care AQP 2023,0.0,PERSONAL CARE SUPPORT LTD,2023-11-29,PERSONAL CARE SUPPORT LTD,RAINHAM,Skilled Worker
Pan-London Domiciliary Care AQP 2023,0.0,JOYOUS LIMITED,2023-11-29,JOYOUS LIMITED,Hayes,Skilled Worker
Pan-London Domiciliary Care AQP 2023,0.0,LIVINGWAYS CARE SERVICES LTD,2023-11-29,LIVINGWAYS CARE SERVICES LTD,London,Skilled Worker
Pan-London Domiciliary Care AQP 2023,0.0,C & V INSPIRE TRAINING AND DEVELOPMENT CONSULTANCY LIMITED,2023-11-29,FS TRAINING AND CONSULTANCY LIMITED,Manchester,Skilled Worker
Pan-London Domiciliary Care AQP 2023,0.0,PURE HEALTH CARE PVT LTD,2023-11-29,PURE HEALTH PVT LTD,London,Skilled Worker
Pan-London Domiciliary Care AQP 2023,0.0,VOW CARE SERVICES LIMITED,2023-11-29,CARE SERVICES,Solihull,Skilled Worker
Pan-London Domiciliary Care AQP 2023,0.0,RA CARE SERVICES LIMITED,2023-11-29,RA CARE SERVICES LIMITED,London,Skilled Worker
Pan-London Domiciliary Care AQP 2023,0.0,FIRST PLATINUM CARE SERVICES LTD,2023-11-29,CARE SERVICES,Solihull,Skilled Worker
Pan-London Domiciliary Care AQP 2023,0.0,UNICARE (LONDON) LIMITED,2023-11-29,LONDON CARE LIMITED,Nottingham,Skilled Worker
Pan-London Domiciliary Care AQP 2023,0.0,FOREVER CARE AGENCY LTD,2023-11-29,FOREVER CARE LTD,Rustington,Skilled Worker
Pan-London Domiciliary Care AQP 2023,0.0,SHELAGH CARE SERVICES LTD,2023-11-29,CARE SERVICES,Solihull,Skilled Worker
Pan-London Domiciliary Care AQP 2023,0.0,PLUS CARE SERVICES LTD,2023-11-29,PLUS CARE SERVICES LTD,LONDONl,Skilled Worker
Pan-London Domiciliary Care AQP 2023,0.0,EXCELLENCE CARE LTD,2023-11-29,EXCELLENCE CARE LTD,Basildon,Skilled Worker
Pan-London Domiciliary Care AQP 2023,0.0,CALM CARE SOLUTIONS LTD,2023-11-29,CAS CARE SOLUTIONS LTD.,New Milton,Skilled Worker
Pan-London Domiciliary Care AQP 2023,0.0,LEXWIN TRADING LTD,2023-11-29,LEXWIN TRADING LTD T/A ANGELS PLACE HEALTH AND SOCIAL CARE,Orpington,Skilled Worker
Pan-London Domiciliary Care AQP 2023,0.0,ASK CARE LIMITED,2023-11-29,ASK CARE LIMITED,Ilford,Skilled Worker
Pan-London Domiciliary Care AQP 2023,0.0,EGH CARE SERVICES LIMITED,2023-11-29,CARE SERVICES,Solihull,Skilled Worker
Pan-London Domiciliary Care AQP 2023,0.0,IMMEDIATE SOCIAL CARE LIMITED,2023-11-29,SOCIAL CARE 4U LIMITED,LONDON,Skilled Worker
Pan-London Domiciliary Care AQP 2023,0.0,KANSSAS HOME CARE LTD,2023-11-29,HOME CARE HOME LTD,Nottingham,Skilled Worker
Pan-London Domiciliary Care AQP 2023,0.0,DAMA TECH LTD.,2023-11-29,DAMA TECH LTD. TRADING AS KARE PLUS KINGSTON,Kingston Upon Thames,Skilled Worker
Pan-London Domiciliary Care AQP 2023,0.0,AQT LONDON LIMITED,2023-11-29,AYT LONDON LIMITED,London,Skilled Worker
Pan-London Domiciliary Care AQP 2023,0.0,INSPIRE MANAGEMENT GROUP LTD,2023-11-29,INSPIRE MANAGEMENT GROUP LTD,Surbiton,Skilled Worker
Pan-London Domiciliary Care AQP 2023,0.0,BROOKS HEALTH AND CARE LIMITED,2023-11-29,CC HEALTH CARE LIMITED,"Southend - On - Sea,",Skilled Worker
Pan-London Domiciliary Care AQP 2023,0.0,STELLAR HEALTHCARE SOLUTIONS LIMITED,2023-11-29,STELLAR HEALTHCARE SOLUTIONS LIMITED,Northolt,Skilled Worker
Standard Service Agreement JEOL-Royce Electron Microscopes 2023-2024,82000.0,JEOL(U.K.)LIMITED,2023-11-29,JEOL (U.K.) LIMITED,WELWYN GARDEN CITY,Global Business Mobility: Senior or Specialist Worker / Skilled Worker
Pan-London Domiciliary Care AQP 2023,0.0,UBERTAS CARE HOMES LIMITED,2023-11-29,UBERTAS CARE HOMES LIMITED,Leicester,Skilled Worker
Pan-London Domiciliary Care AQP 2023,0.0,BBC CARE SERVICE LIMITED,2023-11-29,BBC CARE SERVICE LIMITED,HERSHAM ROAD,Skilled Worker
Pan-London Domiciliary Care AQP 2023,0.0,GREEN OLIVE CARE LTD,2023-11-29,GREEN OLIVE CARE LTD,Enfield ,Skilled Worker
Pan-London Domiciliary Care AQP 2023,0.0,CARE MISSION LIMITED,2023-11-29,MISSION CARE,Chislehurst,Skilled Worker
Pan-London Domiciliary Care AQP 2023,0.0,SURECARE (ENFIELD) LIMITED,2023-11-29,SURECARE (ENFIELD),Enfield,Skilled Worker
Pan-London Domiciliary Care AQP 2023,0.0,S2O CARE SERVICES LIMITED,2023-11-29,CARE SERVICES,Solihull,Skilled Worker
Pan-London Domiciliary Care AQP 2023,0.0,HE REIGNS HEALTHCARE SERVICES LIMITED,2023-11-29,S & S HEALTHCARE LIMITED,Sheffield,Skilled Worker
Pan-London Domiciliary Care AQP 2023,0.0,SARAT HEALTHCARE LTD,2023-11-29,SARAT HEALTHCARE LTD,London,Skilled Worker
Pan-London Domiciliary Care AQP 2023,0.0,PARISSE CARE CONSULTING LIMITED,2023-11-29,PARISSE CARE CONSULTING LIMITED,Swanley,Skilled Worker
Pan-London Domiciliary Care AQP 2023,0.0,FOUNTAIN CARE SERVICES LTD,2023-11-29,CARE SERVICES,Solihull,Skilled Worker
Pan-London Domiciliary Care AQP 2023,0.0,IRIS CARE SERVICES LTD,2023-11-29,IRIS CARE SERVICES LTD,Hemel Hempstead,Skilled Worker
Pan-London Domiciliary Care AQP 2023,0.0,SAMARY CARE LIMITED,2023-11-29,SAMARY CARE LIMITED,Enfield,Skilled Worker
Pan-London Domiciliary Care AQP 2023,0.0,KASE CARE LIMITED,2023-11-29,KASE CARE LIMITED,Loughton,Skilled Worker
Pan-London Domiciliary Care AQP 2023,0.0,FOCUS CARE LINK LIMITED,2023-11-29,FOCUS CARE LINK LIMITED,London,Skilled Worker
Pan-London Domiciliary Care AQP 2023,0.0,HG HEALTH LIMITED,2023-11-29,GB HEALTH LIMITED,Reading,Skilled Worker
Pan-London Domiciliary Care AQP 2023,0.0,LINK DIRECT CARE LIMITED,2023-11-29,LINK DIRECT CARE LIMITED,Swindon,Skilled Worker
Pan-London Domiciliary Care AQP 2023,0.0,FLEXSERVE UK LIMITED,2023-11-29,FLEXSERVE UK LIMITED, Cockfosters,Skilled Worker
Pan-London Domiciliary Care AQP 2023,0.0,FOOS CARE LTD,2023-11-29,FOOS CARE LTD,London,Skilled Worker
Pan-London Domiciliary Care AQP 2023,0.0,CARE MANAGERS LTD,2023-11-29,CARE MANAGERS LTD,Cwmbran,Skilled Worker
Pan-London Domiciliary Care AQP 2023,0.0,KIND SOLUTIONS LIMITED,2023-11-29,IDR SOLUTIONS LIMITED,Tonbridge,Skilled Worker
Pan-London Domiciliary Care AQP 2023,0.0,HEDGEROW HOMECARE LTD,2023-11-29,HEDGEROW HOMECARE,London,Skilled Worker
Pan-London Domiciliary Care AQP 2023,0.0,ASPIRE CARE SERVICES LTD,2023-11-29,ASPIRE CARE SERVICES LTD,London,Skilled Worker
Pan-London Domiciliary Care AQP 2023,0.0,OCEANIC CARE SERVICES LTD,2023-11-29,CARE SERVICES,Solihull,Skilled Worker
Pan-London Domiciliary Care AQP 2023,0.0,REED SPECIALIST RECRUITMENT LIMITED,2023-11-29,REED SPECIALIST RECRUITMENT LIMITED,Raynes Park,Skilled Worker
Pan-London Domiciliary Care AQP 2023,0.0,THREE ANGEL HEALTH CARE LTD,2023-11-29,THREE ANGEL HEALTH CARE LTD,Romford,Skilled Worker
Pan-London Domiciliary Care AQP 2023,0.0,VISTA CARE SOLUTIONS LIMITED,2023-11-29,VISTA CARE SOLUTIONS LIMITED,Plaistow,Skilled Worker
Pan-London Domiciliary Care AQP 2023,0.0,PARADISE HOME CARE SERVICES LIMITED,2023-11-29,CARE SERVICES,Solihull,Skilled Worker
Pan-London Domiciliary Care AQP 2023,0.0,CARINGSMART LTD,2023-11-29,CARINGSMART LTD,Taunton,Skilled Worker
Pan-London Domiciliary Care AQP 2023,0.0,DCAS DIRECT PERSONNEL LIMITED,2023-11-29,DCAS DIRECT PERSONNEL LIMITED,London,Skilled Worker
Pan-London Domiciliary Care AQP 2023,0.0,LIVINGSTONE HEALTH CARE LIMITED,2023-11-29,CC HEALTH CARE LIMITED,"Southend - On - Sea,",Skilled Worker
Pan-London Domiciliary Care AQP 2023,0.0,FEAN SERVICES UK LTD,2023-11-29,UK 1 SERVICES LTD,Bradford,Skilled Worker
Pan-London Domiciliary Care AQP 2023,0.0,ELITE CAREPLUS LTD,2023-11-29,ELITE LTD,Portsmouth,Skilled Worker
Pan-London Domiciliary Care AQP 2023,0.0,FERN CARE SERVICES LIMITED,2023-11-29,FERN CARE SERVICES LIMITED,Barking,Skilled Worker
Pan-London Domiciliary Care AQP 2023,0.0,VIRTUS CARE LTD,2023-11-29,VIRTUS CARE LTD,London,Skilled Worker
Pan-London Domiciliary Care AQP 2023,0.0,FREIVAN SUPPORT SERVICES LTD,2023-11-29,FREIVAN SUPPORT SERVICES LTD,Barking,Skilled Worker
Pan-London Domiciliary Care AQP 2023,0.0,MAKSANUS CARE SERVICES LIMITED,2023-11-29,CARE SERVICES,Solihull,Skilled Worker
Pan-London Domiciliary Care AQP 2023,0.0,SALUS CARE LTD,2023-11-29,SALUS CARE LTD,London,Skilled Worker
Pan-London Domiciliary Care AQP 2023,0.0,M & C CARE SERVICES LIMITED,2023-11-29,CARE SERVICES,Solihull,Skilled Worker
Pan-London Domiciliary Care AQP 2023,0.0,CARING@HOME LTD,2023-11-29,CARING@HOME LTD,Swindon,Skilled Worker
Pan-London Domiciliary Care AQP 2023,0.0,LAMBETH CARE SERVICES LIMITED,2023-11-29,CARE SERVICES,Solihull,Skilled Worker
Pan-London Domiciliary Care AQP 2023,0.0,NISACRAFTCARE LIMITED,2023-11-29,NISACRAFTCARE LIMITED,Alperton,Skilled Worker
Pan-London Domiciliary Care AQP 2023,0.0,ASHTON CARE LTD,2023-11-29,ASHTON CARE HOMES LTD,"Haywards Heath,",Skilled Worker
Pan-London Domiciliary Care AQP 2023,0.0,CONSCIENCE CARE LIMITED,2023-11-29,SCIENCE CARE LIMITED,Dunstable ,Skilled Worker
Pan-London Domiciliary Care AQP 2023,0.0,LEGACY PRIVATE LIMITED,2023-11-29,LEGACY PRIVATE LIMITED,London,Skilled Worker
Pan-London Domiciliary Care AQP 2023,0.0,PRACTICAL CARE LTD,2023-11-29,PRACTICAL CARE SOLUTIONS LTD,Leicester ,Skilled Worker
Pan-London Domiciliary Care AQP 2023,0.0,ABBOTS CARE LIMITED,2023-11-29,ABBOTS CARE LIMITED,St. Albans,Skilled Worker
Pan-London Domiciliary Care AQP 2023,0.0,DT CARE SERVICES LTD,2023-11-29,CARE SERVICES,Solihull,Skilled Worker
Pan-London Domiciliary Care AQP 2023,0.0,CAREPLUS HEALTHCARE SERVICES LTD,2023-11-29,CAREPLUS HEALTHCARE SERVICES LTD,London,Skilled Worker
Pan-London Domiciliary Care AQP 2023,0.0,HOPE HOMECARE SERVICES LIMITED,2023-11-29,MNA HOMECARE SERVICES LIMITED,Greenford,Skilled Worker
Pan-London Domiciliary Care AQP 2023,0.0,THE PADLE HEALTHCARE LIMITED,2023-11-29,S & S HEALTHCARE LIMITED,Sheffield,Skilled Worker
Pan-London Domiciliary Care AQP 2023,0.0,IMPRESSION SERVICES LTD,2023-11-29,IMPRESSION SERVICES LTD,Northampton,Skilled Worker
Pan-London Domiciliary Care AQP 2023,0.0,JS CONSULT LIMITED,2023-11-29,JS CONSULT LIMITED,London,Skilled Worker
Pan-London Domiciliary Care AQP 2023,0.0,INTERNATIONAL HEALTHCARE RECRUITMENT LIMITED,2023-11-29,S & S HEALTHCARE LIMITED,Sheffield,Skilled Worker
Pan-London Domiciliary Care AQP 2023,0.0,INDIVIDUALISED CARE LTD,2023-11-29,INDIVIDUALISED CARE LTD,Haringey,Skilled Worker
Pan-London Domiciliary Care AQP 2023,0.0,PACIFIC CARE SOLUTIONS LIMITED,2023-11-29,PACIFIC CARE LIMITED,Glasgow,Skilled Worker
Pan-London Domiciliary Care AQP 2023,0.0,AMBROSIAL SERVICES LIMITED,2023-11-29,AMBROSIAL  SERVICES LIMITED,Watford,Skilled Worker
Pan-London Domiciliary Care AQP 2023,0.0,DVANGUARD LTD,2023-11-29,DVANGUARD LTD,Dartford,Skilled Worker
Pan-London Domiciliary Care AQP 2023,0.0,CAREMAX LTD,2023-11-29,CAREMAX LTD,London,Skilled Worker
Pan-London Domiciliary Care AQP 2023,0.0,FABULOUS HOMECARE LTD,2023-11-29,FABULOUS HOMECARE LTD,Croydon,Skilled Worker
Pan-London Domiciliary Care AQP 2023,0.0,CARE AT CALL LTD,2023-11-29,CARE AT CALL,Sutton Coldfield,Skilled Worker
Pan-London Domiciliary Care AQP 2023,0.0,HILLSIDE CARE SERVICES COMMUNITY INTEREST COMPANY,2023-11-29,CARE SERVICES,Solihull,Skilled Worker
Pan-London Domiciliary Care AQP 2023,0.0,LIFESERVE SOLUTIONS LIMITED,2023-11-29,LIFESERVE SOLUTIONS LIMITED,North Finchley,Skilled Worker
Pan-London Domiciliary Care AQP 2023,0.0,UTMOSTCARE LIMITED,2023-11-29,UTMOSTCARE LIMITED,AYLESBURY,Skilled Worker
Pan-London Domiciliary Care AQP 2023,0.0,MERCURY CARE SERVICES LIMITED,2023-11-29,MERCURY CARE SERVICES LIMITED,CROYDON,Skilled Worker
Pan-London Domiciliary Care AQP 2023,0.0,IMMEDIATE QUALITY CARE (IQC) LTD,2023-11-29,IMMEDIATE QUALITY CARE (IQC) LTD,London,Skilled Worker
Pan-London Domiciliary Care AQP 2023,0.0,ANYTIME RECRUITMENT LIMITED,2023-11-29,ANYTIME RECRUITMENT LIMITED,Romford,Skilled Worker
Pan-London Domiciliary Care AQP 2023,0.0,CRESTA HEALTHCARE LTD,2023-11-29,CRESTA HEALTHCARE LTD,Southampton,Skilled Worker
Pan-London Domiciliary Care AQP 2023,0.0,AAA HEALTHCARE AGENCY LIMITED,2023-11-29,AAA HEALTHCARE LIMITED,Hull,Skilled Worker
Pan-London Domiciliary Care AQP 2023,0.0,RAMSY HEALTH CARE LTD,2023-11-29,RAMSY HEALTH CARE LTD,LONDON,Skilled Worker
Pan-London Domiciliary Care AQP 2023,0.0,JOHNSTON'S HOME CARE LTD.,2023-11-29,HOME CARE HOME LTD,Nottingham,Skilled Worker
Pan-London Domiciliary Care AQP 2023,0.0,GOLDSTAR CARE SERVICES LIMITED,2023-11-29,GOLDSTAR CARE SERVICES LIMITED,Ilford,Skilled Worker
Pan-London Domiciliary Care AQP 2023,0.0,DIGNIFIED HOMECARE LIMITED,2023-11-29,DIGNIFIED HOMECARE,Hornchurch,Skilled Worker
Pan-London Domiciliary Care AQP 2023,0.0,CARAMEL HEALTHCARE LIMITED,2023-11-29,CARAMEL LIMITED,LONDON,Skilled Worker
GSS23924 Cyber Security Project Manager,305232.0,HAYS SPECIALIST RECRUITMENT LIMITED,2023-11-14,MH RECRUITMENT LIMITED,Staines,Skilled Worker
CCC - Insightweb,42100.0,ESRI,2023-06-22,ESRI (UK) LTD,Aylesbury,Skilled Worker
TfL 96033 - Transport for London Brand Licensing and Development,4727502.0,INTERNATIONAL MANAGEMENT GROUP (UK) LTD,2023-02-07,Y INTERNATIONAL (UK) LTD,Birmingham,Skilled Worker
UK SBS - DDaT22359 - Data Migration/Integration,208600.0,METHODS BUSINESS AND DIGITAL TECHNOLOGY LIMITED,2022-11-10,METHODS BUSINESS AND DIGITAL TECHNOLOGY,London,Skilled Worker
Franking machine,358560.0,SIEMENS FINANCIAL SERVICES LTD,2022-10-17,M & M FINANCIAL SERVICES LTD,London,Skilled Worker
EHRC 2223-09 IT Software Subscriptions,47472.0,BOXXE LIMITED,2022-08-09,BOXXE LIMITED,York,Skilled Worker
