Contract_Title,Contract_Value,Supplier_Name,Award_Date
Call-Off Contract for the provision of Adobe ETLA,412736.0,BYTES SOFTWARE SERVICES LTD,2026-08-02
6532/26 - Howard Wright M9 trolleys X 15 - NHSSC Framework ref. 2024/S 000-011959,81009.67,NHS SUPPLY CHAIN,2026-03-10
"2026-03-10 09:00 - QBE374 Stanton to Prepped Academy, Bury St Edmunds - AWARD",3556.8,BRAVO TRAVEL BSE LTD,2026-03-10
CA16198 - Interpreting and Translation Services,196497.12,D A LANGUAGES LTD,2026-03-10
700 - Provision of a Document Management System,225000.0,NEC SOFTWARE SOLUTIONS LTD,2026-03-10
Design Services for Warrington Fire Station Modernisation Project under Scape/Perfect Circle - CPA/SPU/2696F - AWARD,383247.11,PERFECT CIRCLE JV LIMITED,2026-03-10
Training Simulation Licenses for Incident Command,31675.0,XVR SIMULATION BV,2026-03-10
CA16991 - ITT 27/2025 - ICT Appointment for Castlewellan FP Tree Tops Access Linkages,41094.0,DORAN CONSULTING,2026-03-10
GRH Mortuary Fridges,203665.31,CONSTELLIA LIMITED,2026-03-10
Biplane endo transducer,15750.0,GE MEDICAL SYSTEMS LIMITED,2026-03-10
Local Bus 60609,217800.0,STAGECOACH MERSEYSIDE,2026-03-10
"CA16681 - RFQ2025/35 - NMANDD PEACEPLUS Local Action Plan Cultural Programme - ""Disability and Creativity Festival"" for the Newry, Mourne and Down District Council area.",18925.0,MAYWE EVENTS LIMITED,2026-03-10
CBC-1911-Q-RM Chalkhill Gateway Window Installation - AWARD,0.0,MODPLAN BUILDING & REFURBISHMENT CONTRACTORS LTD,2026-03-10
Survey and enforcement equipment - M5 J30 - Police for Devon and Cornwall,70815.41,THE POLICE AND CRIME COMMISSIONER FOR DEVON AND CORNWALL,2026-03-10
Cardiology Ultrasound Scanners for ECG & CDC,312219.0,GE MEDICAL SYSTEMS LIMITED (GE HEALTHCARE),2026-03-09
NCC1646 BEST Digital and Data Partner,690350.0,OPENCAST SOFTWARE EUROPE LTD,2026-03-09
Cardiac Diagnostic Services,54166.67,IRHYTHM TECHNOLOGIES LTD.,2026-03-09
Legal fees relating to ES-CLOUD_UK,40000.0,EVERSHEDS SUTHERLAND (INTERNATIONAL) LLP,2026-03-09
Stock Condition Surveys NCC Dwellings,1275000.0,SAVILLS (UK) LIMITED,2026-03-09
Traffic Offence Ticketing and Processing Solution,262294.0,CLARITY INFORMATION SOLUTIONS LIMITED,2026-03-09
Network Services,1.0,WAVE 9,2026-03-09
Network Services,1.0,COCONNECT LIMITED,2026-03-09
GB-St. Helens: Contract Award Notice - Tenant Portal and Mobile Application,171904.0,PLENTIFIC LTD,2026-03-06
NHS Adobe Licensing Renewal 2026,1029083.85,BYTES SOFTWARE SERVICES LIMITED,2026-03-06
UKRI-5846 Wi-fi infrastructure,308711.53,CONVERGENCE (GROUP NETWORKS) LTD,2026-03-05
PSR005 - 0-19 Services: Healthy Child Programme,13864000.0,"WRIGHTINGTON, WIGAN AND LEIGH NHS TRUST",2026-03-05
GB-St. Helens: Contract Award Notice - ACC Venue Hire,81709.2,THE ACC LIVERPOOL GROUP LTD,2026-03-04
Monday.com Licenses,65000.0,SOFTCAT PLC,2026-03-04
Oracle Licencing,304619.0,ORACLE CORPORATION UK LIMITED,2026-03-04
PAVEMENT SPECIALIST,30320.64,WATERMAN ASPEN LTD,2026-03-03
Head of FPA Recruitment,15000.0,ROBERTSON BELL LTD,2026-03-02
LinkedIn Talent Solutions Subscription,186655.22,LINKEDIN IRELAND UNLIMITED COMPANY,2026-03-02
Electrosurgical pencils,303123.0,NHS SUPPLY CHAIN COORDINATION LIMITED (NHSSC - SCCL),2026-03-02
Homes England - Property - NHDF Modelling - National,162880.0,AVISON YOUNG (UK) LTD,2026-03-02
Executive Recruitment,25200.0,GREEN PARK INTERIM & EXECUTIVE LTD.,2026-03-02
ACCURO TRANSCRIPTION 26/27,41000.0,ACCURO TRANSCRIPTION SOLUTIONS LIMITED,2026-03-01
provision of WPC Registrars registration management system,92300.0,WPC SOFTWARE LIMITED,2026-02-27
"Interim Associate (Programme Co-ordinator), Major Projects",64029.24,SANCTUARY PERSONNEL LIMITED,2026-02-27
The Provision of a Remote Support Tool on behalf of NHS Counter Fraud Authority,23350.0,SOFTCAT PLC,2026-02-27
DDaT26067 - Hardware & Installation. Licences. Management Networks.,1161505.65,INSIGHT DIRECT (UK) LTD,2026-02-27
EPP0215 Laptops and Hardware Replacement,63812.0,SUMILLION LIMITED,2026-02-27
De polluted Scrap Car Provision,168000.0,J WALLIS METALS,2026-02-26
Night Security/Patrols for Car Park [GBC] - AWARD,979245.0,MADIGANGILL RESOURCE LIMITED,2026-02-26
Vehicle Conversion & Associated Services 2,4600000.0,CARTWRIGHT VEHICLE CONVERSIONS LTD,2026-02-26
DDaT25499 - HR Establishment Control List Project,356400.0,ORGVUE LIMITED,2026-02-25
Purchase of 2 x Ultrasound Scanners,136376.0,NHS SUPPLY CHAIN -,2026-02-24
HPFT - Oak & Beech Water Heater Replacement,120000.0,BSW HEATING LTD,2026-02-23
Supply and installation of bus shelters at Campbell Park.  - AWARD,37981.0,TRUEFORM,2026-02-19
PAHT - Lower Ground Floor Staff WC's,140000.0,R&B REFURBISHMENT (SKAFFTEC LTD),2026-02-18
GB-St. Helens: Contract Award Notice - Lift Installations,1500000.0,STAIRLIFT SPECIALISTS LIMITED,2026-02-18
"Wildmore Public Open Space, Whittington, Worcester - Footpath Reconstruction",31878.4,COTTRILL CIVIL ENGINEERING CONTRACTORS LIMITED,2026-02-17
Master Gov,111744.0,DEF SOFTWARE LIMITED,2026-02-12
20417 - Stretton Hall - SOC Support,40000.0,CBRE,2026-02-12
Purchase of 41 Vehicles for West Sussex Fire & Rescue Service,1618915.33,VOLVO CAR UK LIMITED,2026-02-11
Office Supplies,148000.0,BANNER GROUP LIMITED,2026-02-11
Professional Services Ratings Support,125000.0,AVISON YOUNG (UK) LTD,2026-02-11
Travel and Accommodation Solutions 2025/26,170000000.0,CORPORATE TRAVEL MANAGEMENT (NORTH) LIMITED,2026-02-09
Justice Video Services,121800000.0,VODAFONE LTD,2026-02-09
"Installation Services, Small Works and Reactive Call Outs",112110.0,RICKARD INTERIORS LIMITED,2026-02-06
"QHL109 09:00 2026-02-05 Ipswich, Suffolk to Churchill Special Free School, Haverhill, Suffolk - AWARD",44688.0,HUNTEREXPRESS LTD,2026-02-06
"QSB436 0900 2026-02-06 Wetheringsett manor school, Wetheringsett-Cum-Brockford (4-seated vehicle and a PA required) - AWARD",63401.1,UNIVERSAL CABS LTD,2026-02-06
PROVISION OF DIGITAL ANDROID BATTERY A-BOARDS - AWARD,0.0,AVOIRA LIMITED,2026-02-06
CA16699 - CPC/LO/02/2023: Refurbishment of 3G sports pitch,189926.0,BLAKEDOWN SPORT & PLAY LIMITED,2026-02-06
Pre-paid Card Service,80000.0,ALLPAY LIMITED,2026-02-06
Cowcliffe Play Area,43421.3,LANDSCAPE ENGINEERING LTD.,2026-02-06
DJ207DT Dursley to Thornbury,130000.0,STAGECOACH WEST,2026-02-06
"Flooring, WC & Window Works at St Johns Health Centre",95372.0,PETRIC CONTRACTS LIMITED,2026-02-06
CA16421 - CA11274: Estates and Facilities Professional Services & Consultancy Agreement Dynamic Purchasing System (DPS),400000.0,INGLETON WOOD,2026-02-06
MBC-1514 Roofing Replacement for Melton Borough Council via LHC 52190 Roofing Systems and Associated Works Framework (RS5) - Lot 1,178277.94,CWG GROUP LTD,2026-02-06
DNWP0057/LOT1B/NGC Early Engagement,874507.39,ATKINSALTRAD,2026-02-06
"QOC786 0900 2026-02-04 Claydon to Doucecroft School, Colchester, Essex (8-seated vehicle and a PA required) - AWARD",322181.1,A-Z PRIVATE HIRE SERVICES LTD,2026-02-06
"QBE362, 0900 2026-02-05, Glemsford - Lyward Colley Workshops, Bradfield St George (4 seats) - AWARD",3472.7,OPU RAHMAN T/A 786 TAXIS,2026-02-06
Origin ERP Support,0.0,SSS PUBLIC SAFETY LTD  (SSS),2026-02-06
YNE-AOMR-DA-Castle Mills Electricity,44649.09,AMALGAMATED CONSTRUCTION LTD (AMCOGIFFEN),2026-02-06
B Braun Paediatric Camera Stack,35900.0,B. BRAUN MEDICAL LIMITED,2026-02-05
L6 Digital User Experience (UX) Professional,96000.0,MANCHESTER METROPOLITAN UNIVERSITY,2026-02-05
RDE1026 - M4 Hydrological Methods Benchmarking Project - UKFE/ReFH1 MIP Prototyp,12611.0,JEREMY BENN ASSOCIATES LIMITED (T/A JBA CONSULTING),2026-02-05
Skin Preparation Applicators,508374.77,"BECTON, DICKINSON U.K. LIMITED",2026-02-05
Local Transport Data Collection - Govforms,250000.0,GOVFORMS LIMITED,2026-02-05
DDaT26064 - Rack Server,11117.85,DELL CORPORATION LIMITED,2026-02-05
Manufacture & Supply of SRP Products,46200910.33,LTI METALTECH LTD,2026-02-05
Milton Keynes Tariff Schemes - Monkston Roundabout Design,304517.0,AECOM INFRASTRUCTURE & ENVIRONMENT UK LIMITED,2026-02-05
DDaT26066 - Rack Server,11117.85,DELL CORPORATION LIMITED,2026-02-05
TEN-2526-038 (PCR15) - Change Enhancement Service,400000.0,SULLIVAN & STANLEY LIMITED,2026-02-03
Supply of Workshop Lathe,43394.95,THOMAS GRAHAM & SONS  LTD,2026-02-02
Call-Off from CCS RM6244 / BLC-FLEET-0020a for 26 x Toyota Vehicles,444745.34,TOYOTA GB LTD,2026-02-01
Call Off Contract from RM6353 for the Provision of Tyres,1600000.0,GOODYEAR TYRES UK LTD,2026-01-31
Culture - Leadership Capability Accelerator programme design and delivery,325000.0,ERNST & YOUNG LLP,2026-01-30
Merton Mental Health and Wellbeing Needs Assessment (MHWNA),35000.0,POPULATION HEALTH LTD,2026-01-30
Pay the BSA Direct Debit Solution,1384000.0,ALLPAY LIMITED,2026-01-29
Employers' perspective of automatic enrolment and Defined Benefit Schemes,73991.34,IFF RESEARCH LTD,2026-01-28
Digital Advertisement and Sponsorship,279921.0,BAUER MEDIA OUTDOOR UK LTD,2026-01-27
Provision of Gas Monitors and Associated Equipment  - AWARD,0.0,DRAEGER SAFETY UK LTD,2026-01-26
Smart Ticketing Services,150000.0,EUCLID LIMITED,2026-01-26
Maintain and Sustain Pre Construction Contract,49574.93,KIER CONSTRUCTION LTD,2026-01-23
Supply and installations of bus shelters in Station Square. Mini competition under DPS ref 2021-019 for Supply and Installation of Bus Stop Infrastructure - AWARD,197400.0,BUS SHELTERS LIMITED,2026-01-22
Fire Alarms and Emergency Lighting Servicing and Maintenance 2026-2030,325813.39,PROTEC FIRE DETECTION PLC,2026-01-21
Observability Cloud Consumption Data,600000.0,APPVIA LTD,2026-01-19
COP33_2025_ Horizon scan: VAWG future trends and challenges,49624.43,BLOOM PROCUREMENT SERVICES LTD,2026-01-19
Review of SCC Fees & Charges,79563.0,COMMERCIAL GOV LTD,2026-01-16
Assurance and Case Management System Platform,500000.0,ENCIRCLE SOLUTIONS LIMITED,2026-01-15
The Provision of UKHSA National Bio-surveillance Network - 25/26,370833.3,KAINOS SOFTWARE LIMITED,2026-01-14
Impact Statements for Nottingham Inquiry,42000.0,TAPESTRY PICTURES LIMITED,2026-01-12
Homes England - Solicitor - Development Loan - Leeds,11477.0,VEALE WASBROUGH VIZARDS,2026-01-12
laptop computers - A call off from LUPC awarded framework agreement (NDNA) ref: ITS5071LU,34800.0,DELL CORPORATION LIMITED,2026-01-09
Apprenticeship Levy DR783166876,66000.0,GINGER NUT MEDIA TA GINGER NUT TRAINING,2026-01-09
36736 Keyham Lodge,44191.0,ASA TRANSPORT,2026-01-09
tNCEA - Morphology Condition Assessment - Phase 1,42115.0,OVE ARUP & PARTNERS LIMITED,2026-01-09
Snowflake Proof of Concept,52000.0,SNOWFLAKE COMPUTING UK LIMITED,2026-01-09
MWF Lot 1 - Brownwich County Farms Estate - Little Brownwich Farm - Farm Buildings Demolition and repairs - AWARD,34252.0,TEW BROTHERS LTD,2026-01-09
"QSB431 0900 2026-01-08 Bury St Edmunds - Centre academy East Anglia, Brettenham (4-seated vehicle and a PA required) - AWARD",171171.0,FIRST STOP TRAVEL EA LIMITED,2026-01-09
Lot 2 - Various Properties - External Decorations Package 4-25 - AWARD,205003.27,RICHARDSON DECORATING CONTRACTORS LTD,2026-01-09
"2026-01-09 09:00 - QHL105 Lavenham to Burton End Primary Academy, Haverhill - AWARD",77035.5,KEMAL  IPEK T/A SMART TRAVEL,2026-01-09
"EXPLORING SAFETY-CRITICAL ISSUES IN WALKING, WHEELING, AND CYCLING",98748.0,MOTT MACDONALD,2026-01-09
WBCSENOB325 - Hamilton School,7488.0,TWENTYFOURSEVEN,2026-01-09
"2026-01-09 09:00 - QOC853 Elmswell to Sheridan School, Northwold, Thetford, Norfolk - AWARD",67345.5,YOURCAB LIMITED,2026-01-09
ITEP0474 - Security & Threat Intelligence 12 month Extension,1228755.0,SECURITY ALLIANCE LTD,2026-01-08
GB-Gateshead: TPPL Gateshead Council NEPO GM & P Lot 1 - 1 x Zero-Turn Mower (29589),15000.0,THOMAS SHERRIFF & CO LTD,2026-01-07
Kitchen Equipment,107000.0,COMPASS SERVICES UK LTD,2026-01-07
TPT134 - Single Customer View Data Platform & CRM - Implementation & Managed Service,1062646.63,PLINC LIMITED,2026-01-06
GB-London: TPPL London Borough of Hackney HCC Lot 4 - 20 x Sweepers (27806),2377718.7,SCARAB SWEEPERS LIMITED,2026-01-06
Office Furniture & Specialist Posture Chairs,140000.0,"H.JENKINSON & COMPANY,LIMITED",2026-01-05
SFG20 Maintenance Software,16242.0,BESA PUBLICATIONS LIMITED,2026-01-05
PAHT - Construction of Steel Frame Structure to support IPS / UPS Installations,138000.0,T & B (CONTRACTORS) LIMITED,2026-01-02
Ansible Automation Platform,43417.2,SPECIALIST COMPUTER CENTRES PLC,2026-01-01
Revs and Bens Data Processing,151200.0,CIVICA UK LIMITED,2025-12-30
Electronic Capacity On Demand (ECOD) Hardware/Software,446500.0,SPECIALIST COMPUTER CENTRES PLC,2025-12-30
PLACE089BO-H Mini Competitions for Road Schemes,54866.9,HOLCIM UK LTD,2025-12-30
WP2309 Docker Licences (GDS Product Group,56982.1,XMA,2025-12-29
Finance Management Solution System Software,1011000.0,UNIT4 BUSINESS SOFTWARE LIMITED,2025-12-24
Aurora Transformation Programme - Workstream 4 - Project Management & Support,20754.08,TURNER & TOWNSEND COST MANAGEMENT LIMITED,2025-12-24
Stage 1 Refurbishment of Former Boots Building (Pharmacy Relocation),843580.0,MORRIS AND SPOTTISWOOD LTD,2025-12-24
GB-Ruthin: TPPL Denbighshire County Council HCC Lot 1 - 1 x 5 Door Electric Hatchback/SUV (28163),26870.52,CITROEN UK LIMITED,2025-12-23
Legal Advice for Telford Court Sale,15000.0,SHARPE PRITCHARD,2025-12-23
AI Social Care Recording Tool,75000.0,BEAM UP LTD,2025-12-23
Hologic Sample Collection Devices,1049237.28,HOLOGIC LTD.,2025-12-23
Unit 4 Professional Services Phase 2 Part 1,193500.0,UNIT4 BUSINESS SOFTWARE LTD,2025-12-23
DDaT25560 - Storage System Solution,661332.12,DELL CORPORATION LIMITED,2025-12-23
Provision of Fuel Cards for Internal MKCC Fleet,160000.0,SHELL U.K. OIL PRODUCTS LIMITED,2025-12-23
Otterpool Park - Property Advice,17500.0,MONTAGU EVANS LLP,2025-12-22
GB-Hengoed: TPPL Caerphilly County Borough Council BNES Bus Lot 3 - 1 x 16 Seat Coachbuilt Minibus (28648),213734.0,TREKA BUS LIMITED,2025-12-22
Country Park Play Equipment,303917.51,KOMPAN LIMITED,2025-12-22
GB-Tyne: TPPL Newcastle City Council HCC Lot 4 - 1 x Sub-Compact Sweeper (29347),62326.78,HAKO MACHINES LIMITED,2025-12-19
Cloud 9 Technologies - Citizen Mobile App 2025,54950.0,CLOUD 9 TECHNOLOGIES LTD,2025-12-19
MEP Consultant services for Fleet Electrification and Depot redevelopment,47000.0,DREES & SOMMER UK LTD,2025-12-18
Wales High School - Main Works (con_29682),71752966.4,BAM CONSTRUCTION LTD,2025-12-18
SPRINT PHASE 2 - NEC 4 SITE SUPERVISOR,48856.25,MATCHTECH GROUP LIMITED,2025-12-18
Call off Contract for Provision of Desktop Hardware,131688.0,INSIGHT DIRECT UK LTD,2025-12-18
St John's Road - Improvement of Walking and Cycling Lanes,1681279.6,ESH CONSTRUCTION LIMITED,2025-12-18
Trinity Street - Improvement of Walking and Cycling Lanes,1578009.79,ERIC WRIGHT CIVIL ENGINEERING LTD,2025-12-18
Off-Site Storage Facility for Diamond Light Source,1422419.0,CANNON PACKING AND LOGISTICS,2025-12-18
"Subscription to Research, Insights, and Advisory Services",120960.0,GARTNER UK LIMITED,2025-12-18
Mids - PFR Lot 2 - Brookstray PFR,177734.49,WHITEHOUSE CONSTRUCTION CO. LTD,2025-12-18
LCF24 - Sarehole Mill Car Park Resurfacing - AWARD,56048.0,AMB LANDSCAPING & BUILDING SERVICES LTD,2025-12-18
"DCBL Stadium - PAVA Instal Project and associated works to North, South and West Stands only",608150.0,WARDEN CONSTRUCTION,2025-12-18
Springfield School- Main Works (con_29638),59201607.11,KIER CONSTRUCTION,2025-12-17
Brunswick Community Primary School - Main Works (con_29684),20101157.84,TILBURY DOUGLAS,2025-12-17
Thrybergh Country Park Play Area,117645.0,LIGHTMAIN COMPANY LTD,2025-12-17
PDF Framework - 621622 - A66 Neasham Road to Morton Palms Resurfacing - Phase 01,545504.4,DSD CONSTRUCTION,2025-12-17
DCC: Lot 1 - 8th December 2025 PCV,485450.0,TAW AND TORRIDGE COACHES LTD,2025-12-17
DCC: Lot 1 - 8th December 2025 PCV,485450.0,HILLS SERVICES LIMITED,2025-12-17
Gartner Research Services,298300.0,GARTNER UK LIMITED,2025-12-17
Home Office Connectivity,73384.0,VODAFONE LIMITED,2025-12-17
2025-070 AV Refresh - 10SC Arena,216601.85,CINOS LIMITED,2025-12-16
Learning Management System,79704.0,"OMNIPLEX LEARNING, OMNIPLEX (GROUP) LIMITED",2025-12-16
"QIP086 09:00 2025-12-16 Ipswich, Suffolk to Holbrook Academy, Holbrook, Suffolk - AWARD",29102.68,LOYAL EXPRESS CABS LTD,2025-12-16
EV Chargers Knoll Road Camberley,30000.0,CONNECTED KERB LIMITED,2025-12-15
The Provision of UKHSA - Agency Wide Contact Strategy - 25/26,98750.0,KPMG LLP,2025-12-15
Occupational Health and Employee Assistance Programme (OH/EAP) Services,314000.0,PEOPLE ASSET MANAGEMENT LTD,2025-12-15
CPT_25_20 - Thrive Learning Management System (LMS),210000.0,THRIVE LEARNING LIMITED,2025-12-15
SAN Storage and Server replacement,262589.97,DH OPCO UK LTD (DEDALUS),2025-12-12
PNC 053a - SRS Managed Service (RTU) Annual Support,170240.82,NDI TECHNOLOGIES LTD,2025-12-12
LCF23 - Small Heath Park - AWARD,122485.0,HAYSTOUN CONSTRUCTION LTD,2025-12-11
Contract Management Software,122400.0,AFFINITEXT (UK) LIMITED,2025-12-11
Barton Clough Primary School - PCSA (con_29618),1226033.0,TILBURY DOUGLAS,2025-12-10
Regent Farm First School - Main Works (con_29622),13797903.0,BOWMER & KIRKLAND LTD,2025-12-10
Mexborough MSCP Demolition,78148.59,ALAN WOOD PARTNERSHIP LTD,2025-12-10
Google Products and Licences,2000000.0,TMC3 LIMITED,2025-12-10
36680 - ST. ANDREWS C. C,14430.0,ADAM'S TRANSPORT,2025-12-10
Broadmarsh Highway Maintenance Depot - Broadmarsh Highway Depot EVCP - AWARD,19021.69,BLINK CHARGING UK LTD,2025-12-10
BHCC Firewall Refresh,159992.8,PHOENIX SOFTWARE LIMITED,2025-12-10
Mexborough Market Square,38816.83,ALAN WOOD PARTNERSHIP LTD,2025-12-10
"LAS Supply, Installation and Maintenance of CCTV Systems",2959656.45,AJAR TECHNOLOGY,2025-12-10
Oxford Skills Strategy - AWARD,30000.0,CENTRE FOR LOCAL ECONOMIC STRATEGIES,2025-12-10
S30028 TRST3079 HGV Lorry Parking Survey,344755.1,WSP UK LIMITED,2025-12-10
Provision of AWS PALZ Renewal,1438400.0,MOBILISE CLOUD SERVICES LTD,2025-12-10
CA16880 - MAINT6540-RFL(NM)-Novacor,20595.53,NOVACOR UK LTD,2025-12-10
LCF21 - Heath Street Planting Scheme - AWARD,39500.0,HAYSTOUN CONSTRUCTION LTD,2025-12-10
Park Lane A and B Conditions of Survey,31798.8,CURRIE & BROWN UK LTD,2025-12-10
MAINT6403- RFL /NMUH SolutionCare Services and Support Renewal  Framework Ref: SBS10175,69910.0,NETCALL TELECOM LIMITED,2025-12-10
Eepos Music Management,22500.0,OKSIDIA LTD,2025-12-10
AppDynamics Software as A Service 2025 Renewal for eRS Programme,331820.28,COMPUTACENTER (UK) LIMITED,2025-12-10
Supply and Delivery of Tyres,28000.0,THE LODGE TYRE COMPANY LTD,2025-12-10
CH1674 Data Profiling Tool,175483.0,SOFTCAT PLC,2025-12-10
Pembroke Street Communal Lighting,162688.0,ELIJAY ENERGY,2025-12-10
Hyde Park Sports Ground Pump Track,69575.0,FORTE TRAILSCAPES,2025-12-09
Project E (FE Veeam Backup - Renewal & Support),37584.96,SOFTCAT PLC,2025-12-09
Nursing Agency Provision,999000.0,INTERACT MEDICAL LIMITED,2025-12-09
Rollout of Dash Cams with Continued Support Services  - AWARD,96810.0,UK TELEMATICS LIMITED,2025-12-09
Nursing Agency Provision,999000.0,ARCADIA NURSING,2025-12-09
"Cambourne and Redruth Community Hospital, Phase Two Structural and Fire Remedial Works Hayman & Lanyon Ward",83160.89,RSK ENVIRONMENT LTD,2025-12-09
Vivid Pioneer Ultrasound,62340.48,GE HEALTHCARE LIMITED,2025-12-09
Nursing Agency Provision,999000.0,DAY WEBSTER LIMITED,2025-12-09
Vivid Pioneer Cardiovascular Ultrasound,95842.0,GE HEALTHCARE LIMITED,2025-12-09
GB-Nottingham: TPPL Nottinghamshire County Council HCC Lot 1 - 2 x Large Fully Electric Car (28038),49641.88,TOYOTA (GB) PLC,2025-12-09
S30040 5G Network - Feasibility Support,239434.71,ATKINSRÉALIS JACOBS JOINT VENTURE,2025-12-08
"UKRI-5113 Building 383 Windows, Doors Replacement and Roof Solar Pv Installation",932750.39,ASHE CONSTRUCTION LTD,2025-12-08
"UKRI-5113 MRC Harwell Building 383 Windows, Doors Replacement and Roof Solar Pv Installation",932750.39,ASHE CONSTRUCTION LTD,2025-12-08
"Surfacing Works, Agricultural Hall, Penrith - PFK 569618",46878.09,PFK ESTATE AGENCY LIMITED,2025-12-08
Bradfields Academy - PCSA (con_29550),2359084.67,BAM CONSTRUCTION LTD,2025-12-08
Matford Brook Academy - PCSA (con_29544),727427.0,KIER CONSTRUCTION,2025-12-08
Eyecare Services - HMLR701142,80000.0,SPECSAVERS CORPORATE EYECARE,2025-12-08
NSOIT Commercial and Procurement Lead,41405.0,INVESTIGO LIMITED,2025-12-05
Technical Rescue Units for Norfolk Fire and Rescue Service,636867.0,EMERGENCY ONE (UK) LIMITED,2025-12-05
Call Off Contract for  Egress Licences,114822.0,PHOENIX SOFTWARE LTD,2025-12-05
CAYL1602 - 28/11/2025 - AWARD,25357.83,AUK AIRPORT SERVICE LTD,2025-12-04
SHSF1401 - 26/11/25 - AWARD,73902.42,AUK AIRPORT SERVICE LTD,2025-12-04
Axminster MMF,66431.0,JEREMY BENN ASSOCIATES LIMITED (T/A JBA CONSULTING),2025-12-04
SBPS1439 - 26/11/25 - AWARD,50550.85,AUK AIRPORT SERVICE LTD,2025-12-04
Lived Experiences of Adequacy in Retirement,64800.0,YOUGOV,2025-12-03
East Anglia Mapping & Modelling 2025 Package 1,323387.35,JEREMY BENN ASSOCIATES LIMITED (T/A JBA CONSULTING),2025-12-02
Steyning Grammar School -PCSA (con_29540),4988400.0,BAM CONSTRUCTION LTD,2025-12-02
GB-Woodbridge: 2718-FW-DA - East Suffolk HCC Lot 2 - 5 x Ford Transit Vans,178191.65,FORD RETAIL T/A TRUST FORD,2025-12-01
IA3213 Staffordshire Children and Young People's Flexible Framework Contract Awards,24750.0,SPARK TO YOUR SUCCESS,2025-12-01
Care Monitoring Platform,110000.0,ACCESS UK LIMITED,2025-12-01
VAT recovery services,40000.0,LIAISONS UK LTD,2025-12-01
Wellbeing - Data Analytics Services (2025-2026),40233.0,REED SPECIALIST RECRUITMENT,2025-12-01
Outreach Digital Learning Platform,39600.0,STUDIOUS DIGITAL EDUCATION LTD,2025-11-28
CNMU1601 - 24/11/2025 - AWARD,33256.09,THE TAXI PEOPLE LTD,2025-11-27
Provision of Insurance and related services to Torus62 Limited,14000000.0,ARTHUR J. GALLAGHER INSURANCE BROKERS LTD,2025-11-27
LCF22 - Sutton New Hall Cemetery Car Park Surfacing Works - AWARD,70905.0,HAYSTOUN CONSTRUCTION LTD,2025-11-27
Udemy e-learning subscription,40571.52,SOFTWAREONE UK LIMITED,2025-11-27
Provision of Insurance and related services to Torus62 Limited,14000000.0,JENSTEN INSURANCE BROKERS (LONDON AND SE) LTD,2025-11-27
Compliance for responsive repairs and post-inspection damp and mould contact,51720.0,VOICESCAPE LIMITED,2025-11-26
graphic design / production of artwork and digital assets,180000.0,KAYE AND CO.,2025-11-26
Nursing Agency Provision,999000.0,ID MEDICAL GROUP LIMITED,2025-11-26
Nursing Agency Provision,999000.0,YOUR WORLD NURSING LIMITED,2025-11-26
Nursing Agency Provision,999000.0,PULSE HEALTHCARE LIMITED TRADING AS PULSE NURSING AT HOME,2025-11-26
Nursing Agency Provision,999000.0,NISI ENTERPRISES LIMITED TRADING AS NISI STAFFING,2025-11-26
Nursing Agency Provision,999000.0,NATIONAL LOCUMS LTD,2025-11-26
Healthy Leicestershire Digital Solution,384310.0,BOX UK,2025-11-25
Microsoft Licencing Renewal,354000.0,BYTES SOFTWARE SERVICES,2025-11-25
Provision of Office Supplies to Torbay Council,60000.0,LYRECO UK,2025-11-25
BK5000 Ultrasound Transducer for Grantham and Lincoln Hospital Theatres,30000.0,GE HEALTHCARE LIMITED,2025-11-24
"Provision of Case Assessment Reports for NCP, Specific Instance Assessment and F",25000.0,MILLS & REEVE LLP,2025-11-24
SSTF1403 - 19/11/25 - AWARD,49418.55,EXECUTIVE PRIVATE HIRE (EPH) LTD T/A CABS4U,2025-11-24
GB-St. Helens: Marketing and Print - Outgoing Mail,2320000.0,CONTINUOUS DATAPRINT (U.K.) LIMITED,2025-11-21
SMAC1407 - 18/11/2025 - AWARD,90816.85,BNACARS LTD,2025-11-21
Engaging members of the public and registrants in implementing regulatory reform,150000.0,COMMUNITY RESEARCH LTD,2025-11-18
Toot Hill School - PCSA (con_29680),4947143.22,BOWMER & KIRKLAND LTD,2025-11-18
CAYL3601 - 14/11/2025 - AWARD,47915.04,GK TRAVEL LTD,2025-11-17
Highway Material Suppliers further competition (against DPS6269),1800000.0,TARMAC TRADING LIMITED (ALSO TRADING AS ABLEMIX),2025-11-17
Highway Material Suppliers further competition (against DPS6269),1800000.0,BRINKLOW QUARRY LIMITED,2025-11-17
Highway Material Suppliers further competition (against DPS6269),1800000.0,HOLCIM UK LIMITED,2025-11-17
CAYL3601 - 14/11/2025 - AWARD,49418.55,GK TRAVEL LTD,2025-11-17
Highway Material Suppliers further competition (against DPS6269),1800000.0,JOHN HUGHES HAULAGE LIMITED,2025-11-17
Highway Material Suppliers further competition (against DPS6269),1800000.0,MIDLAND QUARRY PRODUCTS LIMITED,2025-11-17
Metal Assessments,4754.4,CAESAR'S CONSERVATION,2025-11-16
Level 3 Fire Safety Certificate,97375.0,HMFS CONSULTANTS,2025-11-15
Supply of Energy CPA SPU 2697P - AWARD,2473628.0,EDF ENERGY CUSTOMERS LIMITED,2025-11-14
Furniture Assessments,4754.4,CAESAR'S CONSERVATION,2025-11-13
PDF Framework - A120 EB Coggeshall By-Pass Resurfacing SDF RR,164285.24,FM CONWAY,2025-11-13
WP2296 - Terraform Cloud Licences,63146.02,SOMERFORD ASSOCIATES LIMITED,2025-11-13
Scaffolding Provision 2026/2027  - AWARD,2011982.7,J GUNN SCAFFOLDING LTD,2025-11-12
Textile Assessment,4512.0,CAESAR'S CONSERVATION,2025-11-11
US M27 closure Fareham Shopping Centre displays - Marketing,3200.0,CLEAR CHANNEL UK LIMITED,2025-11-11
DEO Edinburgh Garrison Design and Build North Region,142065182.0,JOHN GRAHAM CONSTRUCTION LIMITED,2025-11-11
Panel of Suppliers for the Provisions of Floor Coverings - Supply and Fit - AWARD,0.0,CROWN FLOORING LTD,2025-11-10
Panel of Suppliers for the Provisions of Floor Coverings - Supply and Fit - AWARD,0.0,HICKS FLOORING LTD,2025-11-10
Concessionary Travel,500000.0,NEC SOFTWARE SOLUTIONS,2025-11-10
36624 - Elmbrook School,32760.0,EVEREST TAXIS,2025-11-10
Connection of Flax Place to the Leeds PIPES network,289436.37,VITAL ENERGI UTILITIES LTD,2025-11-10
Panel of Suppliers for the Provisions of Floor Coverings - Supply and Fit - AWARD,0.0,JWR FLOORING LIMITED,2025-11-10
Panel of Suppliers for the Provisions of Floor Coverings - Supply and Fit - AWARD,0.0,PRESTIGE FLOORING LTD,2025-11-10
Panel of Suppliers for the Provisions of Floor Coverings - Supply and Fit - AWARD,0.0,WALL 2 WALL (BOLTON) LTD,2025-11-10
MWF Lot 7 (DA) Milestones Museum - Fire Alarm and PA System Repair and  Upgrade - AWARD,48305.66,CORRIGENDA LTD TRADING AS CHURCHES,2025-11-10
Archaeological Framework - Fragile Assets Assessment,496855.0,ARCHAEOLOGICAL MANAGEMENT SOLUTIONS,2025-11-10
Extension of contract for Smartcard Services for English National Concessionary Fares and associated Services,436000.0,EUCLID LIMITED,2025-11-10
CCHA Fire Door Replacement Project 25-26,309764.73,CLC CONTRACTORS LIMITED,2025-11-10
Panel of Suppliers for the Provisions of Floor Coverings - Supply and Fit - AWARD,0.0,DS FLOORING SOLUTIONS LTD,2025-11-10
DA from RM1557.14 CCS G Cloud 14 FW for the Bereavement Management Software,149794.0,GSS (NI) LIMITED,2025-11-10
CPT_25_27 - Social media analytics and listening 2025-27,64800.0,PULSAR,2025-11-08
GB-Colindale: TFH Type 1 Fire Remediation Works 2025,821294.71,W.G.WIGGINTON LIMITED,2025-11-07
684 - Wigan Beech Hill Active Travel Scheme,57600.0,WSP UK LIMITED,2025-11-07
3 x Local Neighbourhood Road Safety Scheme Design Consultancy,69999.0,BAKER HICKS LTD,2025-11-07
General Building Works (Major Work Voids),500000.0,TOTAL CONSTRUCTION NE LTD,2025-11-07
Provision of Google Cloud Renewal,3600.0,GOOGLE CLOUD EMEA LIMITED,2025-11-07
GB-Colindale: SHDF Wave 3 Consultant - Retrofit Services,445400.0,SAVILLS (UK) LIMITED,2025-11-06
Liverpool Clean Air Plan - Monitoring & Evaluation,526176.63,CITY SCIENCE CORPORATION LIMITED,2025-11-06
Moorfield Primary School - PCSA (con_29542),1500303.06,TILBURY DOUGLAS,2025-11-06
RDE966 - CECAN Fellowship Evaluation Project,15300.0,ICF CONSULTING SERVICES LIMITED,2025-11-06
PSU Gloves,35000.0,MICHAEL LUPTON ASSOCIATES,2025-11-06
NEPRO3- Assess physical demand of police roles and  recommendation of testing methodology,183215.0,BLOOM PROCUREMENT SERVICES LTD,2025-11-06
CBC-1845-Q-SA Choose You - healthy weight programme video shorts   - AWARD,19997.0,WE CAN CREATIVE LTD.,2025-11-06
FPH - NC - Arietta 65 Maintenance Contract,41881.02,NHS SUPPLY CHAIN,2025-11-05
Document Controller,51094.4,WATERMAN ASPEN LTD,2025-11-05
RDE951 - Sustainable Transitions in Outdoor Pig Production: Economic Evaluation,46275.0,RICARDO-AEA LTD,2025-11-05
Pitched Roof Replacement at Warminster Hospital (2),231674.82,SEVILLE DEVELOPMENTS LIMITED,2025-11-04
Data Virtualisation -Data Bridge,4205210.0,ACCENTURE (UK) LTD,2025-11-04
Tenants' Contents Insurance Jan26 - South Derbyshire District Council - awarded,21407.57,ROYAL AND SUN ALLIANCE INSURANCE LIMITED,2025-11-04
ITT for Project 10170250,1500.0,MOTT MACDONALD LIMITED,2025-11-04
ITT for Project 10170459,1500.0,MOTT MACDONALD LIMITED,2025-11-04
Procurement Support Roles for the Consultancy and Skilled Persons Framework,313014.0,CAPITA BUSINESS SERVICES LTD,2025-11-03
Defining and Quantifying Extra Support Needs,380000.0,NATCEN SOCIAL RESEARCH,2025-11-03
RDE847 - An economic appraisal of impacts caused by beavers on farm businesses a,98063.0,RSK ADAS LIMITED,2025-11-03
Provision of BMC Professional Services,143526.0,SOFTCAT PLC,2025-11-02
Website governance tool,35000.0,SITEIMPROVE LTD,2025-11-02
Horticultural Services Contract,600000.0,TIVOLI,2025-11-01
Drainage Clearance and CCTV Inspection for SDDC Housing Stock,240000.0,DALROD UK LTD,2025-11-01
Project management tool,29998.0,ASANA SOFTWARE UK LIMITED,2025-10-31
LEASE AND SUPPORT OF MULTI-FUNCTIONAL DEVICES (MFDS) WITH PRINT MANAGEMENT SOFTWARE,41796.0,RICOH UK LTD,2025-10-31
Financial Planning & Forecasting Software,1912190.18,ANAPLAN LIMITED,2025-10-31
IT Business Analyst,61200.0,SEARCH CONSULTANCY LIMITED,2025-10-31
YHG Testing Services 25-27,1000000.0,EDGE TESTING SOLUTIONS LIMITED,2025-10-31
Lone Worker Safety Solution,295680.0,SKYGUARD LIMITED,2025-10-30
CPT_25_42 - Reinforcement learning platform for audit staff (C-4018),240000.0,SOFTCAT PLC,2025-10-30
Security Operations,511484.0,ASPIRE TECHNOLOGY SOLUTIONS LTD,2025-10-29
PT Insight - supply and support,87500.0,SYSTRA LIMITED,2025-10-29
North Northamptonshire Council's Construction of a Concrete Skatepark  at Bassetts Park,160960.0,BENDCRETE LEISURE LIMITED,2025-10-28
Wide Area Network Services,1315564.15,MLL TELECOM LTD,2025-10-28
Contract Award for the Provision of a Reablement App,225000.0,NEWTON CONSULTING LIMITED,2025-10-28
External Legal Services,870000.0,VEALE WASBROUGH VIZARDS LLP,2025-10-28
External Legal Services,870000.0,PINSENT MASONS LLP,2025-10-28
External Legal Services,870000.0,BRODIES LLP,2025-10-28
External Legal Services,870000.0,BEVAN BRITTAN LLP,2025-10-28
External Legal Services,870000.0,FREETHS LLP,2025-10-28
External Legal Services,870000.0,BROWNE JACOBSON LLP,2025-10-28
External Legal Services,870000.0,EVERSHEDS SUTHERLAND (INTERNATIONAL) LLP,2025-10-28
Resilience Tooling Retender,309575.0,SOFTCAT LTD - FCA,2025-10-27
GB-Godalming: TPPL Waverley Borough Council NEPO GM & P Lot 1 - 1 x Tractor + Attachments (New) (28088),272813.0,LISTER WILDER,2025-10-27
Supply of services  - Secure Parking & Storage Limited,203239.27,SECURE PARKING & STORAGE LTD,2025-10-25
Thurston Community College - PCSA (con_29632),3497808.08,BOWMER & KIRKLAND LTD,2025-10-24
"GB-Milton Keynes: Provision and Lease of Franking Machines, Mailroom Equipment, and Associated Consumables",42000.0,QUADIENT UK LIMITED,2025-10-24
Ashley High School Single Storey Extension to school with further classroom provision,1515701.0,WHITFIELD AND BROWN,2025-10-24
Provision of Storage as a Service from Pure Storage,1951158.36,SOFTCAT PLC,2025-10-24
Evaluation of Net Zero Regional Accelerator,39580.0,STEER DAVIES AND GLEAVE LIMITED,2025-10-23
Security Operation Centre,119829.0,ANS GROUP,2025-10-23
DSIT - Talent Attraction,16250.0,CODE FIRST GIRLS LIMITED,2025-10-23
Provision of Oracle Technical Support Services,30310.28,ORACLE CORPORATION UK LIMITED,2025-10-23
Demolition and enabling works contract for The Tropicana,450417.0,OVERBURY PLC,2025-10-22
DN763872 - Electrical Safety Programme Contract A (North of the borough),2174820.0,NRT BUILDING SERVICES GROUP LTD,2025-10-21
Commercial Gas Service - AWARD,0.0,HAYMAN MECHANICAL SERVICES LTD,2025-10-21
DN763872 - Electrical Safety Programme Contract B (South of the borough),2795735.0,PILON LTD,2025-10-21
"Asbestos, Legionella & Mould RA L1.1 Nov25  - Eden Housing Association - awarded",155805.99,TERSUS CONSULTANCY LTD,2025-10-21
PAN3414 - Duns Lane/Braunstone Gate,97148.85,HOLCIM,2025-10-21
Godstone SEROC Construction Contract,10827286.0,TILBURY DOUGLAS CONSTRUCTION LIMITED,2025-10-20
DR services,108000.0,SECURITY SOFTWARE SOLUTIONS LTD,2025-10-20
HDS Access to Work DISC Refactor Build,2200000.0,IBM UNITED KINGDOM LTD,2025-10-20
Azure Cloud SaaS,1890000.0,SOFTCAT PLC,2025-10-20
No Access Stock condition Surveys,134190.0,RAPLEYS LLP,2025-10-19
Refurbishment of Hillingdon Civic Centre Quadrants 3E & 3S,130680.0,ALLEN CONSTRUCTION CONSULTANCY LIMITED,2025-10-19
TEN-2324-016 Call-Off Contract [2],488100.0,-	HYMANS ROBERTSON LLP,2025-10-17
TEN-2324-016 Call-Off Contract [2],488100.0,HYMANS ROBERTSON LLP,2025-10-17
Horndean CE Junior School - PCSA (con_29628),818220.31,WILLMOTT DIXON CONSTRUCTION LTD,2025-10-16
Cyber Security 24x7x365 Managed Detection and Response,626064.5,SOCURA LIMITED,2025-10-16
ITT for Project 10173490,1500.0,FIVE POINTS DIGITAL HEALTH LTD,2025-10-15
ITT for Project 10170024,1500.0,JOHN HEYWOOD CONSULTING,2025-10-15
GMCA 1265.4 Consultancy Services to Determine Routes to Market to Deliver Decarbonisation Opportunities,50000.0,CARBON TRUST ADVISORY LIMITED,2025-10-14
Contingency Response Programme - Package 3,245680004.75,KIER CONSTRUCTION LIMITED,2025-10-13
Provision of Global Booked Travel Services for UKEF,10000000.0,CLARITY TRAVEL LIMITED,2025-10-13
W169502 Workforce Transformation Assurance Services,2957037.0,CAPGEMINI UK PLC,2025-10-13
WCC - Server Hardware Maintenance & Repair Services,40500.0,XMA LIMITED,2025-10-10
DSA - CCTV Drainage Survey,90000.0,WCG ENVIRONMENTAL LTD,2025-10-10
36563 Herrick Primary,36.47,HMB TAXIS,2025-10-10
36564 Keyham Lodge,26910.0,ONE EXPRESS,2025-10-10
Maintenance of Artis Zee Multi-Purpose Scanner,69638.8,NHS SUPPLY CHAIN MAINTENANCE CONTRACTS,2025-10-10
"Office refurbishment works Public Service Centre, Tewkesbury. - AWARD",0.0,SNAPE CONTRACTING SERVICES LTD,2025-10-10
MWF - Lot 6 (DA) - Petersfield Library - Boiler Flue Remedial Works - AWARD,6823.06,INDUSTRIAL (BOILER & CONTRACT) SERVICES LTD,2025-10-10
36565 Children's Hospital,33228.0,SKYLINE TAXIS,2025-10-10
36561 - SPARK VALE ACADEMY,25740.0,EVEREST TAXIS,2025-10-10
Homes England - Annual Subscription for Beauhurst Impact (G-CLoud 14 Lot:2),73500.0,BEAUHURST,2025-10-10
Five Rivers Multi-Academy Trust Primary Alternative Provision,1387750.0,FIVE RIVERS MULTI ACADEMY TRUST,2025-10-10
"MWF Lot 1 Main Kitchen Refurbishment, Kershaw Day Centre - AWARD",65292.91,B & M CLARK (BUILDERS) LTD,2025-10-10
L-375.1 UPTON GREEN PLAY AREA  & CROW WOOD PARK WORKS,29898.0,GROUND INC LTD,2025-10-10
SLH - External and Internal Repairs and Improvement Works,20000000.0,EQUANS REGENERATION LIMITED,2025-10-10
S30006 Road Safety Guidance,97304.3,OVE ARUP,2025-10-10
Pan London Sexual Violence Support Service,65387492.0,SURVIVORS UK,2025-10-09
Pan London Sexual Violence Support Service,65387492.0,"LESBIAN, GAY AND BISEXUAL ANTI VIOLENCE AND POLICING GROUP",2025-10-09
Pan London Sexual Violence Support Service,65387492.0,THE NIA PROJECT,2025-10-09
Pan London Sexual Violence Support Service,65387492.0,RAPE CRISIS SOUTH LONDON,2025-10-09
Pan London Sexual Violence Support Service,65387492.0,RESPOND,2025-10-09
Pan London Sexual Violence Support Service,65387492.0,WOMEN AND GIRLS NETWORK,2025-10-09
FURTHER COMPETITION conducted under ESPO Framework Agreement 220_24 De-icing Salt & Associated Products/Services - AWARD,575000.0,COMPASS MINERALS,2025-10-09
Pan London Sexual Violence Support Service,65387492.0,SOLACE WOMEN'S AID,2025-10-09
Health and financial claims in programming - audience attitudes to potential harm,131695.0,IPSOS UK,2025-10-09
Contract Award,750000.0,JONES LANG LASALLE,2025-10-09
S106 Viability Appraisals Final,200000.0,CP VIABILITY LTD,2025-10-08
Asbestos Services,240000.0,TERSUS CONSULTANCY LTD,2025-10-08
Professional Services - Technical Advisor CDC Boston,42200.0,HULLEY AND KIRKWOOD CONSULTING ENGINEERS LIMITED,2025-10-08
ITT or Project 10170974,1500.0,VODERA LIMITED,2025-10-07
Fire Compartmentation Work,59247.0,ABCA SYSTEMS LIMITED,2025-10-07
ITT for Project 10171306,1500.0,PERCEPTIVE CHANGE LIMITED,2025-10-07
ITT for Project 10172765,1500.0,BROCKSMOOR PROJECTS LIMITED,2025-10-07
ITT for Project 10172812,1500.0,BROCKSMOOR PROJECTS LIMITED,2025-10-07
ITT for Project 10173426,1000.0,SNOWFLOW AI LTD,2025-10-06
Dutch River (left-bank): Went Outfall to River Ouse Confluence (Design Support),62574.0,OVE ARUP & PARTNERS LIMITED,2025-10-06
"HDC Civic Suite hardware Replacement, (Supply, Fitting and Maintenance)",206659.0,VP-AV LIMITED,2025-10-06
ITT for Project 10172877,1500.0,PRISM NOVA LIMITED,2025-10-06
ITT for Project 10172056,1500.0,JONATHAN NAKOUZI,2025-10-06
ITT for Project 10171936,1500.0,JONATHAN NAKOUZI,2025-10-06
ITT for Project 10173019,1500.0,SNOWFLOW AI LTD,2025-10-06
ITT for Project 10171694,1500.0,ECONOMIC & HUMAN VALUE ENGINEERING LTD,2025-10-06
ITT for Project 10172849,1500.0,PRISM NOVA LIMITED,2025-10-06
ITT for Project 10171915,1500.0,PERCEPTIVE CHANGE LIMITED,2025-10-06
Temporary Recruitment,51750.0,IVY ROCK PARTNERS LTD,2025-10-06
IP&EMPI (HealthShare and IRIS for Health Licenses) and DMS-IX (IRIS for Health Licenses) FY25-30,6173707.0,INTERSYSTEMS CORPORATION,2025-10-03
Croydon Business Support Programme - AWARD,0.0,CROYDON BUSINESS VENTURE LTD,2025-10-03
HMLR701062 - Employee Assistance Programme (EAP),180000.0,PEOPLE ASSET MANAGEMENT LIMITED,2025-10-02
Contract Award Notice for Contract 715210450_Smarter Working Furniture,168522.7,WAGSTAFF BROTHERS LIMITED,2025-10-02
EE Mobile SIM Connectivity,1000097.0,BRITISH TELECOMMUNICATIONS PLC,2025-10-02
People Survey 25/26 Extension,41034.0,WORKDAY LIMITED,2025-10-01
Consultant Clinical Psychologist Provision for Adopt South,99000.0,NURTURING MINDS PSYCHOLOGY LIMITED,2025-10-01
Stock Condition Surveys,4500000.0,ARK CONSULTANCY LTD,2025-10-01
Data Warehouse Expansion,96652.02,DELL CORPORATION LIMITED,2025-10-01
Asset Management System - Yotta,58230.38,CAUSEWAY TECHNOLOGIES LTD,2025-10-01
PCSA Front Gates - Brixton PS/ Chingford PS/ Harlesden PS/ Notting Hill PS/ Warspite Road PS,133097.78,SW BRUCE & CO. LTD,2025-10-01
PCSA Front Gates Phase 2 - Coniston,149992.13,CONISTON LIMITED,2025-10-01
Stock Conditions Survey,1192458.0,PELLINGS LLP,2025-10-01
Stock Conditions Survey,1028582.0,BAILY GARNER,2025-10-01
Lot 4 - Tameside Metropolitan Borough Council,21660.0,MD ABEDIN,2025-09-30
Electronic Driver Licence Checking System,72828.0,DRIVERCHECK LTD,2025-09-30
TEN-2526-001 - Travel Services,780000.0,WORLD TRAVEL CENTRE TRADING AS SELECTIVE TRAVE,2025-09-30
Flood Risk Management resource (Call from MHA Framework),863831.68,WATERMAN ASPEN LTD,2025-09-30
ENHT - Health and Social Care Network (HSCN),760000.0,REDCENTRIC SOLUTIONS LIMITED,2025-09-30
Fidelity Guarantee Insurance,33670.56,ZURICH INSURANCE,2025-09-30
"EE334, 0900 2025-09-25, Mellis to Occold Primary School (4 seats) - AWARD",102075.6,YOURCAB LIMITED,2025-09-26
"EE334, 0900 2025-09-25, Mellis to Occold Primary School (4 seats) - AWARD",102075.6,UNIVERSAL CABS LTD,2025-09-26
"QIP931 0900 2025-09-25 Woodbridge - Include, Ipswich (4-seated vehicle and a PA required) - AWARD",79839.9,ROYAL RIDES,2025-09-26
"IP250, 0900 2025-09-25, Kesgrave - Piper's Vale Primary Academy, Ipswich (4 seats) - AWARD",7885.0,HAWK EXPRESS CABS LTD,2025-09-25
"IP250, 0900 2025-09-25, Kesgrave - Piper's Vale Primary Academy, Ipswich (4 seats) - AWARD",7885.0,FOTIK MIAH T/A A2Z TRANSPORT,2025-09-25
Pickerings Pasture - New Café Provision,554290.0,WHITFIELD AND BROWN,2025-09-25
RUGCON - Revenues and Benefits System,622500.0,CIVICA UK LIMITED,2025-09-25
LCF14 - Calthorpe Park Play Area Improvement Works - AWARD,145079.0,HAYSTOUN CONSTRUCTION LTD,2025-09-25
Homes England - Hodson's Mill - Property Services,60000.0,MONTAGU EVANS,2025-09-24
Level 3 Team Leader Apprenticeship ST0384 and Level 5 Operations Manager Apprenticeship ST0385,2130000.0,CORNDEL,2025-09-23
Provision of Network Management Licenses and Hardware Support,50731.58,SOFTCAT PLC,2025-09-23
NH2012 - Cobalt Refurbishment Phase 3,79963.72,"H.JENKINSON & COMPANY,LIMITED",2025-09-18
RUGCON - Work Services Unit Depot Reconfiguration,133198.51,O'BRIEN CONTRACTORS LIMITED,2025-09-18
Purchase of HP Workstations,29000.0,XOS GROUP LIMITED,2025-09-16
Probate Researchers Services,125000.0,FINDERS GENEALOGISTS LTD,2025-09-15
Probate Researchers Services,125000.0,FRASER AND FRASER,2025-09-15
"QIP683 0900 2025-09-15 Leiston - Reboot education, Ipswich (4-seated vehicle required) - AWARD",11802.42,HAWK EXPRESS CABS LTD,2025-09-15
Probate Researchers Services,125000.0,ANGLIA RESEARCH,2025-09-15
Provision of Digital Prevention Services Technical Leadership and Product Management Capability Support,1250404.0,AXIOLOGIK LIMITED,2025-09-15
"QIP683 0900 2025-09-15 Leiston - Reboot education, Ipswich (4-seated vehicle required) - AWARD",11802.42,A2B  UK TRAVEL LIMITED,2025-09-15
Purchase of Three (3) x Medium Sized Cars and Six (6) x Small Cars,152655.44,TOYOTA GB LIMITED,2025-09-15
"C0109 -Branded merchandise, print, storage and distribution",600000.0,ALLIED PUBLICITY SERVICES (MANCHESTER) LIMITED,2025-09-15
PAHT - Paediatric Emergency Department Construction Stage Quantity Surveying,50000.0,CASTONS CONSULTING LIMITED,2025-09-15
"Amendment C0109 -Branded merchandise, print, storage and distribution",600000.0,ALLIED PUBLICITY SERVICES (MANCHESTER) LIMITED,2025-09-15
Gosforth Public Hall - Renovation & Extension Works,985941.0,ROLAND HILL (PARSONBY) LIMITED,2025-09-12
Secondment personnel supply,45000.0,ASHURST LLP,2025-09-12
Restart Scheme Extension Customer Satisfaction Survey,256149.0,IFF RESEARCH LTD,2025-09-12
Act in a Box Additional Scenarios,56500.0,SUB 10 LTD,2025-09-12
Coopers Walk Internal and External Works - AWARD,0.0,HEXA PROJECTS LTD,2025-09-12
Financial Transaction Processing (Middle Office) Service,59410000.0,LIBERATA UK LIMITED,2025-09-12
36472 - LEICESTER COLLEGE,33.4,AZOOM TAXI,2025-09-11
CA16438 - MAINT5714-RFL-Vitaldata Software Maintenance,40619.0,VITALPULSE LTD,2025-09-11
CA15266 - Communications Solutions,3000000.0,START COMMUNICATIONS GROUP LTD,2025-09-11
A27 Polthooks Cutting - Ground Investigation,178142.14,BAM NUTTALL LTD,2025-09-11
"2025-09-10 09:00 - QBE303 South Bury St Edmunds to Innov8 Workshops, Rougham - AWARD",6347.52,ALL DAY CARS,2025-09-11
"2025-09-10 09:00 - QBE296 Woolpit to Innov8 Workshops, Rougham - AWARD",7802.16,ALL DAY CARS,2025-09-11
CA15266 - Communications Solutions,3000000.0,EXCHANGE COMMUNICATIONS LIMITED,2025-09-11
CA15266 - Communications Solutions,3000000.0,DAISY COMMUNICATIONS,2025-09-11
CA15266 - Communications Solutions,3000000.0,TALK STRAIGHT LTD,2025-09-11
CA15266 - Communications Solutions,3000000.0,CLARION COMMUNICATION SYSTEMS,2025-09-11
"2025-09-10 09:00 - QBE301 Haverhill to Innov8 Workshops, Rougham - AWARD",6876.48,KEMAL  IPEK T/A SMART TRAVEL,2025-09-11
HRA Right to Buy Valuations,28000.0,HORTS ESTATE AGENCY LIMITED,2025-09-11
CA15266 - Communications Solutions,3000000.0,TEL GROUP LTD,2025-09-11
CA15266 - Communications Solutions,3000000.0,AVOIRA LIMITED,2025-09-11
CA15266 - Communications Solutions,3000000.0,CURRYS T/A CURRYS BUSINESS,2025-09-11
CA15266 - Communications Solutions,3000000.0,GLIDE,2025-09-11
CA15266 - Communications Solutions,3000000.0,SOUTHERN COMMUNICATIONS CORPORATE SOLUTIONS,2025-09-11
CA15266 - Communications Solutions,3000000.0,ABZORB LTD,2025-09-11
CST025-108 Provision of Apprenticeship (Solicitor Level 7),81000.0,NOTTINGHAM TRENT UNIVERSITY,2025-09-11
CA15266 - Communications Solutions,3000000.0,RYDAL COMMUNICATIONS,2025-09-11
Intruder Alarm Maintenance - AWARD,0.0,IPS FACILITIES LIMITED,2025-09-11
PDF - A14 40.1 Nene Viaduct FIP Joint Replacement - Construction - 611626,185722.65,EUROVIA INFRASTRUCTURE LIMITED,2025-09-11
"2025-09-10 09:00 - QBE299 South Bury St Edmunds to Innov8 Workshops, Rougham - AWARD",8755.2,ALL DAY CARS,2025-09-11
Contract Award Notice - Michelham Priory Reservoir _ECC PM Services,71310.34,AECOM LTD,2025-09-11
Student Bus Tickets EYMS,180000.0,EYMS GROUP,2025-09-11
"QIP878 0900 2025-09-11 Ipswich to Thomas Wolsey Ormiston Academy, Thomas Wolsey School, Defoe Rd, Ipswich IP1 6SG (6-seater vehicle with electric tail lift and Passenger assistant) - AWARD",142500.0,ALBANY TRAVEL (IPSWICH) LTD,2025-09-11
LCF13R - Queen's Park Landscape Improvements - LCF 2024-28 - AWARD,73611.0,HAYSTOUN CONSTRUCTION LTD,2025-09-11
36472 LEICESTER COLLEGE,20.0,ADAM'S TRANSPORT,2025-09-11
RDE868 - Development of novel DNA-based metrics and indicators to assess the eco,31963.81,UK CENTRE FOR ECOLOGY & HYDROLOGY (UKCEH),2025-09-10
RDE912 - Ammonia from road traffic - further assessment of modelling methodologi,24907.5,BUREAU VERITAS UK LIMITED,2025-09-10
ITEP1026 SWIS Severe Weather Information Service,936513.0,CIVICA UK LTD.,2025-09-10
Provision of Personal Protective Equipment (PPE) in Approved FSA Establishments,1873444.6,ARCO LIMITED,2025-09-10
"Repairs, call outs, reactive and planned for roofing",263157.89,CENTRAL ROOFING,2025-09-10
Anti-ligature Safety Audit Remedial Works,22092.18,CUSTOM GROUP LIMITED,2025-09-10
Aluminium Pole Supply for Traffic Signal Installations,210000.0,NULITE LIGHTING LTD,2025-09-09
Provision of Water Temperature Sensors at Various Sites,153950.0,CREEVX LIMITED,2025-09-09
Fortis Academy - PCSA (con_29636),4383480.52,BOWMER & KIRKLAND LTD,2025-09-08
PAN3223 - Asbestos Analytical Services,412995.1,BDA SURVEYING LTD,2025-09-08
CSP25348 - Administrator,26984.16,REED SPECIALIST RECRUITMENT  LIMITED,2025-09-08
CSP25347 - Administrator,30624.88,REED SPECIALIST RECRUITMENT  LIMITED,2025-09-08
IT410 Tortus Ambient Voice,22500.0,TORTUS AI LTD,2025-09-05
Credit Checking Service for Government Gateway,1200000.0,EQUIFAX LIMITED,2025-09-05
NDA/C17430/13 -  Pu Active SEM,114835.96,NATIONAL NUCLEAR LABORATORY,2025-09-05
"QOC823 2025-09-03 Beccles to Sense Centre Aldeby, Aldeby, Norfolk (4 seated vehicle with passenger assistant) - AWARD",18240.0,PJ WAYLAND'S LTD,2025-09-04
1997 IT Hardware for NHS Black Country Integrated Care Board,57395.9,CDW LIMITED,2025-09-04
"QLT034 2025-08-04 (0900) Oulton to Warren School, Lowestoft (6 seated wheelchair accessible vehicle with a passenger assistant) - AWARD",166250.0,OCEAN CABS (ANGLIA) LTD,2025-09-03
"QIP393 2025-08-28 (0900) Felixstowe to Kesgrave High School, Kesgrave (4 seated vehicle) - AWARD",23560.0,CABS SMART,2025-09-03
DHSC - ASC: Interoperability and Architecture platform - Discovery,1000000.0,SOFTCAT PLC,2025-09-02
UWQ318 - Signage - AWARD,90000.0,DMA SIGNS LIMITED,2025-09-02
Understanding consumer experiences of mobile network quality,60351.0,JIGSAWUK,2025-09-02
Provision of Firewall Hardware Support and Maintenance,82984.37,SOFTCAT PLC,2025-09-02
Children and Adults Trial Default Safety Settings,115655.27,VERIAN GROUP UK LTD,2025-09-02
Homecare framework,95000000.0,SUPREME COMPANY AND SONS LTD (T/A SUPREME HOME CARE),2025-09-01
Homecare framework,95000000.0,CARONNE CARE LTD,2025-09-01
Homecare framework,95000000.0,DE VERE CARE PARTNERSHIP LTD,2025-09-01
Homecare framework,95000000.0,ASPIRE CARE SERVICES,2025-09-01
Homecare framework,95000000.0,SHREEJI INC LTD,2025-09-01
Homecare framework,95000000.0,HOME SWEET HOME CARE LIMITED,2025-09-01
Homecare framework,95000000.0,STAR CARE UK LTD,2025-09-01
Homecare framework,95000000.0,MIHOMECARE LIMITED,2025-09-01
Drainage,100000.0,RE-GEN (UK) CONSTRUCTION LTD,2025-09-01
Homecare framework,95000000.0,SHARING HEALTHCARE LTD,2025-09-01
Umbraco Support and Maintenance,42000.0,NEXER DIGITAL LTD,2025-09-01
NDA/C17430/14 - Technical Knowledge Exchange Meeting,28161.44,NATIONAL NUCLEAR LABORATORY,2025-09-01
RDE915 - Modelling the plausible locations of sanctuary zones for red throated,89980.0,HOWELL MARINE CONSULTING,2025-09-01
Joint Contract SettleParadigm - Brands with values,19460.0,BRANDS WITH VALUES,2025-08-30
Provision of Digital Accessibility Services,150000.0,DIGITAL ACCESSIBILITY CENTRE,2025-08-29
Voucher Scheme Platform 2025,540000.0,HUGGG LTD,2025-08-29
Tail Spend Solution,600000.0,UNITE PROCUREMENT UK LTD,2025-08-29
"IP451, 0900 2025-08-27, Witnesham - Tuddenham St Martin - Ormiston Endeavour Academy, Ipswich (4 seats) - AWARD",55575.0,HUNTEREXPRESS LTD,2025-08-28
Asbestos Awareness Training - CF Awarded Contract,61000.0,LUCION SERVICES LIMITED,2025-08-28
"IP451, 0900 2025-08-27, Witnesham - Tuddenham St Martin - Ormiston Endeavour Academy, Ipswich (4 seats) - AWARD",55575.0,IP EXPRESS CABS,2025-08-28
"QIP995 0900 2025-08-20 Campsea Ashe- Reboot education, Ipswich (4-seated vehicle and a PA required) - AWARD",12927.6,NICE TRAVEL SOLUTIONS LIMITED,2025-08-27
Microsoft ESA & SCE Renewal,7216224.7,PHOENIX SOFTWARE LTD,2025-08-27
Minor Works Framework: Construction 2024,0.0,SCOPE CONSTRUCTION LTD,2025-08-27
DELIVERY MANAGER FOR THE CAMP HILL LINE - PACKAGES 1 AND 2,78000.0,MATCHTECH LIMITED,2025-08-27
Minor Works Framework: Construction 2024,0.0,PGR GROUP LIMITED,2025-08-27
Minor Works Framework: Construction 2024,0.0,CBES LIMITED,2025-08-27
Minor Works Framework: Construction 2024,0.0,BROWN AND SHAW (BUILDERS) LIMITED,2025-08-27
Minor Works Framework: Construction 2024,0.0,7 FORMATION LIMITED,2025-08-27
Minor Works Framework: Construction 2024,0.0,OLIVETI CONSTRUCTION LIMITED,2025-08-27
Minor Works Framework: Construction 2024,0.0,TANWOOD CONSTRUCTION LIMITED,2025-08-27
Fresh Food DPS Contract Award Notices June 2025 - August 2025,200000000.0,JOHN PALIN (WHOLESALE) LTD,2025-08-26
Fresh Food DPS Contract Award Notices June 2025 - August 2025,200000000.0,NIJAR DAIRIES LTD T/A FRESHWAYS,2025-08-26
Fresh Food DPS Contract Award Notices June 2025 - August 2025,200000000.0,TPB FOODS LIMITED,2025-08-26
Fresh Food DPS Contract Award Notices June 2025 - August 2025,200000000.0,JOHAL DAIRIES LIMITED,2025-08-26
Fresh Food DPS Contract Award Notices June 2025 - August 2025,200000000.0,TURNER PRICE,2025-08-26
Fresh Food DPS Contract Award Notices June 2025 - August 2025,200000000.0,BARSBY PRODUCE,2025-08-26
Fresh Food DPS Contract Award Notices June 2025 - August 2025,200000000.0,OWEN TAYLOR & SONS LTD,2025-08-26
Fresh Food DPS Contract Award Notices June 2025 - August 2025,200000000.0,GW PRICE LTD,2025-08-26
"QIP126 0900 2025-08-26  Ipswich to Parkside Academy, Lindbergh Road, IP3 9FA (4 seater vehicle required) - AWARD",12730.0,UNIVERSAL CABS LTD,2025-08-26
Mural Enterprise Licences 2025/26,34086.0,ECONOCOM PRODUCTS & SOLUTIONS UK LIMITED,2025-08-26
"QBH178 - 2025-08-12 (0900) Lowestoft to Castle East School, Bungay (8 seated vehicle with a passenger assistant) - AWARD",248710.0,SPRY MANAGEMENT,2025-08-21
RUGCON - Asset Lifecycle Management,227161.0,TOTALMOBILE LTD,2025-08-21
"QSB262 0900 2025-07-01 Hadleigh-Wetheringsett Manor school, Wetheringsett-Cum-Bockford (4-seated vehicle and a female driver required) - AWARD",4560.0,HAWK EXPRESS CABS LTD,2025-08-21
1991 IT Hardware for NHS Arden and Greater East Midlands CSU,11444.76,TEQEX LTD,2025-08-20
1991 IT Hardware for NHS Arden and Greater East Midlands CSU,14850.0,DELL CORPORATION LIMITED,2025-08-20
Sharegate Migration Licenses,30000.0,SHAREGATE LTD,2025-08-20
DDaT25357 - IBM Blue works,34235.95,RESPONSIV SOLUTIONS LIMITED,2025-08-20
RDE857 - Benefits of underwater structures to cuttlefish egg survival,77000.0,UNIVERSITY OF PLYMOUTH,2025-08-19
CPU 7651 TRCH Website,63000.0,CULTURESUITE LIMITED,2025-08-18
"QFX003 0900 2025-08-18 IPSWICH to PROJECTION EDUCATION, FELIXSTOWE FERRY CENTRE, FERRY ROAD, IP11 9RT (4seater vehicle required)  - AWARD",15960.0,CABS SMART,2025-08-18
S728 Mainstream Taxi Ab Kettleby Primary School,62.11,EVEREST TAXI,2025-08-16
S728 Mainstream Taxi Ab Kettleby Primary School,62.11,SOUND TAXI,2025-08-16
Provision of Steering Board Review,24300.0,MI-GSO PCUBED,2025-08-15
PAN3418 - New Slab Design,139535.0,DANAHER & WALSH (CIVIL ENGINEERING) LTD,2025-08-15
665 - Strategic Transport Model,224607.45,AECOM LTD,2025-08-15
2 x Ford Transit One Stop Tippers,73200.0,R.T.RATE LIMITED,2025-08-14
21 201 Further Competition for the Development of Mount View,10000000.0,PLUS DANE HOUSING LTD,2025-08-13
Lot 4 - Tameside Metropolitan Borough Council,244815.0,D C TRAVEL,2025-08-12
S541-Mainstream Taxi 4 passenger seats- Robert -Smyth Academy,11400.0,MURPHYS TAXIS LTD,2025-08-12
S78 Mainstream Taxi The Priory Ruskin Academy,93.8,MW PRIVATE HIRE,2025-08-12
"2025-08-11 09:00 - QML057 Bury St Edmunds to West Row Academy, West Row - AWARD",171000.0,ALL DAY CARS,2025-08-12
Security tender 2025-2028,48020.0,BRYAN ENTERPRISE LTD TRADING AS SECURITY SERVICES,2025-08-12
"Further competition against RM6175 Records Information Management, Digital Solutions and Associated Services Lot 1: Records Information Management Services - AWARD",521597.0,RESTORE RECORDS MANAGEMENT,2025-08-12
MWF Lot 7 - Weeke Primary School - Emergency Lighting Upgrade - AWARD,20435.37,HILLSIDE ELECTRICAL SOUTHERN LTD,2025-08-12
Lot 4 - Tameside Metropolitan Borough Council,244815.0,STAMFORD CARS UK LTD,2025-08-12
Decorations Framework Lot 2 DA -  External Decorations and Repairs 7-24 - Various Properties - AWARD,160207.45,IAN WILLIAMS,2025-08-12
S449 Mainstream Taxi The Priory Belvoir Academy,90.0,NMI TAXIS LTD,2025-08-12
"2025-08-11 09:00 - QML061 Elmswell to West Row Academy, West Row - AWARD",222026.4,UNITY TRAVEL LTD,2025-08-12
Arboricultural services - Tree works operations,1938.0,HICKSON WARDLE TREECARE,2025-08-12
Fie Evacuation System for Tyneside House,14500.0,TAGEVAC LTD,2025-08-12
Provision of SD WAN Services,237165.0,VIRGIN MEDIA BUSINESS LTD,2025-08-12
"FR560, 0900 2025-08-12, Rendham - Sweffling - Thomas Mills High School, Framlingham (12 seats) - AWARD",64505.0,WHINCOP COACHES,2025-08-12
Lot 4 - Tameside Metropolitan Borough Council,244815.0,FREERUN PRIVATE SERVICES,2025-08-12
CA15026 - Havant & South Downs College - Cleaning Services,3682786.45,BRAYBORNE FACILITIES SERVICES,2025-08-12
RFI 273 Oldbury - Auto-SAS Building Facility Planning Application,44011.0,AVISON YOUNG,2025-08-12
"2025-08-08 09:00 - QTN042 Wickhambrook to Stanton Community Primary School, Stanton - AWARD",148960.0,FIRST STOP TRAVEL EA LIMITED,2025-08-12
S775 Mainstream Taxi John Ferneley College,86.0,T & H SOLUTIONS,2025-08-12
Route Optimisation - Passenger Transport,46908.0,ROUTEWARE LIMITED,2025-08-12
Broadcast Graphics Operating System Migration,569820.88,MOBILISE CLOUD SERVICES LIMITED,2025-08-12
"HK608, 0900 2025-08-12, Brantham to Holbrook Academy (4 seats) - AWARD",22800.0,EDWARD BALCH T/A EASY ACCESS TRANSPORT,2025-08-12
S759 Mainstream Taxi The Castle Rock School,98.2,COALVILLE CABS LTD,2025-08-12
"2025-08-05 09:00 - QOC694 Rattlesden to Kingsbrook School Southburgh, Norfolk. - AWARD",24656.3,NASH AUTO LTD,2025-08-11
AI Proof of Concept Services to Support EU Reset,1500000.0,FACULTY SCIENCE LIMITED,2025-08-11
Fire Compliance Risk Assessments and Surveys,58224.0,LOGIC FIRE AND SECURITY LIMITED,2025-08-11
CPT_25_30 - Decarbonisation Project - Mechanical & Electrical  Engineering Services (C-4014),66000.0,RIDGE AND PARTNERS LLP,2025-08-10
Compostable Caddy Liners,41808.0,THE COMPOST BAG COMPANY,2025-08-08
NCC1355 Web Filtering Service,39330.0,EUROPEAN ELECTRONIQUE,2025-08-08
PAN3415 - Gleneagles Av Bridge Maintenance Scheme,260439.61,DANAHER & WALSH (CIVIL ENGINEERING) LTD,2025-08-08
Access Supine Breast & Lung Treatment Device Arm and Wrist support,38632.0,ONCOLOGY IMAGING SYSTEMS LIMITED,2025-08-08
"2025-08-01 09:00 - QOC783 Stowmarket to Acorn Park School, Banham, Norfolk - AWARD",301568.0,405 CAB CO LTD,2025-08-08
BTH25-203 Pharmacy Blood labelling Isolator,93386.0,ENVAIR LIMITED,2025-08-07
"2025-08-04 09:00 - QOC788 Sudbury to Doucecroft School, Colchester, Essex - AWARD",278768.0,NICE TRAVEL SOLUTIONS LIMITED,2025-08-07
"2025-08-04 09:00 - QOC788 Sudbury to Doucecroft School, Colchester, Essex - AWARD",278768.0,CALL A CAB IPSWICH,2025-08-07
Green Home Initiative - ARC - Phase 9,477027.48,ARC GROUP LONDON LIMITED,2025-08-06
Green Home Initiative - ARC - Phase 12,474878.62,ARC GROUP LONDON LIMITED,2025-08-06
PAN3381 - Clean & Green PV installations,29999.0,COUCH PERRY WILKES LLP,2025-08-05
LDC-335 DFG Adaptations and Associated Building Works Framework,1000000000.0,WILCOX PLUMBING & HEATING LTD,2025-08-05
LDC-335 DFG Adaptations and Associated Building Works Framework,1000000000.0,TYRER BUILDING CONTRACTORS,2025-08-05
LDC-335 DFG Adaptations and Associated Building Works Framework,1000000000.0,FENAX DEVELOPMENTS LIMITED,2025-08-05
LDC-335 DFG Adaptations and Associated Building Works Framework,1000000000.0,EDEN ADAPTIONS LTD,2025-08-05
"2025-08-05 09:00 - QTN038 Drinkstone & Elmswell to Ixworth High School, Ixworth - AWARD",89110.0,KELLY'S CABS (ALAN KELLY),2025-08-05
LDC-335 DFG Adaptations and Associated Building Works Framework,1000000000.0,CARDO (CENTRAL) LIMITED,2025-08-05
LDC-335 DFG Adaptations and Associated Building Works Framework,1000000000.0,A.S PLUMBING AND BATHROOMS LTD,2025-08-05
Stock Condition Surveys (Housing),2818470.0,WATTS GROUP LIMITED,2025-08-04
Iken Call-off from G-Cloud 14 Framework  Agreement (RM1557.14),145400.0,IKEN BUSINESS LTD,2025-08-04
NEA - CDF - Butteryhaugh - OBC-FBC - Lot 1 Detailed Design,385799.6,OVE ARUP & PARTNERS LIMITED,2025-08-04
"QOC789 09:00 2025-08-04 Mildenhall, Suffolk to Gretton School, Girton, Cambridgeshire - AWARD",118702.5,CAMBRIDGE AND HUNTINGDON AIRPORT TRAVEL SERVICE,2025-08-04
"2025-08-01 09:00 - QOC785 Beccles to Chapel Green School, Old Buckenham, Norfolk - AWARD",348080.0,LONDON HIRE COMMUNITY SERVICES LTD,2025-08-04
"2025-08-01 09:00 - QOC785 Beccles to Chapel Green School, Old Buckenham, Norfolk - AWARD",348080.0,ANDALUSIA TRADING LTD  T/A ROADRUNNER TAXIS,2025-08-04
CVLR Demonstrator - Subway Optioneering,95000.0,PERFECT CIRCLE JV LTD,2025-08-03
Roofing Replacement 2025,161039.0,APEX SG LTD,2025-08-01
Lost Contact and Mortality Screening Contract,350000.0,TARGET PROFESSIONAL SERVICES UK,2025-08-01
Leabridge Supplies - Barnet lock and security,15000.0,BARNET LOCK & SECURITY LTD,2025-08-01
Crossing the Border - Service Integrator,18500000.0,KPMG LLP,2025-08-01
ENQ1187 - Small works for electrical distribution board works,26319.0,GILKS (NANTWICH) LIMITED,2025-08-01
"Data Centre Technical Advisory Services (Multidisciplinary) - RIBA Stage 4, 5, 6 & 7",72000.0,RIDGE AND PARTNERS LLP,2025-08-01
Postural Liceneces for use with Allign RT,160000.0,VISION RT LIMITED,2025-07-31
Provision of Construction Works & Associated Services 3 (CWAS3),49200.0,ATKINSRÉALIS UK LIMITED,2025-07-31
Legal Advice,256000.0,MILLS & REEVE LLP,2025-07-31
Open Source Intelligence cyber and forensics platform,30000.0,SOFTCAT LTD - FCA,2025-07-31
IBM Cloud Hosting - Recarta IT Ltd,110000.0,RECARTA IT LTD,2025-07-31
Project_4850 Research - Potentially harmful OCA online practices,79925.0,REVEALING REALITY,2025-07-31
QOC405 0900 2025-07-28 BSE to Meldreth Manor School (4seater vehicle with Passenger Assistant required) - AWARD,136771.5,CAMBRIDGE AND HUNTINGDON AIRPORT TRAVEL SERVICE,2025-07-28
"Disposal of Cannabis, Nitrous Oxide and knives",80000.0,AC ENVIRONMENTAL CONSULTING LTD,2025-07-28
UKSBS Employment Legal Advice,113500.0,DAC BEACHCROFT LLP,2025-07-28
Lot 2b - Between 9 and 16 passenger seats with Passenger Assistant for Barrow-in-Furness area closing 21 July 2025 (F4),0.0,CAREFREE TRAVEL LTD,2025-07-25
Camp Hill Rail Lines - Preparation for Entry into Service,132202.5,WEST MIDLANDS TRAINS LIMITED,2025-07-25
Lot 1a - Up to 8 passenger seats for various areas closing 21 July 2025 (F4),182400.0,N & C TAXI SERVICES,2025-07-25
Lot 1a - Up to 8 passenger seats for various areas closing 21 July 2025 (F4),182400.0,MANDM TAXIS,2025-07-25
Asbestos Surveys,50000.0,AIRTECH ANALYSIS LTD,2025-07-25
Quail AI,108000.0,QUANTIUM HEALTH LIMITED,2025-07-25
Provision of Fixed Line and Direct Routing Services to The DfE,264178.72,GAMMA TELECOM LIMITED,2025-07-24
RUGCON - Health and Safety Management Software,48645.0,EVOTIX ASSURE SOFTWARE SOLUTION,2025-07-24
Firewalling Solution 2025,2291676.47,CDW LIMITED,2025-07-24
S233 Mainstream Taxi To Kibworth mead Academy and Church Langton Primary School,11206.2,HMB (LEIC) LTD,2025-07-23
S233 Mainstream Taxi To Kibworth mead Academy and Church Langton Primary School,11206.2,TAKE ME SERVICE LTD T/A ADT TAXIS,2025-07-23
Lot 4b - Wheelchair Accessible with Passenger Assistant for Out of County area closing 21 July 2025 (F4),0.0,R & L TAXIS LTD,2025-07-22
Kent Food Waste Project,159250.0,LETTERBOX DISTRIBUTION LIMITED,2025-07-22
Professional Services,61813.9,LA INTERNATIONAL COMPUTER CONSULTANTS LIMITED,2025-07-22
"QSC191 09:00 2025-07-21 Ipswich, Suffolk to The Ryes Collee & Community, Assington, Suffolk - AWARD",97736.0,NICE TRAVEL SOLUTIONS LIMITED,2025-07-21
IMP- St Mary's Bed Extension - Architectural services,204564.44,TODD ARCHITECTS,2025-07-21
Provision of Action for Childrens Brand Shop,116000.0,SYNERGY PRINT,2025-07-21
"Learning, performance and recruitment software",696538.03,CORNERSTONE ONDEMAND LIMITED,2025-07-21
"QFX018 0900 2025-07-21 Rendlesham to Felix Primary, Maidstone Road, Felixstowe, IP11 9ED (6 seater vehicle with Passenger Assistant) required. - AWARD",180348.0,NICE TRAVEL SOLUTIONS LIMITED,2025-07-21
2025-07-21 TN139 Norton to Elmswell Primary School - AWARD,22420.0,HUNTEREXPRESS LTD,2025-07-21
2025-07-21 TN139 Norton to Elmswell Primary School - AWARD,22420.0,MICHELLE MANSELL,2025-07-21
BSMHFT Hyland Onbase Maintenance and Support,125860.58,HYLAND UK OPERATIONS LIMITED,2025-07-18
Local Transport Data Collection Alpha/Beta,263239.0,METHODS BUSINESS AND DIGITAL TECHNOLOGY LIMITED,2025-07-18
RUGCON - Risk Management Support,28950.0,RSM UK RISK ASSURANCE SERVICES LLP,2025-07-18
25-22 Management Information Toolset,241992.0,THE INFORMATION LAB LIMITED,2025-07-18
CCS028 Therapeutic Assessment to Support Education and Health Care Plan Delivery,2400000.0,ACHELOIS LTD (T/A PURPLE HOUSE CLINIC NOTTINGHAM),2025-07-17
CCS028 Therapeutic Assessment to Support Education and Health Care Plan Delivery,2400000.0,MEDICURE PROFESSIONALS LTD,2025-07-17
Functional and/or Process Safety Consultancy Services,66280.0,SANTANE LTD,2025-07-17
CCS028 Therapeutic Assessment to Support Education and Health Care Plan Delivery,2400000.0,MOMENTUM EDUCATIONAL PSYCHOLOGY,2025-07-17
CCS028 Therapeutic Assessment to Support Education and Health Care Plan Delivery,2400000.0,CREATE TALK LIMITED,2025-07-17
CCS028 Therapeutic Assessment to Support Education and Health Care Plan Delivery,2400000.0,LD PHYSIOTHERAPY TRAINING & DEVELOPMENT LTD,2025-07-17
CCS028 Therapeutic Assessment to Support Education and Health Care Plan Delivery,2400000.0,BODENS PSYCHOLOGY SERVICES LTD,2025-07-17
CCS028 Therapeutic Assessment to Support Education and Health Care Plan Delivery,2400000.0,MD PSYCH,2025-07-17
CCS028 Therapeutic Assessment to Support Education and Health Care Plan Delivery,2400000.0,LET'S TALK,2025-07-17
CCS028 Therapeutic Assessment to Support Education and Health Care Plan Delivery,2400000.0,MAY'S HUB LTD (T/A MY THERAPY SERVICES LTD),2025-07-17
Lot 1a - Up to 8 passenger seats for various areas closing 14 July 2025,115710.0,ALEX TAXIS,2025-07-16
Lot 1a - Up to 8 passenger seats for various areas closing 14 July 2025,115710.0,LA7 TAXI,2025-07-16
HBC - Laptops Replacement  - AWARD,303115.31,CCS MEDIA,2025-07-16
Lot 1a - Up to 8 passenger seats for various areas closing 14 July 2025,115710.0,NIGHT AIRPORT TAXIS,2025-07-16
Workforce Solutions,732000000.0,ALEXANDER MANN SOLUTIONS LTD (AMS),2025-07-15
Provision of Level 4 Employability Practitioner apprenticeship ST0663 to DWP employees,1350000.0,PTP TRAINING LIMITED,2025-07-14
PR2262 - Recruitment Services for Director of Resources,30780.0,GATENBYSANDERSON LTD,2025-07-14
Corporate Security Services,24000000.0,CARLISLE SECURITY SERVICES LIMITED,2025-07-12
Investment Programme 2025/26,328750.0,PA CONSULTING SERVICES LTD,2025-07-11
CA14754 - Telecare Monitoring for Karbon Homes,240000.0,CAREIUM UK LIMITED,2025-07-11
Lot 4b - Wheelchair Accessible with Passenger Assistant for Out of County area closing 10 July 2025 (F1),195912.8,LANX PRIVATE AMBULANCE SERVICE LTD.,2025-07-11
CA16189 - Stoke on Trent College - Provision of a HR Management System,158635.0,FRONTIER SOFTWARE PLC,2025-07-11
Mechanical and Electrical refurbishment works - Lathkilldale and Kirtley - AWARD,837052.0,RSPROJECTS,2025-07-11
Van Purchase - Health Sciences,28769.0,BP ROLLS (MAXUS) LIMITED,2025-07-11
CA15735 - Invitation to Quote for the provision of Apprentice Tracking Software System (New College Swindon),118275.0,TRIBAL EDUCATION,2025-07-11
MWF - Lot 1 - Wallop Primary School - Doors replacements - AWARD,5942.2,JC RAE DECORATING LTD,2025-07-11
M&E consultant refurbishment of London metropolitan archives,200000.0,BRINSON STANILAND PARTNERSHIP LTD,2025-07-11
MWF - Lot 1 - North Baddesley Infant School - Window Upgrade - AWARD,9420.0,T COLEBORN & SON LTD,2025-07-11
PLICS Managed Service,104798.0,IQVIA TECHNOLOGY SERVICES LTD.,2025-07-11
Bromsgrove Supply of Plastic Wheeled Bins via YPO 1135 lot 3,2000000.0,CRAEMER UK LIMITED,2025-07-11
AT1369 - Mobile and Data services,240000.0,VIRGIN MEDIA BUSINESS,2025-07-11
Lot 1b - Up to 8 Passenger Seats with Passenger Assistant for various areas closing 10 July 2025 (F1),955962.2,24X7 LTD,2025-07-11
CA14802 - MyKarbon Customer Portal App for Karbon Homes,2116782.0,PLENTIFIC LTD,2025-07-11
CA14415 - Learning Management System for Karbon Homes,402750.0,KALLIDUS LIMITED,2025-07-11
Internal and external decorating Summer 2025 - AWARD,213620.0,BELL DECORATING GROUP LIMITED,2025-07-11
Lot 1a - Up to 8 passenger seats  for Cartmel area closing 10 July 2025 (F1),31350.0,SANDOR SZEGI/ ALEX TAXIS,2025-07-11
"Animal Care Minor Building, Roofing and Refurbishment works  - AWARD",261009.0,DAVLYN CONSTRUCTION LTD,2025-07-11
Lot 1b - Up to 8 Passenger Seats with Passenger Assistant for various areas closing 10 July 2025 (F1),955962.2,FELL VIEW PRIVATE HIRE,2025-07-11
NEC4 Site Supervisor,72000.0,WATERMAN ASPEN LTD,2025-07-11
Lot 1b - Up to 8 Passenger Seats with Passenger Assistant for various areas closing 10 July 2025 (F1),955962.2,N&C TAXI SERVICE,2025-07-11
Ministry of Justice - Evaluation Pre-requisites: Research into Group Victim Support Interventions,179184.0,NATIONAL CENTRE FOR SOCIAL RESEARCH,2025-07-10
LNA - Lower Witham - Designer Construction Support - CDF Lot 1,69161.41,OVE ARUP & PARTNERS LIMITED,2025-07-10
Vetting Solutions Tender,210000.0,"REED SPECIALIST RECRUITMENT LIMITED,",2025-07-10
HGV Working Platforms,101475.0,FIRE LADDERS LIMITED,2025-07-10
RAM Fixed Asset Register software,170000.0,MRI SOFTWARE LIMITED,2025-07-10
con_27825-IT Health Check Services,2000000.0,FORFEND INFORMATION SECURITY LIMITED,2025-07-09
WP180 Vehicle Emissions Programme - Lot 2,155486.1,HORIBA MIRA,2025-07-09
TROP89-C05 Financial Advisors to support Rail Contracts & Projects,207956.0,GRANT THORNTON UK ADVISORY & TAX LLP,2025-07-09
CISCO HW SW Support,784997.98,AKHTER COMPUTERS LTD,2025-07-09
Student Mobility Management Platform,42380.26,QUANTUM IT EUROPE LTD,2025-07-08
WP180 Vehicle Emissions Programme - Lot 1,299925.0,MAHLE POWERTRAIN LTD,2025-07-08
YAS 44 2025_26 (DA FW) Containers Hire,42618.0,ALGECO UK LIMITED,2025-07-07
AT1433 - BTS Software for management of the housing estate,825364.68,TOTALMOBILE LIMITED,2025-07-07
BSMHFT Netcall Contact Centre,200034.0,NETCALL TECHNOLOGY LIMITED,2025-07-07
"Invitation to Tender - Chorley Town Centre,Civic Square Development",254858.74,KIER CONSTRUCTION LIMITED,2025-07-07
RDE811 - F6a. Passive sampling biota replacement feasibility study (freshwater),50000.0,UK CENTRE FOR ECOLOGY & HYDROLOGY (UKCEH),2025-07-07
Lot 1a - Up to 8 passenger seats for Barrow area closing 3 July 2025 (F2 3 day),1890.0,GTBTRANSPORTSERVICES,2025-07-04
DOCKER FOR BUSINESS LICENCES (FY2025-26),15000.0,INSIGHT DIRECT (UK) LTD,2025-07-03
DMS Delivery Management Service,580060.0,MERCATOR IT SOLUTIONS LTD,2025-07-03
UHB Assurance Dashboard,112371.13,INSIGHT DIRECT (UK) LTD,2025-07-03
Delivery of a Technology Maturity Improvement Service,3426400.0,SCC,2025-07-03
Mapping and Spatial  software suite,73895.0,ESRI (UK) LTD,2025-07-02
DDaT25253 - Hardware - Laptops,51179.0,STONE TECHNOLOGIES LTD,2025-07-01
GB-Sheffield: Change PMO Analyst,98670.0,I3WORKS,2025-06-30
Palo Alto Firewall Maintenance - AWARD,729545.71,KHIPU NETWORKS LIMITED,2025-06-30
PLACE626H Q2 2025 Roadstone  - Breedon Aggregates,96000.0,BREEDON AGGREAGTES LTD,2025-06-30
PLACE626H Q2 2025 Roadstone  - CEMEX,200000.0,CEMEX UK OPERATIONS LTD,2025-06-30
PLACE626H Q2 2025 Roadstone  - Holcim UK Ltd,96000.0,HOLCIM UK LTD,2025-06-30
Supply of E-Books,2644645.0,PROQUEST LLC,2025-06-30
PLACE626H Q2 2025 Roadstone  - Bradley Brothers Ltd,15000.0,BRADLEY BROTHERS  LTD,2025-06-30
Supply of E-Books,2644645.0,KORTEXT LIMITED,2025-06-30
Research Tool - UserTesting,255000.0,USERTESTING TECHNOLGIES LIMITED,2025-06-30
Supply of E-Books,2644645.0,A T LITTLE & SONS LTD T/A BROWNS BOOKS,2025-06-30
Supply of E-Books,2644645.0,EBSCO INTERNATIONAL INC.,2025-06-30
PLACE626H Q2 2025 Roadstone  - Stacey Asphalt,377000.0,STACEY PROCESSING LIMITED,2025-06-30
TEN-2526-017(PCR2015) Gartner Research Services,65000.0,GARTNER UK LIMITED,2025-06-30
PLACE626H Q2 2025 Roadstone  - JC Balls,6000.0,J C BALLS AND SONS,2025-06-30
Catering Contractor Procurement,289166.44,INTERNATIONAL FOOD SERVICE EQUIPMENT LTD,2025-06-27
Leisure Centre PSCA RIBA 4 via SCAPE Construction Framework,1510153.0,MORGAN SINDALL CONSTRUCTION & INFRASTRUCTURE LTD,2025-06-27
Landscape Study Procurement,43137.0,HANKINSON DUCKETT ASSOCIATES LIMITED,2025-06-26
"Fellview Primary School - Damp, Building Fabric & External Works",61663.0,MICHAEL THOMPSON LTD,2025-06-26
Food Waste Caddies,310989.0,THE COMPOST BAG COMPANY,2025-06-25
Civil Parking Enforcement System,59867.76,CHIPSIDE LIMITED,2025-06-25
LCC Transport Services - BPB - School Transport - SEND Schools - Taxi - BPB000124 - North,1615815.1,HANDSOME CABS LTD,2025-06-25
LCC Transport Services - BPB - School Transport - SEND Schools - Taxi - BPB000124 - North,1615815.1,WATAXIS,2025-06-25
LCC Transport Services - BPB - School Transport - SEND Schools - Taxi - BPB000124 - North,1615815.1,ACORN CONTRACT AND HIRE LTD,2025-06-25
LCC Transport Services - BPB - School Transport - SEND Schools - Taxi - BPB000124 - North,1615815.1,24X7 LTD,2025-06-25
LCC Transport Services - BPB - School Transport - SEND Schools - Taxi - BPB000124 - North,1615815.1,S&T CARS,2025-06-25
LCC Transport Services - BPB - School Transport - SEND Schools - Taxi - BPB000124 - North,1615815.1,G-CARS,2025-06-25
LCC Transport Services - BPB - School Transport - SEND Schools - Taxi - BPB000124 - North,1615815.1,D&T TAXIS LTD,2025-06-25
LCC Transport Services - BPB - School Transport - SEND Schools - Taxi - BPB000124 - North,1615815.1,CENTRAL CARS SKEGNESS LTD,2025-06-25
LCC Transport Services - BPB - School Transport - SEND Schools - Taxi - BPB000124 - North,1615815.1,SCARTHO CARS,2025-06-25
Cloud-based Revenues and Benefits  and Housing Information Technology Managed Service,0.0,NEC SOFTWARE SOLUTIONS UK LIMITED,2025-06-25
380_25 Supply of Catalogue Printing Services for ESPO,1200000.0,WARNERS (MIDLANDS) PLC,2025-06-24
380_25 Supply of Catalogue Printing Services for ESPO,1200000.0,WALSTEAD ROCHE LIMITED,2025-06-24
380_25 Supply of Catalogue Printing Services for ESPO,1200000.0,STERLING PRESS LIMITED,2025-06-24
AFRICA HUB_LILONGWE: PROVISION OF AIR CONDITIONING SERVICING AND MAINTENACE AT THE BRITISH HIGH COMMISSION LILONGWENANCE AT THE BRITISH HIGH COMMIS,30754.0,ADUNGA A & R ENGINEERING,2025-06-24
Minor works framework - Frizington School - Roofing Works,42486.0,MICHAEL THOMPSON LTD,2025-06-23
DNO/464 - Enterprise Portfolio Strategy Implementation - P2 - CAN,1000000.0,KPMG LLP,2025-06-23
Call-off contract for the provision of resettlement services,30000.0,BRITISH REFUGEE COUNCIL,2025-06-23
Thwaites School - Window Replacement,34487.0,ROLAND HILL (PARSONBY) LIMITED,2025-06-23
ITEP0961 - Lumivero @Risk,57571.59,LUMIVERO UK LIMITED,2025-06-22
UWQ305 - Office Supplies - AWARD,40000.0,BANNER GROUP LIMITED,2025-06-20
Food to Go DPS Contract Award Notices June 2025 - August 2025,78831476.0,RAYNOR FOODS,2025-06-19
Greenbank Primary - Fire Alarm Upgrade,48451.12,JAMIESON CONTRACTING LTD,2025-06-19
Food to Go DPS Contract Award Notices June 2025 - August 2025,78831476.0,ON A ROLL SANDWICH COMPANY LTD,2025-06-19
711280452 Electro-Magnetic Detect and Defeat (EMDaD) SME,2750000.0,TELEPLAN FORSBERG LTD,2025-06-19
Food to Go DPS Contract Award Notices June 2025 - August 2025,78831476.0,TIFFIN SANDWICHES LTD,2025-06-19
"HBC- Supply and Provision of Outdoor LED screen at Civic Offices, Borehamwood - AWARD",0.0,AUDITEL RENTAL & SERVICE LTD,2025-06-19
Design and Construction of a new Police Station at Dovercourt,3962459.02,PENTACO CONSTRUCTION LTD,2025-06-18
DHSC:GH: Global Health Workforce Programme Evaluation,298510.0,CENTER FOR EVALUATION AND DEVELOPMENT (C4ED),2025-06-18
RUGCON - Servicing & Maintenance of Fire Equipment,80000.0,SUNFISH SERVICES LIMITED,2025-06-18
St Michael in the Hamlet - Plant Room Refurbishment,96143.43,CONSORTIA INTEGRATED SERVICES LTD,2025-06-17
Children and Young People (CYP) Emotional Wellbeing Support  - AWARD,450000.0,CHUMS CIC,2025-06-17
WNC Infrastructure Audit 25/26,50000.0,HASKONINGDHV UK LIMITED,2025-06-16
The Weald Community School and 6th Form ~ Catering Tender,3365791.0,ABM CATERING LIMITED,2025-06-13
MWF - Lot 2 - Holbrook Primary School - Internal Alterations to RP - AWARD,292978.92,HAMPSHIRE PARTITIONING CONTRACTS LTD (TA HP CONTRACTS),2025-06-13
MWF Lot 5 -  Glenwood School - Re-Roof of Pitched Roof - Phase 2 - AWARD,119248.9,HAMPSHIRE PARTITIONING CONTRACTS LTD (TA HP CONTRACTS),2025-06-13
Public consultation for a new selective housing licensing scheme in Enfield,46000.0,MEL RESEARCH,2025-06-13
"Homes England - Strategic Research, Evaluation and Economics Framework - Evaluation of Oakgrove scheme",74673.0,SQW LTD,2025-06-13
"Skills Bootcamp - Wave 6, Round 1 - Category 6, Information and Communication Technology (ICT)",1072500.0,TECH EDUCATORS,2025-06-13
"Skills Bootcamp - Wave 6, Round 1 - Category 6, Information and Communication Technology (ICT)",1072500.0,FAREPORT TRAINING ORGANISATION LIMITED,2025-06-13
36132 HINCKLEY HOUSE SCHOOL,83616.0,ASA TRANSPORT,2025-06-13
"Skills Bootcamp - Wave 6, Round 1 - Category 5, Construction, Planning and the Built Environment",424500.0,WISE TRAINING STREETWORKS & CONSTRUCTION LTD,2025-06-13
US_24153b - Patents and Other IP Rights Renewal Platform,95.0,WELLSPRING EMEA LTD,2025-06-13
CA15375 - The Howard Academy Trust Invitation to Tender for Network Infrastructure Replacement at Hurstmere School and Expansion/Enhancement of Wi-Fi Infrastructure at The Howard School,540221.47,TEL GROUP LTD,2025-06-13
CA14964 - CCSW - POS Tills Systems - ITT,52115.0,HAVEN SYSTEMS LTD,2025-06-13
Research and Creative Brief: Waste Management and Recycling in Liverpool,59540.0,INFLUENTIAL AGENCY LIMITED,2025-06-13
"QLT019 2025-06-12 (0900) Easton, Norwich to Sunrise Academy, Lowestoft (4 seated vehicle) - AWARD",2895.6,SPRY MANAGEMENT,2025-06-13
CLOSED BRANCH LINES MINOR WORKS - HRE - Helston - Gwinear Road - Lowertown Bridge - HEL 8m 18ch,1048750.0,HAMMOND (ECS) LTD,2025-06-13
CON_27708 ServiceNow Implementation Partner,269992.0,DEVOTEAM LTD,2025-06-13
SAD/68 - Somerset and Dorset (Bath - Templecombe),7513630.0,HAMMOND (ECS) LTD,2025-06-13
Highways Sponsorship Signage,30000.0,KINGSTAL LIMITED,2025-06-13
LSF - Lot 2 (DA) - Fair Oak Infant School - Removal and Repair of Log Retaining Wall - AWARD,41336.65,SCANDOR LANDSCAPE CONTRACTORS LTD,2025-06-13
Southwater Tree Survey (Nov 2024) Identified Works - Tranche 2,22695.0,OXLEAS TREE CARE LTD,2025-06-13
Board Management Software,85377.6,AZEUS UK LIMITED,2025-06-13
LSF - Lot 2 - Clanfield Junior School - Pool Decommission - AWARD,54335.2,SGC PROJECTS LIMITED,2025-06-13
"Skills Bootcamp - Wave 6, Round 1 - Category 6, Information and Communication Technology (ICT)",1072500.0,THE SKILLS NETWORK LIMITED,2025-06-13
"Skills Bootcamp - Wave 6, Round 1 - Category 6, Information and Communication Technology (ICT)",1072500.0,CONNEXIN LIMITED,2025-06-13
Redbridge Schools cleaning Tender,778317.0,ATLAS FM LIMITED,2025-06-12
Redbridge Schools cleaning Tender,716985.0,ATLAS FM LIMITED,2025-06-12
Redbridge Schools cleaning Tender,397848.0,ATLAS FM LIMITED,2025-06-12
Redbridge Schools cleaning Tender,1001901.0,ATLAS FM LIMITED,2025-06-12
Fleet Services Contract Extension,97775.52,LEASEPLAN UK LIMITED,2025-06-12
GB-Liverpool: LW123 Carbon Management Support,30000.0,CARBON GREEN LTD,2025-06-12
Wind Tunnel Hire,47462.4,SILSOE SPRAY APPLICATIONS UNIT LIMITED,2025-06-12
Call Off Contract for an Email Communications Platform,75650.0,FORFRONT LTD,2025-06-11
Fire Door Surveys - Trustwide,212200.0,INSTALRITE DESIGN LTD,2025-06-11
713225450 - CARP Testing and Exercising,922988.0,DELOITTE LLP,2025-06-11
AT1380 Call monitoring Service  for Dispersed Digital Alarms and Sheltered Housing Schemes,329940.0,CAREIUM UK LTD,2025-06-10
RDE520 Life cycle assessment (LCA) of bovine tuberculosis on greenhouse gas emis,105524.6,SRUC,2025-06-10
External Financial Advisory Support for Existing Nuclear Projects,1000000.0,PA CONSULTING GROUP LIMITED,2025-06-10
Windows 11 Laptops for 2025/26,945280.0,XMA LIMITED,2025-06-09
Heating and Plumbing Materials,200000.0,TURNBULL AND COMPANY LIMITED,2025-06-09
GB-Sheffield: IT Contract Resource,100000.0,XMA LTD,2025-06-09
Biological Services- Models Cryopreservation of MHRA Breeding Stock,80000.0,CHARLES RIVER U.K. LIMITED,2025-06-09
Sterility Testing services,30000.0,READING SCIENTIFIC SERVICES LIMITED,2025-06-06
Cornwall Badger Vaccination Pilot,1370231.07,NFU,2025-06-06
Gwladys Street Primary Juniors - Phase 2 Heating & Drainage,140941.31,SENATE MECH LTD.,2025-06-06
THRE02-B07 Technical Advisors to support the Rail Contract Projects,41400.0,OVE ARUP & PARTNERS LTD,2025-06-06
NHS Login Transform 2,16250000.0,HIPPO DIGITAL LIMITED,2025-06-06
Gates - Lambeth HQ - Lot 1,249253.5,AXIS EUROPE,2025-06-06
"Ages of Invention Gallery  Lead Designer, Architect,  Exhibition Designer - AWARD",370475.0,LAWSON WARD STUDIO,2025-06-05
Bridge Inspections,700000.0,WATERMAN ASPEN LTD,2025-06-05
CEF02-package 4 - Cost estimating support from Benchmark Estimating for FY 25/26 on various current and future RIS projects,700000.0,BENCHMARK ESTIMATING LIMITED,2025-06-05
Contract for Provision of MODICM Study Support KCL,35408.67,KING'S COLLEGE LONDON BUSINESS LIMITED,2025-06-04
Young Adults Service - Supporting those aged 17 to 24 years (mental health),1535000.0,DERBYSHIRE FEDERATION FOR MENTAL HEALTH,2025-06-04
Front Gates - Lambeth Lot 2,267312.09,AXIS EUROPE,2025-06-02
The Provision of Opportunities to Improve Attainment and Engage Vulnerable Children and Young People in Education Contract Awards,770.0,DRAGON FOOTBALL ACADEMY LTD,2025-06-02
BSMHFT Probrand Data Cabling,100000.0,PROBRAND LIMITED,2025-06-02
Front Gates - Colindale,244702.92,CONISTON,2025-06-01
Provision of Independent Freedom To Speak Up  Guardian Service,149698.46,THE GUARDIAN SERVICE,2025-06-01
Front Gates - Charing Cross,371371.52,CONISTON,2025-06-01
Front Gates - Islington,216424.2,CONISTON,2025-06-01
North Northamptonshire Council Provision for Cashless Parking Payments,40000.0,PAYBYPHONE LIMITED,2025-05-31
Consultancy - Workstream lead,195781.51,CONSULTANCY+,2025-05-30
CISCO Network Equipment Maintenance - AWARD,67448.36,LOGICALISUK LIMITED,2025-05-30
"Harborough, Charnwood and NW Leicestershire Phase 3 LBS and DDRT Tender",5303500.0,ARRIVA MIDLANDS LTD,2025-05-29
the Local Government Reorganisation (LGR) and Devolution Consultant,53688.01,JIGSAW BOX CONSULTING LIMITED,2025-05-29
"Harborough, Charnwood and NW Leicestershire Phase 3 LBS and DDRT Tender",5303500.0,CENTREBUS,2025-05-29
SPS 2777 - Major and Responsive Repairs and Void Refurbishment Contract,56000000.0,T BROWN GROUP,2025-05-29
SPS 2777 - Major and Responsive Repairs and Void Refurbishment Contract,56000000.0,PURDY CONTRACTS LTD,2025-05-29
SPS 2777 - Major and Responsive Repairs and Void Refurbishment Contract,56000000.0,GILMARTINS LTD,2025-05-29
SPS 2777 - Major and Responsive Repairs and Void Refurbishment Contract,56000000.0,AXIS EUROPE PLC,2025-05-29
"Harborough, Charnwood and NW Leicestershire Phase 3 LBS and DDRT Tender",5303500.0,LA TRAVEL (MIDLANDS) LTD,2025-05-29
Provision of taxi services and car hire at the British High Commission - Kigali,27000.0,KINGFISHER TOURS LIMITED,2025-05-28
Corner Plot - EA & QS,49639.5,WALKER SIME LTD,2025-05-28
Loughborough Town Phase 3 LBS Tender Round 4 (Route 3/13 & 5A),31968.0,VECTARE LIMITED,2025-05-28
CPG/12536/2025 - CAPEX 2025 Land Rover for the British Embassy in Montevideo,65831.2,FCDO SERVICES,2025-05-28
PDF Framework - M4 EB J13-12 Frilsham - J12 - AA Work Brief (M4 EB J13-12 Frilsham - Tidmarsh & M4 EB J13-12 Tidmarsh - J12),4157704.29,ASSOCIATED ASPHALT CONTRACTING LIMITED,2025-05-27
Award of a call off contract under the Prison Education Dynamic Purchasing System for the delivery of Training and Qualifications in the Bakery at HMP Brixton,51000.0,THE CLINK CHARITY,2025-05-27
Water Treatment Plant,125639.03,PROECONOMY LIMITED,2025-05-26
Corporate Hire Car Insurance Renewal 2025/2026,44427.0,MARSH COMMERCIAL,2025-05-26
Contract Award Notice Detection Maintenance and Consumables 2024 Extension (December),89524.0,RAPISCAN SYSTEMS LTD,2025-05-22
"Edgware Hospital - Healthcare Planning, Construction Consultancy and Ancillary Services.",40000.0,DREES AND SOMMER UK LIMITED,2025-05-22
Canon Infinix Maintenance,102939.68,CANON MEDICAL SYSTEMS LIMITED,2025-05-21
Provision of Staff to deliver Training and consultancy work in Maritime Simulators.,240000.0,CASTLE MARINE CONSULTANCY,2025-05-21
Provision of Staff to deliver Training and consultancy work in Maritime Simulators.,240000.0,CM MARINE LIMITED,2025-05-21
Specialist Works Framework - Lot 2 71 Thorpe Lane,5408.5,ALLERTON DAMP-PROOFING LIMITED,2025-05-20
UKSBS ServiceNow renewal,910698.12,SOFTCAT PLC,2025-05-20
Consultancy - HR/Payroll SME,128953.99,CONSULTANCY+,2025-05-20
Provision of HR and other support services to the One Programme,144000.0,QUITE LATERALLY LTD,2025-05-18
BSMHFT Shared Care Record,1650284.0,INTERSYSTEMS CORPORATION (UK),2025-05-15
Solar Panel Installations,0.0,SMART ELECTRONIC TECHNOLOGIES LTD T/A ENERGY EFFICENT SOLOUTIONS,2025-05-14
CA15849 - Dixons Academies Trust - Legal Services,100000.0,HILL DICKINSON LLP,2025-05-14
Business Travel (via SUPC Framework Agreement),12000000.0,DIVERSITY TRAVEL LIMITED,2025-05-14
EXTENSION YAS 10 2022_23 Provision of Clinical & Domestic Waste,805312.8,MITIE WASTE & ENVIRONMENTAL SERVICES LIMITED,2025-05-14
PDF Framework - M6 J21a - 26 L2 & 3 - 616513,2384755.87,TARMAC TRADING LTD,2025-05-14
MWF Lot 1 Fareham Day Services Horticultural Unit - External Works  - AWARD,21606.0,TEW BROTHERS LTD,2025-05-14
HRE - CLOSED BRANCH LINES MINOR WORKS - BUI/37 Quinny Brook 10' culvert at Marshbrook - Scour coring works.,15593.1,AMCO,2025-05-14
CST025-088 Provision of Apprenticeship (Payroll Administrator Level 3),30000.0,MBKB TRAINING AND DEVELOPMENT,2025-05-14
MESMAC - Fast-Track Cities Community Grants,10000.0,YORKSHIRE MESMAC,2025-05-14
MWF - Lot 7 - Wolverdene Special School - Emergency Lighting Upgrade - AWARD,21822.52,GREEN BUILDING MAINTENANCE LIMITED,2025-05-14
YAS 49 2025_26 Hull Demolition & Strip Out Works,84522.6,UDCS LTD,2025-05-14
ESC048/2025 Middlesbrough Programmed Footway Works 2024/2025,70000.0,TARMAC TRADING LIMITED,2025-05-14
Energy Bureau Services,226000.0,SMS ENERGY SERVICES LIMITED,2025-05-14
Canine Currency Detection Research,149830.0,BOURNEMOUTH UNIVERSITY,2025-05-14
MWF Lot 2 DA - Haven Childrens Centre - Emergency Lighting Upgrade - AWARD,24197.47,RIGFONE ELECTRICS LTD,2025-05-14
TC040- Surfacing of Carriageways and Footways Framework,48000000.0,J. HOPKINS (CONTRACTORS) LIMITED,2025-05-13
TC040- Surfacing of Carriageways and Footways Framework,48000000.0,MULITPAVE (NW) LIMITED,2025-05-13
JFrog Enterprise Edition Renewal 2025,38476.17,TRUSTMARQUE SOLUTIONS LIMITED,2025-05-13
Future Sheffield Transformation Programme SoW 2025-001,1404000.0,PRICEWATERHOUSECOOPERS LLP (PWC),2025-05-13
TC040- Surfacing of Carriageways and Footways Framework,48000000.0,TARMAC TRADING LIMITED,2025-05-13
ITT for project 10154260,7975.0,STARMED CONSULT LIMITED,2025-05-13
CWC24014B - Westacres and Christchurch C of E Primary School - Modular Buildings Purchase,1002511.0,WINDWARD LTD T/A COTAPLAN,2025-05-13
"ITT for Project 600656, 600655, 600654, 600652",29600.0,MAPLETONAV LTD,2025-05-12
NC760 Window and High Level Cleaning,300000.0,ANTAC SUPPORT SERVICES LTD,2025-05-12
"Supply of Training, Learning and Development Solutions",1.0,INSTITUTE OF DIRECTORS,2025-05-12
"Supply of Training, Learning and Development Solutions",1.0,FOCUS GAMES LTD T/A FOCUS,2025-05-12
"Supply of Training, Learning and Development Solutions",1.0,ACCELER8 GLOBAL LTD,2025-05-12
Lease of x3 Nissan Primaster Tekna l2 H1 Crew cabs,117021.6,ATHLON MOBILITY SERVICES UK LIMITED,2025-05-12
icrosoft Word Co-authoring Support &  Hypercare,34560.0,BROCHET LIMITED,2025-05-12
ITT for Project 600673,10200.0,ZEC CONSULTANCY LTD,2025-05-12
"ITT for Project 600645, 600641",17160.0,MAYFLOWER INNOVATION LIMITED,2025-05-12
5 Year Lease of a Man TGE 3 Van,44797.8,LEX AUTOLEASE LIMITED,2025-05-12
ITT for Project 600668,8600.0,KESTON TECHNOLOGIES LTD,2025-05-12
"Supply of Training, Learning and Development Solutions",1.0,OPTIMA TRAINING AND  CONSULTANCY,2025-05-12
"Supply of Training, Learning and Development Solutions",1.0,THE UNIVERSITY OF KENT,2025-05-12
"Supply of Training, Learning and Development Solutions",1.0,REAL GROUP LTD,2025-05-12
"Supply of Training, Learning and Development Solutions",1.0,KPMG LLP,2025-05-12
"ITT for Project 600669, 600666",12400.0,JOSS NEWBERRY,2025-05-12
"Supply of Training, Learning and Development Solutions",1.0,ME LEARNING LTD,2025-05-12
"Supply of Training, Learning and Development Solutions",1.0,OPEN ELMS LTD,2025-05-12
"Supply of Training, Learning and Development Solutions",1.0,REED LEARNING LTD,2025-05-12
"Supply of Training, Learning and Development Solutions",1.0,BIP GROUP,2025-05-12
Refurbishment and Repairs to Vacant Properties (Voids),17268026.3,T GILMARTIN LIMITED,2025-05-12
Refurbishment and Repairs to Vacant Properties (Voids),17268026.3,CARDO (WALES & WEST) LIMITED,2025-05-12
"Supply of Training, Learning and Development Solutions",1.0,THE HUMAN EDGE GROUP LTD,2025-05-12
WNC Mystery Traveller Consultancy Service,26410.4,SYSTRA LTD,2025-05-12
"Supply of Training, Learning and Development Solutions",1.0,PREMIER PEOPLE SOLUTIONS LTD T/A PREMIER PARTNERSHIP,2025-05-12
Microsoft Word Co-authoring Support &  Hypercare,34560.0,BROCHET LIMITED,2025-05-12
"Supply of Training, Learning and Development Solutions",1.0,ASTUTIS LTD,2025-05-12
System Integration and Programme Management Services,36000000.0,CAPGEMINI UK PLC,2025-05-09
"ITT for Project 600644, 600642",16000.0,MAPLETONAV LTD,2025-05-09
"ITT for Project 600648, 600647",15200.0,SANDHILLS MANAGEMENT CONSULTANCY LIMITED,2025-05-09
ITT for project 10150158,4450.0,CARROLL PHARMA CONSULTING,2025-05-08
HMLR701120 - SCS Recruitment - Product and Service Design.,20495.0,GLOBAL RESOURCING LTD,2025-05-07
ITT for project 10150169,4700.0,JOSS NEWBERRY,2025-05-07
HMLR701096 - SCS Recruitment - Product and Service Design.,20495.0,GLOBAL RESOURCING LTD,2025-05-07
ITT for project 10151217,5300.0,STARMED CONSULT LIMITED,2025-05-07
THM - AOMR Lot 1 - Temple Footbridge Centre Span Removal,176119.37,JACKSON CIVIL ENGINEERING LIMITED,2025-05-07
"ITT for project 10150448, 10148137, 10150104, 10149027, 10150547",26800.0,JOSS NEWBERRY,2025-05-07
ITT for project 10150344,5300.0,JOSS NEWBERRY,2025-05-06
"Lot 2-056 Scunthorpe, Messingham Rd,Angerstein Rd, Rochdale Rd Pedestrian Count",745.0,WATERMANS INFRASTRUCTURE & ENVIRONMENT LTD,2025-05-06
Wigan Council Stock Condition Surveys 2025-28,4167117.87,PENNINGTON CHOICES,2025-05-06
Managed Service Provider (MSP) Staffing,30000000.0,ADECCO UK LIMITED,2025-05-06
"The Provision of Leisure Services at Sevenoaks Leisure Centre, Edenbridge Leisure Centre and Lullingstone Park Golf Course",2036000.0,SPORTS & LEISURE MANAGEMENT LTD,2025-05-06
Replacement of boilers at Mill Court and Davie Court - Kent Schemes,267715.8,CLAIRGLOW HEATING LIMITED,2025-05-06
Wigan Council - Planned Cyclical Maintenance,22092511.98,A.CONNOLLY,2025-05-05
Wigan Council - Planned Cyclical Maintenance,22092511.98,BAAS CONSTRUCTION,2025-05-05
Wigan Council - Planned Cyclical Maintenance,7364170.66,A.CONNOLLY,2025-05-05
Wigan Council - Planned Cyclical Maintenance,7364170.66,BAAS CONSTRUCTION,2025-05-05
HMLR701096 - SCS Recruitment (Full Search) - Customer Services and Legal Services,55000.0,GATENBYSANDERSON LIMITED,2025-05-02
Nursing Agency Provision,999000.0,YOUR WORLD NURSING LIMITED,2025-05-01
CWC24168 - Northwood Park Improvements,334303.32,JP LANDSCAPES & CONSTRUCTION LTD,2025-05-01
"Specialist Works Framework - Lot 1 11 Laverhills, Liversedge",11485.1,ALLERTON DAMP-PROOFING LIMITED,2025-05-01
"Renewable Heating Systems - Servicing, Maintenance, Repairs & Installation",1500000.0,LOW CARBON EXCHANGE LIMITED,2025-05-01
"Specialist Works Framework - Lot 1 32 Crawthorne Crescent, Deighton",18752.07,ALLERTON DAMP-PROOFING LIMITED,2025-05-01
HMLR701104 - Legal Advice Service,20000.0,WARD HADAWAY LLP,2025-05-01
e-Signatures and e-Sealing for contracts,70912.19,NODE 4 LTD,2025-04-30
Award of a call off contract under the Prison Education Dynamic Purchasing System for Older Offender and Neurodiversity support for Prisoners at HMP Leyhill,162917.0,REHABILITATION CULTURE CIC LTD,2025-04-30
Security Provision - Broad Marsh,303690.76,HARTNELL TAYLOR COOK LLP,2025-04-30
Subscription Based Research Services,136450.0,GARTNER UK LIMITED,2025-04-30
Central Contract for Specialist Recruitment,200000.0,STARFISH SEARCH LIMITED,2025-04-28
RUG - 21294,70000.0,MEMSAFE LIMITED,2025-04-24
RUG - Memorial Safety,70000.0,MEMSAFE LIMITED,2025-04-24
HO Second Further Extension SSCL/BPO,43485000.0,SHARED SERVICES CONNECTED LTD (SSCL),2025-04-24
Endoscopy Track and Trace,41770.5,AEXIS MEDICAL BV,2025-04-23
"Complex Project Works, Major Voids, Major / Long-term Decants, Insurance Works, and Equipment & Adaptations for London, Kent, Sussex, Hampshire",780000.0,CORIN DUDLEY ELECTRICAL SERVICES LIMITED,2025-04-23
PLACE762ET Adult Care Transport A01192/CH25,32760.0,WATCHORN TAXIS,2025-04-23
Award of a Call of Contract under the Prison Education Dynamic Purchasing System for CSCS Training for Prisoners at HMP Wandsworth,37429.0,KAREN MACKEY CONSULTANTS,2025-04-23
SKDC Upgrade to Adelante SmartPay 6 - Income Management and Cash Receipting,124649.49,ADELANTE SOFTWARE LTD,2025-04-21
Internal Audit Services,115000.0,H W CONTROLS & ASSURANCE LTD (TRADING AS VALIDERA),2025-04-16
618467 A628 Crowden to Salters Brook Pavement,3863490.92,TARMAC TRADING LIMITED,2025-04-16
"Lot 2 - 054 Haxey, Blackmoor Bridge",22950.0,WATERMANS INFRASTRUCTURE & ENVIRONMENT LTD,2025-04-16
Transport Professional Services Framework (2025),120000000.0,WARD HADAWAY LLP,2025-04-15
Transport Professional Services Framework (2025),120000000.0,WEIGHTMANS LLP,2025-04-15
Transport Professional Services Framework (2025),120000000.0,ERNST & YOUNG LLP,2025-04-15
Transport Professional Services Framework (2025),120000000.0,TURNER & TOWNSEND INFRASTRUCTURE LIMITED,2025-04-15
Transport Professional Services Framework (2025),120000000.0,WILDE CONSULTANTS LTD,2025-04-15
Transport Professional Services Framework (2025),120000000.0,IPSOS LIMITED,2025-04-15
Transport Professional Services Framework (2025),120000000.0,GLEEDS COST MANAGEMENT LIMITED,2025-04-15
Transport Professional Services Framework (2025),120000000.0,EGIS UK - CONSULTING AND ENGINEERING LIMITED,2025-04-15
Transport Professional Services Framework (2025),120000000.0,DLA PIPER UK LLP,2025-04-15
Transport Professional Services Framework (2025),120000000.0,TRACSIS TRAFFIC DATA LIMITED,2025-04-15
Transport Professional Services Framework (2025),120000000.0,GRANT THORNTON UK LLP,2025-04-15
Transport Professional Services Framework (2025),120000000.0,JACOBS U.K LIMITED,2025-04-15
Transport Professional Services Framework (2025),120000000.0,STEER DAVIES & GLEAVE LTD,2025-04-15
Transport Professional Services Framework (2025),120000000.0,PLUSWORK LIMITED,2025-04-15
Transport Professional Services Framework (2025),120000000.0,OVE ARUP & PARTNERS LIMITED,2025-04-15
Transport Professional Services Framework (2025),120000000.0,PHIL JONES ASSOCIATES LIMITED,2025-04-15
Transport Professional Services Framework (2025),120000000.0,NATIONWIDE DATA COLLECTION LTD,2025-04-15
Transport Professional Services Framework (2025),120000000.0,MOTT MACDONALD LIMITED,2025-04-15
Transport Professional Services Framework (2025),120000000.0,PINSENT MASONS LLP,2025-04-15
Transport Professional Services Framework (2025),120000000.0,MACE CONSULT LIMITED,2025-04-15
Transport Professional Services Framework (2025),120000000.0,LAMBERT SMITH HAMPTON GROUP LIMITED,2025-04-15
Transport Professional Services Framework (2025),120000000.0,STANTEC UK LTD,2025-04-15
Transport Professional Services Framework (2025),120000000.0,RSK ENVIRONMENT LIMITED,2025-04-15
Transport Professional Services Framework (2025),120000000.0,KPMG LLP,2025-04-15
Transport Professional Services Framework (2025),120000000.0,SAVANTA GROUP LIMITED,2025-04-15
Transport Professional Services Framework (2025),120000000.0,JONES LANG LASALLE LTD,2025-04-15
Transport Professional Services Framework (2025),120000000.0,CURRIE & BROWN UK LIMITED,2025-04-15
Transport Professional Services Framework (2025),120000000.0,CITISENSE LTD,2025-04-15
Transport Professional Services Framework (2025),120000000.0,DJS RESEARCH LTD,2025-04-15
Transport Professional Services Framework (2025),120000000.0,PELL FRISCHMANN CONSULTANTS LTD,2025-04-15
Transport Professional Services Framework (2025),120000000.0,BDRC CONTINENTAL LIMITED,2025-04-15
Transport Professional Services Framework (2025),120000000.0,ATKINSRÉALIS UK LIMITED,2025-04-15
Transport Professional Services Framework (2025),120000000.0,ARCADIS CONSULTING (UK) LIMITED,2025-04-15
Transport Professional Services Framework (2025),120000000.0,CBRE LIMITED,2025-04-15
Transport Professional Services Framework (2025),120000000.0,BRUTON KNOWLES LIMITED,2025-04-15
Transport Professional Services Framework (2025),120000000.0,WSP UK LIMITED,2025-04-15
Transport Professional Services Framework (2025),120000000.0,BWB CONSULTING LIMITED,2025-04-15
Transport Professional Services Framework (2025),120000000.0,AECOM LIMITED,2025-04-15
Transport Professional Services Framework (2025),120000000.0,ARDENT MANAGEMENT LIMITED,2025-04-15
Transport Professional Services Framework (2025),120000000.0,ADDLESHAW GODDARD LLP,2025-04-15
P4104103 Legal Advisers for the Future Borders Policy Team,45000.0,DLA PIPER UK LLP,2025-04-14
CA15682 - MAINT6580 - RFL - Brevera biopsy system BVB00104 for the period 19.3.25 - 30.9.27. maintenance contract,10177.99,HOLOGIC LTD.,2025-04-14
200 Monday Pro Seats,40800.0,THE SAASY PEOPLE LTD,2025-04-14
Utilities Bureau and Software Platform - AWARD,0.0,SMS ENERGY SERVICES LIMITED,2025-04-14
"AWE005 0900 2025-04-14 Leiston to Potsford Farm, Wickham Market Road Letheringham Suffolk IP13 0NB (4-seater vehicle required) - AWARD",9085.44,A R CARS LTD,2025-04-14
GSCIP Datasets: Lot 1 Generalist Company and Supply Level Data - S&P,840000.0,S&P GLOBAL LIMITED,2025-04-14
CA15131 - Callywith College; Student Transport Services Tender,486308.49,STAGECOACH DEVON LIMITED,2025-04-14
3360.197 Bus Feasibility Study,22950.0,INTEGRATED TRANSPORT PLANNING,2025-04-14
Award of Drug and Alcohol Related Death Management System,29400.0,JMU SERVICES LIMITED,2025-04-14
BD606DT Chipping Campden to Cheltenham,2626998.8,PULHAM & SONS COACHES LTD,2025-04-14
P4104017 - Legal Advisers for the STARThree Framework,200000.0,SHARPE PRITCHARD LLP,2025-04-14
ED0342-24 - Arcot Park - Heating and Fabric Upgrades,240978.92,BAGWELLS LTD,2025-04-14
SKDC Supply of Plastic Wheeled Bins (2 Wheeled),300000.0,(2)	IPL PLASTICS (UK) LTD,2025-04-11
Provision of Political Monitoring Services (NP 251) [PCR 2015] - AWARD,37500.0,DODS GROUP LIMITED,2025-04-10
"New Berwick Hospital - Patient examination couches, plinths and chairs",34750.06,MEDI-PLINTH EQUIPMENT LIMITED,2025-04-10
Refurbishment of Play Area,41931.71,KOMPAN LIMITED,2025-04-09
Building Retrofit & Refurbishment/Improvement Works Framework,37500000.0,WILLIAM BIRCH & SONS LTD,2025-04-08
Acton PS Wall Repair,229347.9,AXIS EUROPE PLC,2025-04-08
Building Retrofit & Refurbishment/Improvement Works Framework,37500000.0,YES ENERGY SOLUTIONS,2025-04-08
Building Retrofit & Refurbishment/Improvement Works Framework,37500000.0,BELL GROUP LIMITED,2025-04-08
Cash In Transit - Premises collection and Parking Machines,99000.0,RMS CASH SOLUTIONS LTD TRADING AS PIVOTAL,2025-04-08
TEST - DO NOT RESPOND - CFOR APR 2025 copy,1234567.0,BIP SOLUTIONS LTD,2025-04-08
Building Retrofit & Refurbishment/Improvement Works Framework,37500000.0,RE:GEN GROUP LIMITED,2025-04-08
LCF11 - Greenwood Academy - Pype Hayes Ward Site - AWARD,130650.0,HAYSTOUN CONSTRUCTION LTD,2025-04-08
Building Retrofit & Refurbishment/Improvement Works Framework,37500000.0,CLC CONTRACTORS LIMITED,2025-04-08
Building Retrofit & Refurbishment/Improvement Works Framework,37500000.0,TOM WILLOUGHBY LTD,2025-04-08
Ecological surveys,60000.0,RSK ENVIRONMENT LIMITED,2025-04-08
Building Retrofit & Refurbishment/Improvement Works Framework,37500000.0,BCS RENDER SYSTEMS LTD,2025-04-08
Building Retrofit & Refurbishment/Improvement Works Framework,37500000.0,SIMPSONS (YORK)LTD,2025-04-08
Project/Contract Maintenance contract for Carestream CS9600,88858.0,MEDRAY (UK) LIMITED,2025-04-07
CPU 7114- 29 - 31 NGY Castle Gate Refurbishment. Call off from [Scape] (Regional Construction Framework) Scape Regional Construction Framework 2022-2026 North East  Lot 3 £0 to £7.5m,596497.77,GF TOMLINSON BUILDING LIMITED,2025-04-07
EV Fuel Cards for BUS Vehicles  - AWARD,0.0,ALLSTAR BUSINESS SOLUTIONS LTD,2025-04-07
GB-Manchester: ACE 683 CCS - Senior Recruitment Campaign for Midlands Area Director,20000.0,GREEN PARK INTERIM AND EXECUTIVE LTD,2025-04-04
Homes England-Property and Financial Services Framework-Valuation Barking Riverside,45950.0,AVISON YOUNG,2025-04-04
Provision of First Response Vehicles,6422323.0,ANGLOCO LIMITED,2025-04-03
Appointment of an Occupational Health Provider,270000.0,HEALTH PARTNERS GROUP LIMITED,2025-04-03
PLACE758ET Adult Care Transport A01189/HP25,197064.0,BAKEWELL AND EYAM COMMUNITY TRANSPORT,2025-04-02
Salary Sacrifice Additional Voluntary Contributions,0.0,AVC WISE LIMITED,2025-04-02
3 year Lease of Renault Kangoo,19239.84,LEX AUTOLEASE LIMITED,2025-04-02
"PLAY AREA SURFACING REPLACEMENT AT POTTERSWOOD PARK AND BROOK MEADOW, BOREHAMWOOD - AWARD",77000.0,ABACUS PLAYGROUNDS LIMITED,2025-04-01
SUPPLY OF SHORT COURSES THAT ARE FUNDED THROUGH ADULT SKILLS FUND TO LEARNERS WITH DEVON AND TORBAY RESIDENTIAL POSTCODES.,141664.0,LEARNING CURVE GROUP LIMITED,2025-04-01
Adobe Licenses,96582.7,BYTES SOFTWARE SERVICES LTD,2025-04-01
SUPPLY OF SHORT COURSES THAT ARE FUNDED THROUGH ADULT SKILLS FUND TO LEARNERS WITH DEVON AND TORBAY RESIDENTIAL POSTCODES.,84000.0,SKILLS NETWORK,2025-04-01
MBC000542 Fleet Workshop Management IT System,134758.8,CHEVIN FLEET SOLUTIONS,2025-04-01
LPS CAS - Cleaning Services at Ribblesdale School (Secondary Provision) - LCC37488,970772.5,ORIAN SOLUTIONS LIMITED,2025-04-01
Bus Shelter Advertising Extension,3000000.0,BAUER MEDIA OUTDOOR UK LIMITED,2025-04-01
Palliative Medicine Consultant Sessions,23374.28,BARNSLEY HOSPICE,2025-04-01
New Berwick Hospital - Gym Equipment,41302.88,TECHNOGYM U.K. LIMITED,2025-04-01
Provision of Legal Services to DESNZ for GBE and other Arm's Length Bodies 2025 - 2027,2000000.0,SHARPE PRITCHARD LLP,2025-04-01
Electoral Management Software,56448.0,CIVICA UK LIMITED,2025-04-01
Procurement & Contract Management Software,220778.0,ATAMIS LIMITED,2025-04-01
Robotic Process Automation,68947.0,SOFTCAT PLC,2025-04-01
NE - CSF-CCS Core Services Phase 2 - T&T (Core),361000.0,TURNER & TOWNSEND PROJECT MANAGEMENT LIMITED,2025-04-01
Cyber Insurance Services - Competitive Quotation below threshold,36500.0,HOWDEN UK BROKERS LIMITED,2025-03-31
"(AWARD, Opportunity now closed) S10353 Apprenticeships Training & End Point Framework, Final Opening Feb 25",500000000.0,SUPPLIERS AS LISTED ON ATTACHED EXCEL DOCUMENT,2025-03-31
Provision of GIS Software System,173559.0,ESRI (UK) LIMITED,2025-03-31
Compensation Survey Report,13200.0,AON UK LIMITED,2025-03-31
EEAST - Payroll Services (24-T17),2850000.0,THE QUEEN ELIZABETH HOSPITAL KING'S LYNN NHS FOUNDATION TRU,2025-03-31
DN770236-Fire Safety - Active & Passive - BBC,7200000.0,HUGH LS MCCONNELL LIMITED,2025-03-31
Royal Parade Bus Improvement Scheme Construction,4600000.0,MORGAN SINDALL CONSTRUCTION & INFRASTUCTURE LIMITED,2025-03-31
GMCA 1424 Salary Sacrifice - Electric Vehicles,1634816.42,NHS FLEET SOLUTIONS C/O NORTHUMBRIA  HEALTHCARE NHS FOUNDATION T,2025-03-31
Gym Equipment Refurbishment,288535.76,SERVICE SPORT (UK) LIMITED,2025-03-31
NNC - Treatment & Disposal of Residual Waste and Operation and Management of Household Waste Recycling Centres,255000000.0,HW MARTIN WASTE LTD,2025-03-31
NNC - Treatment & Disposal of Residual Waste and Operation and Management of Household Waste Recycling Centres,255000000.0,BIFFA WASTE SERVICES LTD,2025-03-31
Provision of Insurance Coverage for the North Devon District Council,2207855.0,PROTECTOR INSURANCE UK LTD,2025-03-31
Data Management Consultancy and Software,192000.0,EXPERIAN LIMITED,2025-03-30
G-Cloud 14 (Lot 3: Cloud Support) - Hyperion Technical Services,931708.4,PARICO LIMITED,2025-03-30
714501451,931708.4,PARICO LIMITED,2025-03-30
Property Compliance Software,39600.0,VOICESCAPE LIMITED,2025-03-28
Badgernet- System C Clinical outcomes,600057.0,SYSTEM C HEALTHCARE LIMITED,2025-03-28
WebV Application Support,117840.0,INSIGHT DIRECT (UK) LTD,2025-03-28
PAHT - Hertfordshire and West Essex Collaborative Bank,2100000.0,NHS PROFESSIONALS LIMITED,2025-03-28
Customer Engagement Software,411306.0,VOICESCAPE LIMITED,2025-03-28
Supply of Electricity,1310000.0,EDF ENERGY CUSTOMERS LIMITED,2025-03-28
Temporary Agency Resources - Comensura,20000000.0,COMENSURA LIMITED,2025-03-28
HCT - Hertfordshire and West Essex Collaborative Bank,350000.0,NHS PROFESSIONALS LIMITED,2025-03-28
"Installation of footpaths at Allum Lane Cemetery, Elstree - AWARD",18418.59,ABACUS PLAYGROUNDS LIMITED,2025-03-27
Interim Perceptions Survey 2025,81565.0,SHIFT INSIGHT,2025-03-27
Marine Recorder Online Support & Hosting - 2025 onwards,107956.09,OCEAN ECOLOGY LIMITED,2025-03-26
Modular Building - Neuro-physiotherapy Outpatient Department contract,983903.06,ACTIFORM,2025-03-26
Internal Audit Services for Gateway Housing,350000.0,KPMG LLP,2025-03-26
1068 Capital WIFI Infrastructure Upgrade BHNFT,233327.75,CAE TECHNOLOGY SERVICES LTD,2025-03-26
Foster Care Short Breaks (Staycation) - AWARD,0.0,BARNARDO'S CENTRAL  REGION,2025-03-25
Tranman,64181.0,CIVICA UK LIMITED,2025-03-25
Information Management Framework and Data Analytics Platform,50000.0,CIRCYL LIMITED,2025-03-25
Supply and Fitting of Graphics/Liveries to the Councils Fleet,360000.0,BEACON SIGNS LIMITED,2025-03-25
Image Viewer Future Enhancement and Service Support,1500000.0,SOFTCAT PLC,2025-03-24
Holy Cross Catholic High School ~ Catering Tender,2451313.32,MELLORS CATERING SEVICES LTD,2025-03-24
Attend Anywhere for MOD,156000.0,INVOLVE VISUAL COLLABORATION LTD,2025-03-21
Lot 11-211 A1077 Barton Interchange Carriageway Resurfacing,144689.3,E C SURFACING LTD,2025-03-21
Review of MRP policy and compliance with IFRS16,33750.0,ARLINGCLOSE,2025-03-21
NTBS4217 Edgware Utilities,401727.58,T CLARKE CONTRACTING LIMITED,2025-03-20
Flight Punctuality Data Provision Contract Award Notice,14600.0,THE LAB CORPORATIONS,2025-03-20
QQ25009 - Appoint Consultant to Barrister Framework,74597.0,KENNEDY CATER,2025-03-20
Specialist Works Framework - Lot 1 Windsor Walk,6752.0,ALLERTON DAMP-PROOFING LIMITED,2025-03-19
MDClone's ADAMS Platform,2031840.0,UST GLOBAL PVT LTD,2025-03-19
Public Sector Reform (PSR) Test and Learn Wave One,165600.0,BEHAVIOURAL INSIGHTS LTD,2025-03-19
Rowstock Area Transport Study,69790.37,SYSTRA LTD,2025-03-19
New Berwick Hospital Patient Trolleys,61544.0,ANETIC AID LIMITED,2025-03-19
Send Resource Allocation Tool,97982.0,IMOSPHERE LTD,2025-03-19
"ITT for projects 10151457, 10151049",8800.0,BEOBACHT LIMITED,2025-03-18
Great Yarmouth Borough Council - Purchase of 1 x T5.110 Electro Command Tractor &  1 x T4.75 New Holland Tractor,138645.0,ERNEST DOE & SONS LIMITED,2025-03-18
Berwick Community Hospital - Hospital Furniture 1,80000.0,H JENKINSON & COMPANY LIMITED,2025-03-18
Waste Management Software,129760.0,BARTEC MUNICIPAL TECHNOLOGIES,2025-03-18
"ITT for projects 10149731, 10151558",9880.0,KLCE CONSULTING LTD.,2025-03-18
New Berwick Hospital - Dental Chairs,41000.0,HENRY SCHEIN UK HOLDINGS LIMITED,2025-03-18
ITT for projects 10150786,4500.0,BEOBACHT LIMITED,2025-03-18
New Berwick Hospital Catering Equipment,32636.56,BURLODGE LIMITED,2025-03-18
Great Yarmouth Borough Council - Purchase of Ford Transit 350 L2's,211257.41,LOOKERS MOTOR GROUP LTD,2025-03-18
ITT for project 10148988,4355.0,CHARLES SIMPSON,2025-03-18
"ITT for projects 10150717,10150745,10151779",13410.0,CHARLES SIMPSON,2025-03-18
"ITT for projects 10150592, 10149001, 10148625",13200.0,PROMAR INTERNATIONAL LIMITED,2025-03-17
VAT Services,37000.0,LIAISON VAT CONSULTANCY LIMITED,2025-03-15
Semi-Comprehensive Maintenance Programme for Fire Alarm Systems in FCDO Offices and Expat Residences in India and Nepal,375001.0,PUSHKAR AND CO LLP,2025-03-14
Landscaping for The Observatory and EDC Owned Sites,150000.0,FRYER CLEANING AND MAINTENANCE LTD,2025-03-14
ITT for project 10150250,2750.0,BEOBACHT LIMITED,2025-03-14
eConsult for MOD,98000.0,ECONSULT HEALTH LIMITED,2025-03-14
Berwick Community Hospital Office Furniture,46357.35,DAMS FURNITURE,2025-03-13
Level 4 Counter Fraud Investigations Apprenticeship - ST10747,4125000.0,INTELLIGENCIA TRAINING LIMITED,2025-03-13
"Complex Project Works, Major Voids, Major / Long-term Decants, Insurance Works, and Equipment & Adaptations for Sussex",360533.33,CHAS BERGER LIMITED,2025-03-12
"Hip, Knee, Arthroscopy Packs - Kimal",88438.0,KIMAL PLC,2025-03-11
Bookwell Primary School - Boiler Replacement & Heating Works,87083.16,PK EMGINEERING,2025-03-11
Lot 9 - 080 B1218 Brigg Road Junction with Bonby Lane VRS Repairs,8304.0,PBS CONSTRUCTION (NORTH EAST) LTD,2025-03-10
GB-Sheffield: Adaptive Planning Consultancy and Support,72500.0,FOCAL SOLUTIONS CONSULTING LTD,2025-03-10
Shoulders (Orthopaedics) -Stryker,2834688.0,STRYKER UK LIMITED,2025-03-07
Legal Support for CASTLE Phase 1,25000.0,WOMBLE BOND DICKINSON (UK) LLP,2025-03-06
Respite Care Block Booked Beds located on the Isle of Wight for people suffering with Dementia on the Isle of Wight.,873600.0,ISLAND HEALTHCARE LTD,2025-03-06
Community Engagement Software,119285.0,VISAV LIMITED,2025-03-04
"Complex Project Works, Major Voids, Major / Long-term Decants, Insurance Works, and Equipment & Adaptations for London",748800.0,MONOLITH CONSTRUCTION LTD,2025-03-03
"GB-Camberley: Supply and Installation of Lighting at Main Square Car Park, Camberley",6022.0,THE BIG GREEN ELECTRICAL COMPANY,2025-03-03
LGR Consultancy Services,140000.0,PRICEWATERHOUSECOOPERS,2025-02-28
Provision of Security Guarding Services at British High Commission Victoria,135000.0,PILGRIMS SECURITY LTD,2025-02-28
Network Infrastructure review,51272.72,CDW LIMITED,2025-02-28
Healthy ageing service for Teignbridge.,72000.0,TEIGNBRIDGE COMMUNITY AND VOLUNTARY SERVICES,2025-02-27
Contract for the Provision of Population Health Algorithmic Digital Solution 25-27,333333.0,JOHNS HOPKINS HEALTHCARE LLC,2025-02-25
"Complex Project Works, Major Voids, Major / Long-term Decants, Insurance Works, and Equipment & Adaptations for London, Kent, and Sussex.",360533.33,AOCS PROPERTY MAINTENANCE LTD,2025-02-25
Specialist Works Framework - Lot 1 Firthcliffe Road,28323.9,ALLERTON DAMP-PROOFING LIMITED,2025-02-24
Purchase of 1 x Peugeot van for HVE Department,25579.8,SIMON BAILES LIMITED,2025-02-24
Specialist Works Framework - Lot 1 St John Parade,31502.25,ALLERTON DAMP-PROOFING LIMITED,2025-02-24
Jira and Confluence Licences,808744.79,VALIANTYS LIMITED,2025-02-24
23-56 Print Management Services,670000.0,STERLING PRESS LTD,2025-02-21
23-56 Print Management Services,670000.0,ALLWAG PROMOTIONS LTD,2025-02-21
23-56 Print Management Services,670000.0,HARLOW PRINTING LIMITED,2025-02-21
Mini Minds Programme,45000.0,"MIND HAVERING, BARKING & DAGENHAM",2025-02-21
23-56 Print Management Services,670000.0,EXTRAVAGANZA PROMOTIONAL MERCHANDISE,2025-02-21
23-56 Print Management Services,670000.0,INFINITY INCORPORATED T,2025-02-21
"Complex Project Works, Major Voids, Major / Long-term Decants, Insurance Works, and Equipment & Adaptations for London, Kent, Sussex, Hampshire",832000.0,CANDUNS BUILDING COMPANY LIMITED,2025-02-19
HBC 1124 Refurbishment of Splash Park at KGRG Bushey - AWARD,325000.0,KINGCOME STONBURY LIMITED T/A THE SPLASH,2025-02-17
King's Dock Development Phase Two Multidisciplinary Team,307609.4,ATKINS REALIS UK LIMITED,2025-02-17
Civica Payments System,468000.0,CIVICA UK LIMITED,2025-02-15
St Oswalds Integrated Phone System,300000.0,EA-RS SOLUTIONS LIMITED,2025-02-14
Provision of Cisco Compute and Network Hardware (Enterprise),3673388.05,SOFTCAT PLC,2025-02-14
Construction Project Management and associated services,6000000.0,PERFECT CIRCLE JV LTD,2025-02-11
New Berwick Hospital Sackholders and Box Bins,32552.56,WYBONE LIMITED,2025-02-04
Contract Hire of a Commercial Food Waste Vehicle,190000.0,NRG RIVERSIDE LIMITED,2025-02-03
Purchase of a Commercial Food Waste Vehicle,190000.0,NRG RIVERSIDE LIMITED,2025-02-03
North Northamptonshire Council - Tennis Court Refurbishment at Swanspool Gardens,67035.43,FOSSE CONTRACTS LIMITED,2025-02-02
Disrepair surveying V2,200000.0,FAITHORN FARRELL TIMMS,2025-01-31
Web Forms,38810.0,GOSS INTERACTIVE LIMITED,2025-01-31
Provision of Software Licences,464645.0,SOFTCAT PLC,2025-01-29
GB-Manchester: ACE 678 STA - Evaluation for the Artsmark & Teaching for Creativity Pilot Project,20000.0,DR DAVID PARKER,2025-01-28
1858 Provision of Autism Peer Review Support Service for NHS BLMK ICB v2,128170.0,TALKBACK UK,2025-01-27
AWS Translate Services,60000.0,KAINOS SOFTWARE LIMITED,2025-01-25
Purchase of Trimax Pegasus S5 493 Trailed Rotary Mower,40794.0,HENTON AND CHATTELL LTD,2025-01-23
Provision of Cisco Compute and Network Hardware (RTGS),6390149.68,SOFTCAT PLC,2025-01-16
Datacentre Software Licences and Support,6390149.68,SOFTCAT PLC,2025-01-16
Renewal of Public Services Network (PSN) Domain Name Server (DNS) for FCDO,24670.78,CNS SECURITY,2025-01-16
850 Bus Service - Evening Journeys,50000.0,CAROUSEL BUSES LIMITED,2025-01-15
Provision of Technology Services,51484.5,SOFTCAT PLC,2025-01-15
850 Bus Service - Sunday Service,40000.0,CAROUSEL,2025-01-14
Commercial Water Contract,1132000.0,ANGLIAN WATER BUSINESS (NATIONAL) LIMITED,2025-01-14
Car Park Management Services at IWM North - AWARD NOTICE,750000.0,PARKINGEYE LIMITED,2025-01-09
IfATE Member Portal - OnBoard License (Extension),31705.8,PASSAGEWAYS (UK) LTD,2025-01-08
EPP0117 Castle Point Borough Council - Hackney Carriage & Private Hire Vehicle MOTs,210530.15,CASTLE POINT MOTORS LIMITED,2025-01-04
712885451_Data Quality Management Servies,495000.0,HIPPO DIGITAL LIMITED,2025-01-01
HCT - Assure Expenses (Expense-Management System),68000.0,SOFTCAT PLC,2024-12-31
FEW1481 - SENDIASS and Choice Advice Service,46000.0,SCHOOL DEVELOPMENT SUPPORT AGENCY LTD,2024-12-23
Contract hire of 22 x Food Waste Recycling Kerb loader Vehicles,7929952.8,NRG RIVERSIDE LTD,2024-12-19
Tree survey programme,31448.76,GLENDALE COUNTRYSIDE LIMITED,2024-12-18
PAHT - Proposed Brief and Programme for Existing Site Feasibility,40000.0,GILLING DOD LIMITED,2024-12-18
MOPAC: Prison Violence Reduction Interventions (Phase 2),2025000.0,CATCH22 CHARITY LIMITED,2024-12-10
MOPAC: Prison Violence Reduction Interventions (Phase 2),2025000.0,BELONG: MAKING JUSTICE HAPPEN,2024-12-10
Hulme Door and Door Entry System - AWARD,0.0,HANKINSON WHITTLE LIMITED,2024-12-09
LBBD Occupational Health System,78107.75,CIVICA UK LIMITED,2024-12-09
Distribution of Garden Waste Bins,89400.0,KEE ENVIRONMENTAL,2024-12-03
Provision of Stationery and office supplies to College of Policing,100000.0,BANNER GROUP LIMITED,2024-12-01
Standard Service Agreement JEOL-Royce Electron Microscopes,82000.0,JEOL(U.K.)LIMITED,2024-11-29
Standard Service Agreement JEOL-Royce Electron Microscopes 2023-2024,82000.0,JEOL(U.K.)LIMITED,2024-11-29
Provision of an IT Service Management ITSM,361089.0,FRESHWORKS INC.,2024-11-28
Provision of specialist end to end support for Homes & Money Hub on Tenancy Sustainment & Employment,175000.0,BEAM UP LIMITED,2024-11-26
ESCC-HP-DAW-Construction and Engineering Design Services to provide technical support through the construction stage of the Phase 2B Queensway Gateway Road (QGR) project.,83000.0,CAMPBELLREITH CONSULTING ENGINEERS,2024-11-26
Intellectual Property Deep Dive,11475.0,GLOBAL COUNSEL LTD,2024-11-25
MH 0095 - Project Management as a Service - AWARD,0.0,METHODS BUSINESS AND DIGITAL TECHNOLOGY LTD,2024-11-21
Tier 4 Detoxification: Lot 1 Inpatient Detoxification and Lot 2 Inpatient Residential Rehabilitation,1832252.0,MERSEY CARE NHS TRUST,2024-11-18
Tier 4 Detoxification: Lot 1 Inpatient Detoxification and Lot 2 Inpatient Residential Rehabilitation,1832252.0,TURNING POINT SERVICES LTD,2024-11-18
Tier 4 Detoxification: Lot 1 Inpatient Detoxification and Lot 2 Inpatient Residential Rehabilitation,1832252.0,KALEIDOSCOPE PROJECT,2024-11-18
CPG/11536/2024 - A/C Maintenance for the British Embassy in Brasilia,124414.0,AFEL ENGENHARIA E SERVIÇOS LTDA.,2024-11-18
Tier 4 Detoxification: Lot 1 Inpatient Detoxification and Lot 2 Inpatient Residential Rehabilitation,1832252.0,ADFERIAD RECOVERY,2024-11-18
Tier 4 Detoxification: Lot 1 Inpatient Detoxification and Lot 2 Inpatient Residential Rehabilitation,1832252.0,GREATER MANCHESTER MENTAL HEALTH NHS FOUNDATION TRUST,2024-11-18
Photocopier agreement,382818.0,CANON (UK) LTD,2024-11-08
Wessex Public Health Specialty Training- MSc in Public Health,291000.0,UNIVERSITY OF SOUTHAMPTON,2024-10-23
Jira Renewal - 2024,400000.0,SOFTCAT LTD - FCA,2024-10-15
OneTrust Extension,156495.0,ONETRUST TECHNOLOGY LIMITED,2024-10-15
WGH - Geotechnical Investigation Surveying Services,273967.0,A2 SITE INVESTIGATION LIMITED,2024-10-10
CPG/11278/2024 - Alarm and monitoring maintenance service for the British Embassy UKBS residences in Brasilia,59655.0,JAPAN ENGENHARIA E TECNOLOGIA LTDA.,2024-10-09
948 GM Leadership Development Programme,140000.0,GREEN PARK INTERIM AND EXECUTIVE LTD.,2024-09-30
Human risk management platform,97288.0,CULTUREAI LTD,2024-09-30
Electricity Supply Contract Award,17500000.0,NPOWER COMMERCIAL GAS LIMITED,2024-09-27
Gas supply contract award,9000000.0,CORONA ENERGY LIMITED,2024-09-26
The provision of a Road Map for achieving a Net Zero Carbon Borough in Basingstoke and Deane,57350.0,THE CARBON TRUST,2024-09-13
Parking Enforcement and Permit System,45098.15,SAGOSS LIMITED,2024-09-03
THRE0044 - Business Case Study,300000.0,MACE CONSULT LIMITED,2024-09-02
TfL FIRE PROTECTION SYSTEMS - MAINTENANCE SERVICES,60954071.0,TELENT TECHNOLOGY SERVICES LIMITED,2024-08-30
North Northamptonshire Council- Technical Lead Consultant,174200.0,NEW NETWORKS LIMITED,2024-08-19
GMCA 1192 Northern Gateway Strategic Advisor,148062.45,KPMG LLP,2024-08-14
(AWARD NOTICE) National CPD/Workforce Education Framework (Non Apprenticeship),250000000.0,SUPPLIERS AS LISTED ON ATTACHED EXCEL DOCUMENT,2024-08-01
RUGCON - Cremator and Filtration Equipment Maintenance,479280.0,FACULTATIEVE TECHNOLOGIES LTD,2024-07-29
Provision of Air Conditioning Services and Maintenance for Residential Accomodation at British High Commission Dar es Salaam,43852.0,CENTURION COMPANY LIMITED,2024-07-25
Thermo-Fisher (FEI) Electron Microscope Service Contract,82000.0,FEI UK LIMITED,2024-07-18
21034 Social and Education Transport Service - DPS Call off awards (quarterly),500000.0,AMBU KARE STEVENAGE LIMITED,2024-07-01
Landscaping - General Landscaping (20% VAT),1069983.58,BLAKEDOWN LANDSCAPES (SE) LTD,2024-06-26
HMCTS Newgate Fit Out - Construction - BPRN 628/22/8417,31275493.91,WATES CONSTRUCTION LIMITED,2024-06-20
MOPAC: Understanding and Tackling Adult-Child to Parent Violence and Abuse 2024 (MOPAC 988),75667.0,EQUALITY COLLABS LTD,2024-06-11
Software maintenance and repair,5929156.0,PHOENIX SOFTWARE LIMITED,2024-06-10
FEW1374 - Service User Participation Service,48000.0,MOSAIC 1898 LTD,2024-06-07
Renewal of Threat & Vulnerability Management Software,76753.81,SOFTCAT LTD - FCA,2024-06-01
Supply of Services - Woods Building Services Ltd t/a AA Woods,2250000.0,WOODS BUILDING SERVICES LTD T/A AA WOODS,2024-05-25
"London, Timber window and doors",1415288.6,NATIONCARE WINDOWS LIMITED,2024-05-21
Purchase of Gas Supply,18940000.0,CORONA ENERGY RETAIL 4 LIMITED,2024-05-20
Homes England - UKREiiF 2024 UKREiiF Pavillion Partnership Fee (Direct award),15000.0,SHARED BUSINESS SERVICES LTD (CABINET OFFICE),2024-05-17
ENQ1019 - VRS Repairs - Vehicle Restraint Systems (Crash Barrier Repairs),26882.2,HATTON TRAFFIC MANAGEMENT LTD,2024-03-31
Mobile CCTV at HWRC Sites,750000.0,BDR TECHNICAL SOLUTIONS,2024-03-21
Security software,1238040.0,INSIGHT DIRECT (UK) LTD,2024-03-20
4055/SSA/JS,70000.0,NORWOOD GROUP LTD,2024-03-15
HVO Fuel,290000.0,WP GROUP LIMITED,2024-03-01
Chorley - Construction,16971281.0,THE ERIC WRIGHT GROUP,2024-02-19
BitDefender 2024-25,44952.0,SOFTCAT LTD - FCA,2024-02-01
"Advocacy, Missing Return Conversations and Independent Visitors Service on the Isle of Wight",187322.0,BARNARDO'S,2024-01-23
Pan-London Domiciliary Care AQP 2023,0.0,NEW SHEPHERD CARE LIMITED,2023-11-29
Pan-London Domiciliary Care AQP 2023,0.0,CONCORD CARE SERVICES LTD,2023-11-29
Pan-London Domiciliary Care AQP 2023,0.0,GREEN ARROW CARE PROVIDERS LIMITED,2023-11-29
Pan-London Domiciliary Care AQP 2023,0.0,NWANDO CARE LIMITED,2023-11-29
Pan-London Domiciliary Care AQP 2023,0.0,CLIFTON CARE SERVICES LIMITED,2023-11-29
Pan-London Domiciliary Care AQP 2023,0.0,SIMPLIFIED STAFFING LIMITED,2023-11-29
Pan-London Domiciliary Care AQP 2023,0.0,PARAGON CARE AND LOCUM PARTNERSHIP LIMITED,2023-11-29
Pan-London Domiciliary Care AQP 2023,0.0,BEST AT HOME DOMICILIARY CARE SERVICES LTD,2023-11-29
Pan-London Domiciliary Care AQP 2023,0.0,ALPHA CARE AND SUPPORT SERVICES LIMITED,2023-11-29
Pan-London Domiciliary Care AQP 2023,0.0,CKM CARE LTD,2023-11-29
Pan-London Domiciliary Care AQP 2023,0.0,MISS M PATEL T/A PETALS CARE AGENCY,2023-11-29
Pan-London Domiciliary Care AQP 2023,0.0,LOYALTY CARE LTD,2023-11-29
Pan-London Domiciliary Care AQP 2023,0.0,TST SUPPORT SERVICE LIMITED,2023-11-29
Pan-London Domiciliary Care AQP 2023,0.0,REDYFNE RECRUITMENT AND STAFFING LIMITED,2023-11-29
Pan-London Domiciliary Care AQP 2023,0.0,REAL HOMECARE LIMITED,2023-11-29
Pan-London Domiciliary Care AQP 2023,0.0,WOODBERRY CARE LTD,2023-11-29
Pan-London Domiciliary Care AQP 2023,0.0,CLOVER SUPPORT GROUP LTD,2023-11-29
Pan-London Domiciliary Care AQP 2023,0.0,VITAL CARE AND SUPPORT LTD,2023-11-29
Pan-London Domiciliary Care AQP 2023,0.0,GALAXY SUPPORTED LIVING LTD,2023-11-29
Pan-London Domiciliary Care AQP 2023,0.0,PRIORY NURSING AGENCY AND HOMECARE LIMITED,2023-11-29
Pan-London Domiciliary Care AQP 2023,0.0,ADAMS CARE LTD,2023-11-29
Pan-London Domiciliary Care AQP 2023,0.0,AEVUS LIMITED,2023-11-29
Pan-London Domiciliary Care AQP 2023,0.0,HONEY CROWN BEE LIMITED,2023-11-29
Pan-London Domiciliary Care AQP 2023,0.0,NEMA HOME CARE LIMITED,2023-11-29
Pan-London Domiciliary Care AQP 2023,0.0,HH CARE SERVICES LTD,2023-11-29
Pan-London Domiciliary Care AQP 2023,0.0,QH CARE SERVICES LIMITED,2023-11-29
Pan-London Domiciliary Care AQP 2023,0.0,SUPPORTING CARE NORTH EAST BRANCH LTD,2023-11-29
Pan-London Domiciliary Care AQP 2023,0.0,OAKTREE HOMECARE SERVICES LIMITED,2023-11-29
Pan-London Domiciliary Care AQP 2023,0.0,KAEDI RECRUITMENT AGENCY LTD,2023-11-29
Pan-London Domiciliary Care AQP 2023,0.0,NAVARROS CARE LIMITED,2023-11-29
Pan-London Domiciliary Care AQP 2023,0.0,KOME CARE LTD,2023-11-29
Pan-London Domiciliary Care AQP 2023,0.0,BLOOMSCARE LTD,2023-11-29
Pan-London Domiciliary Care AQP 2023,0.0,KOPE-MEDICS LTD,2023-11-29
Pan-London Domiciliary Care AQP 2023,0.0,DION CARE SERVICES LIMITED,2023-11-29
Pan-London Domiciliary Care AQP 2023,0.0,LONDON TEACHING POOL LIMITED,2023-11-29
Pan-London Domiciliary Care AQP 2023,0.0,ANGELIC HEALTHCARE SERVICES LIMITED,2023-11-29
Pan-London Domiciliary Care AQP 2023,0.0,CIRCLE CARE LTD,2023-11-29
Pan-London Domiciliary Care AQP 2023,0.0,ELLA'S HOMECARE LTD,2023-11-29
Pan-London Domiciliary Care AQP 2023,0.0,HOME CARE SERVICE PROVIDER,2023-11-29
Pan-London Domiciliary Care AQP 2023,0.0,FOND OF CARE LTD,2023-11-29
Pan-London Domiciliary Care AQP 2023,0.0,METROPOLITAN CARE SERVICES LIMITED,2023-11-29
Pan-London Domiciliary Care AQP 2023,0.0,JAY AND NOAH HEALTHCARE LTD,2023-11-29
Pan-London Domiciliary Care AQP 2023,0.0,SHREEJI INC LTD,2023-11-29
Pan-London Domiciliary Care AQP 2023,0.0,WILLOW CARE & SUPPORT LTD,2023-11-29
Pan-London Domiciliary Care AQP 2023,0.0,TRIPLE 3 HEALTHCARE GROUP LIMITED,2023-11-29
Pan-London Domiciliary Care AQP 2023,0.0,SORTED HEALTHCARE LTD,2023-11-29
Pan-London Domiciliary Care AQP 2023,0.0,ABOUTME CARE SERVICES LTD,2023-11-29
Pan-London Domiciliary Care AQP 2023,0.0,CONNECT NURSING LIMITED,2023-11-29
Pan-London Domiciliary Care AQP 2023,0.0,ANKSLEY LTD,2023-11-29
Pan-London Domiciliary Care AQP 2023,0.0,BMM CARE LTD,2023-11-29
Pan-London Domiciliary Care AQP 2023,0.0,PEOPLES CARE LIMITED,2023-11-29
Pan-London Domiciliary Care AQP 2023,0.0,SUPPORTING CARE BARKING AND DAGENHAM LTD,2023-11-29
Pan-London Domiciliary Care AQP 2023,0.0,PHOENIX CARE (HAVERING) LIMITED,2023-11-29
Pan-London Domiciliary Care AQP 2023,0.0,JOTHNO CARE AND SUPPORT LTD,2023-11-29
Pan-London Domiciliary Care AQP 2023,0.0,FIRST IN CARE SERVICES LTD,2023-11-29
Pan-London Domiciliary Care AQP 2023,0.0,CALMLIVING HEALTHCARE LIMITED,2023-11-29
Pan-London Domiciliary Care AQP 2023,0.0,SOCIAL CARE CONSORTIUM LTD,2023-11-29
Pan-London Domiciliary Care AQP 2023,0.0,HATSZZ PRESTIGE CARE LIMITED,2023-11-29
Pan-London Domiciliary Care AQP 2023,0.0,MERAKI UNIQUE CARE LIMITED - TRADING AS MY HOMECARE REDBRIDGE,2023-11-29
Pan-London Domiciliary Care AQP 2023,0.0,JOTHBEL CARE SERVICES LIMITED,2023-11-29
Pan-London Domiciliary Care AQP 2023,0.0,PRIMERA ASSISTED LIVING LIMITED,2023-11-29
Pan-London Domiciliary Care AQP 2023,0.0,FUTURE CARE ENABLE LTD,2023-11-29
Pan-London Domiciliary Care AQP 2023,0.0,PRIORY CARE SERVICES LTD,2023-11-29
Pan-London Domiciliary Care AQP 2023,0.0,SUPPORTING CARE LTD,2023-11-29
Pan-London Domiciliary Care AQP 2023,0.0,EVERGREEN HOMECARE SERVICES LTD.,2023-11-29
Pan-London Domiciliary Care AQP 2023,0.0,KT'S CARE ANGELS LTD,2023-11-29
Pan-London Domiciliary Care AQP 2023,0.0,MISSION HEALTH UK LIMITED,2023-11-29
Pan-London Domiciliary Care AQP 2023,0.0,MARIAMA CARE LTD,2023-11-29
Pan-London Domiciliary Care AQP 2023,0.0,DYNACARE SERVICES LIMITED,2023-11-29
Pan-London Domiciliary Care AQP 2023,0.0,TRINITY CARE SERVICES LIMITED,2023-11-29
Pan-London Domiciliary Care AQP 2023,0.0,DAIMA GLOBAL LIMITED,2023-11-29
Pan-London Domiciliary Care AQP 2023,0.0,CARELAND HEALTHCARE SERVICES LTD,2023-11-29
Pan-London Domiciliary Care AQP 2023,0.0,NATION HOME CARE LIMITED,2023-11-29
Pan-London Domiciliary Care AQP 2023,0.0,STAR MARIS HEALTHCARE LIMITED,2023-11-29
Pan-London Domiciliary Care AQP 2023,0.0,LUU-BRIDGETS HEALTHCARE LIMITED,2023-11-29
Pan-London Domiciliary Care AQP 2023,0.0,KARIA BEFRIENDING CARE AGENCY LIMITED,2023-11-29
Pan-London Domiciliary Care AQP 2023,0.0,DENISE QUALITY CARE SERVICES LIMITED,2023-11-29
Pan-London Domiciliary Care AQP 2023,0.0,KADARCARE SERVICE LTD,2023-11-29
Pan-London Domiciliary Care AQP 2023,0.0,CARE QTERS LTD,2023-11-29
Pan-London Domiciliary Care AQP 2023,0.0,YELLOWSTONE HEALTHCARE LTD,2023-11-29
Pan-London Domiciliary Care AQP 2023,0.0,JANKAN ENTERPRISE LIMITED,2023-11-29
Pan-London Domiciliary Care AQP 2023,0.0,ACCU-CARE UK LTD,2023-11-29
Pan-London Domiciliary Care AQP 2023,0.0,PROMPT HEALTHCARE STAFFING LTD,2023-11-29
Pan-London Domiciliary Care AQP 2023,0.0,IMMACULATE HEALTHCARE SERVICES  LIMITED,2023-11-29
Pan-London Domiciliary Care AQP 2023,0.0,MICBEE CARE & EMPLOYMENT LIMITED,2023-11-29
Pan-London Domiciliary Care AQP 2023,0.0,TRUST CARE SOLUTIONS LTD,2023-11-29
Pan-London Domiciliary Care AQP 2023,0.0,OPTIMALCAREPLUS LIMITED,2023-11-29
Pan-London Domiciliary Care AQP 2023,0.0,BEVERLEY MARTINS LIMITED,2023-11-29
Pan-London Domiciliary Care AQP 2023,0.0,PREMIER CARE SERVICES LTD,2023-11-29
Pan-London Domiciliary Care AQP 2023,0.0,OLIVE HOME CARE & SUPPORT LIMITED,2023-11-29
Pan-London Domiciliary Care AQP 2023,0.0,ST MARGARET HEALTHCARE SERVICES LTD,2023-11-29
Pan-London Domiciliary Care AQP 2023,0.0,WE CARE AGENCY LTD,2023-11-29
Pan-London Domiciliary Care AQP 2023,0.0,BARGAIN HEALTH CARE LTD,2023-11-29
Pan-London Domiciliary Care AQP 2023,0.0,BRIDGE CROSS CARE LTD,2023-11-29
Pan-London Domiciliary Care AQP 2023,0.0,SGE CARE AND RECRUITMENT LIMITED,2023-11-29
Pan-London Domiciliary Care AQP 2023,0.0,CEIBRAXS LIMITED,2023-11-29
Pan-London Domiciliary Care AQP 2023,0.0,TREAL CARE UK LIMITED,2023-11-29
Pan-London Domiciliary Care AQP 2023,0.0,THE CORNHILL GROUP SERVICES LTD,2023-11-29
Pan-London Domiciliary Care AQP 2023,0.0,BILLIONCARE LTD,2023-11-29
Pan-London Domiciliary Care AQP 2023,0.0,KAYOSKI CARE LTD,2023-11-29
Pan-London Domiciliary Care AQP 2023,0.0,ANGELIQUECARE LTD,2023-11-29
Pan-London Domiciliary Care AQP 2023,0.0,SSA STAR CARE LTD.,2023-11-29
Pan-London Domiciliary Care AQP 2023,0.0,OPTIMUM CARE (GL) LIMITED,2023-11-29
Pan-London Domiciliary Care AQP 2023,0.0,DELTA HOMECARE AND TRAINING SERVICES LTD,2023-11-29
Pan-London Domiciliary Care AQP 2023,0.0,CRYSTALIZE CARE SERVICES LTD,2023-11-29
Pan-London Domiciliary Care AQP 2023,0.0,IJB HEALTHCARE LTD.,2023-11-29
Pan-London Domiciliary Care AQP 2023,0.0,SPRING CONSULT UK LTD,2023-11-29
Pan-London Domiciliary Care AQP 2023,0.0,ELECT CARE CONSULTANTS LIMITED,2023-11-29
Pan-London Domiciliary Care AQP 2023,0.0,NEONATE HOUSE LIMITED,2023-11-29
Pan-London Domiciliary Care AQP 2023,0.0,RECOVERY PALACE LTD,2023-11-29
Pan-London Domiciliary Care AQP 2023,0.0,WHITE SWAN HEALTHCARE LIMITED,2023-11-29
Pan-London Domiciliary Care AQP 2023,0.0,AUM CARE GROUP (UK) LTD,2023-11-29
Pan-London Domiciliary Care AQP 2023,0.0,JJR CARE LTD,2023-11-29
Pan-London Domiciliary Care AQP 2023,0.0,UK INSTANT SERVICES LTD,2023-11-29
Pan-London Domiciliary Care AQP 2023,0.0,BOLDHEART RESOURCES LTD,2023-11-29
Pan-London Domiciliary Care AQP 2023,0.0,ELEVEN SISTERS HEALTHCARE LIMITED,2023-11-29
Pan-London Domiciliary Care AQP 2023,0.0,OLIVES HEALTHCARE SERVICES LTD,2023-11-29
Pan-London Domiciliary Care AQP 2023,0.0,GOOD LIFE CARE LIMITED,2023-11-29
Pan-London Domiciliary Care AQP 2023,0.0,CAREMAX SUPPORT SERVICES LTD,2023-11-29
Pan-London Domiciliary Care AQP 2023,0.0,MONIKS CARE SERVICES LTD,2023-11-29
Pan-London Domiciliary Care AQP 2023,0.0,ZINZIKO HEALTHCARE LIMITED,2023-11-29
Pan-London Domiciliary Care AQP 2023,0.0,RENSTEP HEALTH CARE SERVICES LTD,2023-11-29
Pan-London Domiciliary Care AQP 2023,0.0,PERSONAL CARE SUPPORT LTD,2023-11-29
Pan-London Domiciliary Care AQP 2023,0.0,BLUE OCEAN SERVICES LIMITED,2023-11-29
Pan-London Domiciliary Care AQP 2023,0.0,JOYOUS LIMITED,2023-11-29
Pan-London Domiciliary Care AQP 2023,0.0,WILLOWBROOK CARE LTD,2023-11-29
Pan-London Domiciliary Care AQP 2023,0.0,MICHAELANDTANIAHACKETT LIMITED,2023-11-29
Pan-London Domiciliary Care AQP 2023,0.0,LIVINGWAYS CARE SERVICES LTD,2023-11-29
Pan-London Domiciliary Care AQP 2023,0.0,C & V INSPIRE TRAINING AND DEVELOPMENT CONSULTANCY LIMITED,2023-11-29
Pan-London Domiciliary Care AQP 2023,0.0,PURE HEALTH CARE PVT LTD,2023-11-29
Pan-London Domiciliary Care AQP 2023,0.0,CALABS SERVICES LIMITED,2023-11-29
Pan-London Domiciliary Care AQP 2023,0.0,VOW CARE SERVICES LIMITED,2023-11-29
Pan-London Domiciliary Care AQP 2023,0.0,RA CARE SERVICES LIMITED,2023-11-29
Pan-London Domiciliary Care AQP 2023,0.0,FIRST PLATINUM CARE SERVICES LTD,2023-11-29
Pan-London Domiciliary Care AQP 2023,0.0,UNICARE (LONDON) LIMITED,2023-11-29
Pan-London Domiciliary Care AQP 2023,0.0,FOREVER CARE AGENCY LTD,2023-11-29
Pan-London Domiciliary Care AQP 2023,0.0,SHELAGH CARE SERVICES LTD,2023-11-29
Pan-London Domiciliary Care AQP 2023,0.0,PLUS CARE SERVICES LTD,2023-11-29
Pan-London Domiciliary Care AQP 2023,0.0,ELMICH CARE LTD,2023-11-29
Pan-London Domiciliary Care AQP 2023,0.0,EXCELLENCE CARE LTD,2023-11-29
Pan-London Domiciliary Care AQP 2023,0.0,CALM CARE SOLUTIONS LTD,2023-11-29
Pan-London Domiciliary Care AQP 2023,0.0,LEXWIN TRADING LTD,2023-11-29
Pan-London Domiciliary Care AQP 2023,0.0,ASK CARE LIMITED,2023-11-29
Pan-London Domiciliary Care AQP 2023,0.0,EGH CARE SERVICES LIMITED,2023-11-29
Pan-London Domiciliary Care AQP 2023,0.0,IMMEDIATE SOCIAL CARE LIMITED,2023-11-29
Pan-London Domiciliary Care AQP 2023,0.0,LODGE GROUP CARE UK LIMITED,2023-11-29
Pan-London Domiciliary Care AQP 2023,0.0,KANSSAS HOME CARE LTD,2023-11-29
Pan-London Domiciliary Care AQP 2023,0.0,DAMA TECH LTD.,2023-11-29
Pan-London Domiciliary Care AQP 2023,0.0,AQT LONDON LIMITED,2023-11-29
Pan-London Domiciliary Care AQP 2023,0.0,ABILITY FOCUS LIMITED,2023-11-29
Pan-London Domiciliary Care AQP 2023,0.0,INSPIRE MANAGEMENT GROUP LTD,2023-11-29
Pan-London Domiciliary Care AQP 2023,0.0,SUNRISE REHABILITATION CENTRE AND TRADING ASSOCIATES LTD,2023-11-29
Pan-London Domiciliary Care AQP 2023,0.0,BROOKS HEALTH AND CARE LIMITED,2023-11-29
Pan-London Domiciliary Care AQP 2023,0.0,STELLAR HEALTHCARE SOLUTIONS LIMITED,2023-11-29
Standard Service Agreement JEOL-Royce Electron Microscopes 2023-2024,82000.0,JEOL(U.K.)LIMITED,2023-11-29
Pan-London Domiciliary Care AQP 2023,0.0,NEARBYCARE LTD,2023-11-29
Pan-London Domiciliary Care AQP 2023,0.0,UBERTAS CARE HOMES LIMITED,2023-11-29
Pan-London Domiciliary Care AQP 2023,0.0,BBC CARE SERVICE LIMITED,2023-11-29
Pan-London Domiciliary Care AQP 2023,0.0,GREEN OLIVE CARE LTD,2023-11-29
Pan-London Domiciliary Care AQP 2023,0.0,CARE MISSION LIMITED,2023-11-29
Pan-London Domiciliary Care AQP 2023,0.0,SURECARE (ENFIELD) LIMITED,2023-11-29
Pan-London Domiciliary Care AQP 2023,0.0,KELLS DOMICILIARY CARE LTD,2023-11-29
Pan-London Domiciliary Care AQP 2023,0.0,S2O CARE SERVICES LIMITED,2023-11-29
Pan-London Domiciliary Care AQP 2023,0.0,HE REIGNS HEALTHCARE SERVICES LIMITED,2023-11-29
Pan-London Domiciliary Care AQP 2023,0.0,SARAT HEALTHCARE LTD,2023-11-29
Pan-London Domiciliary Care AQP 2023,0.0,PARISSE CARE CONSULTING LIMITED,2023-11-29
Pan-London Domiciliary Care AQP 2023,0.0,FOUNTAIN CARE SERVICES LTD,2023-11-29
Pan-London Domiciliary Care AQP 2023,0.0,IRIS CARE SERVICES LTD,2023-11-29
Pan-London Domiciliary Care AQP 2023,0.0,SAMARY CARE LIMITED,2023-11-29
Pan-London Domiciliary Care AQP 2023,0.0,KASE CARE LIMITED,2023-11-29
Pan-London Domiciliary Care AQP 2023,0.0,JAMES SANDERSON LIMITED,2023-11-29
Pan-London Domiciliary Care AQP 2023,0.0,FOCUS CARE LINK LIMITED,2023-11-29
Pan-London Domiciliary Care AQP 2023,0.0,HG HEALTH LIMITED,2023-11-29
Pan-London Domiciliary Care AQP 2023,0.0,GILEAD COMPLETE CARE GROUP LIMITED,2023-11-29
Pan-London Domiciliary Care AQP 2023,0.0,LINK DIRECT CARE LIMITED,2023-11-29
Pan-London Domiciliary Care AQP 2023,0.0,EXCEPTIONAL CARE AT HOME LIMITED,2023-11-29
Pan-London Domiciliary Care AQP 2023,0.0,FLEXSERVE UK LIMITED,2023-11-29
Pan-London Domiciliary Care AQP 2023,0.0,FOOS CARE LTD,2023-11-29
Pan-London Domiciliary Care AQP 2023,0.0,CARE MANAGERS LTD,2023-11-29
Pan-London Domiciliary Care AQP 2023,0.0,URIEL CARE2U LIMITED,2023-11-29
Pan-London Domiciliary Care AQP 2023,0.0,KIND SOLUTIONS LIMITED,2023-11-29
Pan-London Domiciliary Care AQP 2023,0.0,HEDGEROW HOMECARE LTD,2023-11-29
Pan-London Domiciliary Care AQP 2023,0.0,ASPIRE CARE SERVICES LTD,2023-11-29
Pan-London Domiciliary Care AQP 2023,0.0,OCEANIC CARE SERVICES LTD,2023-11-29
Pan-London Domiciliary Care AQP 2023,0.0,REED SPECIALIST RECRUITMENT LIMITED,2023-11-29
Pan-London Domiciliary Care AQP 2023,0.0,THREE ANGEL HEALTH CARE LTD,2023-11-29
Pan-London Domiciliary Care AQP 2023,0.0,VISTA CARE SOLUTIONS LIMITED,2023-11-29
Pan-London Domiciliary Care AQP 2023,0.0,PARADISE HOME CARE SERVICES LIMITED,2023-11-29
Pan-London Domiciliary Care AQP 2023,0.0,MAREGO LIMITED,2023-11-29
Pan-London Domiciliary Care AQP 2023,0.0,CARINGSMART LTD,2023-11-29
Pan-London Domiciliary Care AQP 2023,0.0,DCAS DIRECT PERSONNEL LIMITED,2023-11-29
Pan-London Domiciliary Care AQP 2023,0.0,LIVINGSTONE HEALTH CARE LIMITED,2023-11-29
Pan-London Domiciliary Care AQP 2023,0.0,AIDARES CARE LIMITED,2023-11-29
Pan-London Domiciliary Care AQP 2023,0.0,HOMECARE ALLIANCE LIMITED,2023-11-29
Pan-London Domiciliary Care AQP 2023,0.0,FEAN SERVICES UK LTD,2023-11-29
Pan-London Domiciliary Care AQP 2023,0.0,ELITE CAREPLUS LTD,2023-11-29
Pan-London Domiciliary Care AQP 2023,0.0,FERN CARE SERVICES LIMITED,2023-11-29
Pan-London Domiciliary Care AQP 2023,0.0,CARINGG LTD,2023-11-29
Pan-London Domiciliary Care AQP 2023,0.0,VIRTUS CARE LTD,2023-11-29
Pan-London Domiciliary Care AQP 2023,0.0,SEASON HEALTHCARE LIVING LTD,2023-11-29
Pan-London Domiciliary Care AQP 2023,0.0,FREIVAN SUPPORT SERVICES LTD,2023-11-29
Pan-London Domiciliary Care AQP 2023,0.0,HOSPIVA CARE & ASSOCIATES AGENCY LTD,2023-11-29
Pan-London Domiciliary Care AQP 2023,0.0,MAKSANUS CARE SERVICES LIMITED,2023-11-29
Pan-London Domiciliary Care AQP 2023,0.0,SALUS CARE LTD,2023-11-29
Pan-London Domiciliary Care AQP 2023,0.0,M & C CARE SERVICES LIMITED,2023-11-29
Pan-London Domiciliary Care AQP 2023,0.0,CARING@HOME LTD,2023-11-29
Pan-London Domiciliary Care AQP 2023,0.0,LAMBETH CARE SERVICES LIMITED,2023-11-29
Pan-London Domiciliary Care AQP 2023,0.0,NISACRAFTCARE LIMITED,2023-11-29
Pan-London Domiciliary Care AQP 2023,0.0,ASHTON CARE LTD,2023-11-29
Pan-London Domiciliary Care AQP 2023,0.0,CONSCIENCE CARE LIMITED,2023-11-29
Pan-London Domiciliary Care AQP 2023,0.0,LEGACY PRIVATE LIMITED,2023-11-29
Pan-London Domiciliary Care AQP 2023,0.0,PRACTICAL CARE LTD,2023-11-29
Pan-London Domiciliary Care AQP 2023,0.0,ABBOTS CARE LIMITED,2023-11-29
Pan-London Domiciliary Care AQP 2023,0.0,PURE CARE AGENCY LTD,2023-11-29
Pan-London Domiciliary Care AQP 2023,0.0,DYNAMIC PEOPLE LIMITED,2023-11-29
Pan-London Domiciliary Care AQP 2023,0.0,SENIOR HEALTH CARE GROUP LTD,2023-11-29
Pan-London Domiciliary Care AQP 2023,0.0,DT CARE SERVICES LTD,2023-11-29
Pan-London Domiciliary Care AQP 2023,0.0,CAREPLUS HEALTHCARE SERVICES LTD,2023-11-29
Pan-London Domiciliary Care AQP 2023,0.0,HOPE HOMECARE SERVICES LIMITED,2023-11-29
Pan-London Domiciliary Care AQP 2023,0.0,THE PADLE HEALTHCARE LIMITED,2023-11-29
Pan-London Domiciliary Care AQP 2023,0.0,IMPRESSION SERVICES LTD,2023-11-29
Pan-London Domiciliary Care AQP 2023,0.0,JS CONSULT LIMITED,2023-11-29
Pan-London Domiciliary Care AQP 2023,0.0,INTERNATIONAL HEALTHCARE RECRUITMENT LIMITED,2023-11-29
Pan-London Domiciliary Care AQP 2023,0.0,INDIVIDUALISED CARE LTD,2023-11-29
Pan-London Domiciliary Care AQP 2023,0.0,INTEGRITY SUPPORTED LIVING LTD,2023-11-29
Pan-London Domiciliary Care AQP 2023,0.0,PACIFIC CARE SOLUTIONS LIMITED,2023-11-29
Pan-London Domiciliary Care AQP 2023,0.0,GNCARESERVICES LTD,2023-11-29
Pan-London Domiciliary Care AQP 2023,0.0,ARIISE LTD,2023-11-29
Pan-London Domiciliary Care AQP 2023,0.0,AMBROSIAL SERVICES LIMITED,2023-11-29
Pan-London Domiciliary Care AQP 2023,0.0,CAREART UK LIMITED,2023-11-29
Pan-London Domiciliary Care AQP 2023,0.0,DVANGUARD LTD,2023-11-29
Pan-London Domiciliary Care AQP 2023,0.0,CAREMAX LTD,2023-11-29
Pan-London Domiciliary Care AQP 2023,0.0,FABULOUS HOMECARE LTD,2023-11-29
Pan-London Domiciliary Care AQP 2023,0.0,CARE AT CALL LTD,2023-11-29
Pan-London Domiciliary Care AQP 2023,0.0,TEDDAR LIMITED,2023-11-29
Pan-London Domiciliary Care AQP 2023,0.0,HILLSIDE CARE SERVICES COMMUNITY INTEREST COMPANY,2023-11-29
Pan-London Domiciliary Care AQP 2023,0.0,LIFESERVE SOLUTIONS LIMITED,2023-11-29
Pan-London Domiciliary Care AQP 2023,0.0,UTMOSTCARE LIMITED,2023-11-29
Pan-London Domiciliary Care AQP 2023,0.0,MERCURY CARE SERVICES LIMITED,2023-11-29
Pan-London Domiciliary Care AQP 2023,0.0,ESTEEMED CARE LTD,2023-11-29
Pan-London Domiciliary Care AQP 2023,0.0,IMMEDIATE QUALITY CARE (IQC) LTD,2023-11-29
Pan-London Domiciliary Care AQP 2023,0.0,ANYTIME RECRUITMENT LIMITED,2023-11-29
Pan-London Domiciliary Care AQP 2023,0.0,KUBLE CARE LTD,2023-11-29
Pan-London Domiciliary Care AQP 2023,0.0,CRESTA HEALTHCARE LTD,2023-11-29
Pan-London Domiciliary Care AQP 2023,0.0,AAA HEALTHCARE AGENCY LIMITED,2023-11-29
Pan-London Domiciliary Care AQP 2023,0.0,RAMSY HEALTH CARE LTD,2023-11-29
Pan-London Domiciliary Care AQP 2023,0.0,BRIGHT FUTURE CARE LTD.,2023-11-29
Pan-London Domiciliary Care AQP 2023,0.0,JOHNSTON'S HOME CARE LTD.,2023-11-29
Pan-London Domiciliary Care AQP 2023,0.0,GOLDSTAR CARE SERVICES LIMITED,2023-11-29
Pan-London Domiciliary Care AQP 2023,0.0,CHISLEHURST HEALTHCARE LTD,2023-11-29
Pan-London Domiciliary Care AQP 2023,0.0,DIGNIFIED HOMECARE LIMITED,2023-11-29
Pan-London Domiciliary Care AQP 2023,0.0,CARAMEL HEALTHCARE LIMITED,2023-11-29
Pan-London Domiciliary Care AQP 2023,0.0,HOLISTIC RECRUITERS LIMITED,2023-11-29
GSS23924 Cyber Security Project Manager,305232.0,HAYS SPECIALIST RECRUITMENT LIMITED,2023-11-14
Language & Interpretation Services,216000.0,DA LANGUAGES,2023-10-18
Award of a call off contract under the Ministry of Justice Prison Education DPS for HMP Whatton Fork Lift Truck Training,14853.33,COMPLETE SKILLS SOLUTIONS,2023-06-28
Supply Biomass Woodchip- SLHD,150000.0,AMP CLEAN ENERGY,2023-06-23
CCC - Insightweb,42100.0,ESRI,2023-06-22
Provision of Cybersecurity,238294.56,PHOENIX SOFTWARE LTD,2023-02-28
TfL 96033 - Transport for London Brand Licensing and Development,4727502.0,INTERNATIONAL MANAGEMENT GROUP (UK) LTD,2023-02-07
Low Cost Home Ownership Register,28277.45,HOMES CONNECTION LTD,2023-01-25
Community Development Officers,536424.0,FAMILY ACTION,2023-01-01
Treasury Management Advice and Consultancy Service,65731.0,ARLINGCLOSE LIMITED,2022-12-15
UK SBS - DDaT22378 - E-learning System,30450.0,AWAKEN LEARNING LTD,2022-11-24
UK SBS - DDaT22359 - Data Migration/Integration,208600.0,METHODS BUSINESS AND DIGITAL TECHNOLOGY LIMITED,2022-11-10
HNL Minor Design and IA,163000.0,BAM NUTTALL LTD,2022-10-22
Franking machine,358560.0,SIEMENS FINANCIAL SERVICES LTD,2022-10-17
EHRC 2223-09 IT Software Subscriptions,47472.0,BOXXE LIMITED,2022-08-09
"Bransholme Library Mechanical Plantroom Refurbishment Works at Goodhart Rd, Hull HU7 4EF",62568.0,F R SCOTT LTD,2022-05-12
Employee Benefits Portal Access,51940.0,EDENRED (EMPLOYEE BENEFITS) LIMITED,2022-01-04
Breakfast Clubs - Awarded Contract,23600000.0,FAMILY ACTION,2021-06-23
"Technology Services 3 - Lots 3a, 3b, 3c, 3d & 4",4000000000.0,2020 DELIVERY LTD.,2021-06-15
Passsport Production and Associated Services Agreement,262000000.0,THALES DIS UK LTD,2018-04-18
