project_id,title,status,start_date,lead_organisation
C64B8F09-0BC0-4DAA-AC36-F5BCC498A550,Animals and adolescents: the role played by compulsory Literature education in the formation of adult human-animal relations,Active,,UNIVERSITY OF SHEFFIELD
C747DDEF-C25B-460A-A03B-F5203458F738,The Need for Speed: Understanding the Importance of Different ELF3 Nuclear Localisation Mechanisms,Active,,UNIVERSITY OF YORK
BBA9C06B-37E3-406C-8574-F6251AF2210D,Modelling of uncertainties in seal formation for high temperature electrolyzers,Active,,UNIVERSITY OF GLASGOW
BC048218-3C1E-4216-BA63-F58D2A0D55D6,Catalysis under Pressure - Free Radical Detection by EPR,Active,,CARDIFF UNIVERSITY
FADC87E6-54FB-4895-A829-F9F0A1DF987E,Investigating Using Video Games as a Platform for Prejudice Reduction,Active,,QUEEN MARY UNIVERSITY OF LONDON
FBA9E3B8-26D9-4C81-BD01-F9418F6E1681,Developing Molecular Quantum Technologies,Active,,DURHAM UNIVERSITY
FBF057B0-58BD-4ED0-9FFF-FB22381BAEA8,In-process ultrasonic inspection of challenging welds and additively manufactured components with complex geometries,Active,,UNIVERSITY OF STRATHCLYDE
FBF1088F-5984-41BE-895E-F9D820E1E256,"Fostering a Human-Centered, Trustworthy and Sustainable Internet",Active,,CITY UNIVERSITY OF LONDON
FC616871-F2E8-4658-946B-FAA147DA1099,A complex picture: What are the 'unwitnessed labour' experiences of social art practitioners?,Active,,UNIVERSITY OF MANCHESTER
FDDA29F5-873B-4F91-A572-F9CBB164B705,3D reconstruction of complex shapes from images,Active,,UNIVERSITY OF EDINBURGH
7A134798-F59A-4071-80A5-FCE8E5CD17B0,Proving the optimality of gamma hedging on a trinomial tree (which can model any diffusion).,Active,,KING'S COLLEGE LONDON
7A91A2A3-AFCE-4732-A3D9-FC36896FF90C,Children of the 1990s - extending understanding of social mobility in England and Wales,Active,,UNIVERSITY OF WESTMINSTER
7B463B21-0025-43AF-98A1-FBB550CD1D65,The University of Essex and TIAA Limited KTP 23_24 R2,Active,,THE UNIVERSITY OF ESSEX
7B616406-7ADC-4BF4-B24F-FD0332B614D7,Topics in Quiver Gauge Theories,Active,,IMPERIAL COLLEGE LONDON
7B780D76-8EBB-4A8F-88F2-FBA7F5BA112E,From Laboratories to Landscapes: Quantifying the Effects of Human Poaching on Predator-Prey Interactions,Active,,Unknown
7BCAB426-C918-49FF-9E54-FC260026EA5A,Looking into the Crystal Ball: Uncovering Predictive Mechanical Cues for Cell Choices in Development and Disease',Active,,UNIVERSITY OF MANCHESTER
7C744368-B553-4FD9-A80E-FBB88AB45FF5,The future of Arctic sea ice,Active,,UNIVERSITY OF READING
7CCE37F1-6FBC-4D27-BC09-FD2A606CA0D3,"Research Degree: Education, Practice and Society",Active,,UNIVERSITY COLLEGE LONDON
7D766698-E4DC-4C61-AA23-FCE2EA67AD0C,Ruthenium catalysed C-H functionalization for the construction of DNA-Encoded Libraries,Active,,UNIVERSITY OF MANCHESTER
7DBA036E-A55B-4604-96EE-FD2622F20C83,Evaluation of the performance of solar cells in non-ideal locations for IoT applications,Active,,UNIVERSITY OF SOUTHAMPTON
0CD59E90-B009-42E5-9953-FF9603A6F7EA,Shapes In-Situ:,Active,,NEWCASTLE UNIVERSITY
99599898-458A-4283-80FA-FDE5B3F1FDDF,Law and (the social) order: experiences of justice in different strata of Kassite society,Active,,UNIVERSITY OF CAMBRIDGE
99A4B174-82FE-4E20-BE1C-FE760C1436D8,Recollecting radical art-forms during the Black Arts Movement.,Active,,UNIVERSITY OF CAMBRIDGE
9B09D455-35B7-4A28-A373-FDDE64223009,EVES- project: Efficient-resource virtual AI testing for lightweight autonomous VEhicle Sensor design,Active,,FIDELIS AI LTD
9BFA7201-B9F7-41D9-8082-FD66792F56EC,Resilient Offshore Communications Solution,Active,,CLARUS NETWORKS LIMITED
B45CD1F8-BE65-4928-9DE7-F64FB712C7D4,Finding true LUV,Active,,UNIVERSITY OF GLASGOW
998DC58B-1F7A-4808-99E1-F69DEDE9CE6C,The lexicon of antimicrobial peptides: resistance and mechanisms,Active,,UNIVERSITY OF MANCHESTER
99DD25DB-0B77-4C15-B5DC-F5A228E63107,Industrial CASE Account - University of Strathclyde 2021,Active,,UNIVERSITY OF STRATHCLYDE
9A80675E-DD6B-4254-819E-F667F8BD51B5,The curious case of Turritopsis dohrni jellyfish - elucidating epigenetic principles of immortality,Active,,CARDIFF UNIVERSITY
33BBD867-CF90-4B07-9B9F-F6A2C07FDCC3,"Bioprocessing intensification of biomanufacture of microbial polyester with microbubble mediated gas fermentation, cell flotation and PHB harvesting",Active,,UNIVERSITY OF SHEFFIELD
3514CA2B-B494-46F0-99AA-F6C8239276B9,Comprehensive solutions of healthcare improvement based on the global Registry of Stroke Care Quality,Active,,UNIVERSITY OF GLASGOW
37D254AE-CED0-4BD3-959C-F69CB70ED251,University of Portsmouth and Portsmouth City Council KTP 24_25 R2,Active,,UNIVERSITY OF PORTSMOUTH HIGHER EDUCATION CORPORATION
BCA7EB66-85F0-490E-97E4-F555A371FB17,Determining glial contributions to tau pathology clearance,Active,,QUEEN MARY UNIVERSITY OF LONDON
BCAD7DA4-BD63-480B-A3A4-F6031D276F43,Designing bio-instructive materials for translation ready medical devices,Active,,UNIVERSITY OF NOTTINGHAM
BDE744E2-4EFF-4E4F-8B7F-F5657DE25526,Trading Mongolia's Sovereign Meat: the Social Transformations and Everyday Geopolitics of the 'Livestock Revolution',Active,,UNIVERSITY OF CAMBRIDGE
BEAC502F-D07D-46C8-9B7A-F5887DAB089F,An Open-Water Demonstration of INWave Wave Energy Converter Power Plant in Indonesia,Active,,INGINE WAVE ENERGY SYSTEMS LTD
BEC80352-E10F-47F3-B188-F65773921285,Threat assessment of the involuntary celibate (incel) online community: developing a structured professional judgement tool to identify incels at risk,Active,,UNIVERSITY OF BIRMINGHAM
400EBA99-3EF0-4775-80E5-F6194B2AA427,Using surface-enhanced Raman spectroscopy to improve the delivery of radiotherapy in 3D tumour models,Active,,UNIVERSITY OF EDINBURGH
40497817-1A18-4A18-9FD5-F57596C57B7E,SKA Science Data Handling &amp; Processing,Active,,UNIVERSITY OF CAMBRIDGE
C5E3BE66-3878-4DA5-9ECB-F5505BA588CA,HAVE WE MET BEFORE? PREDICTING FACE LEARNING OUTCOME VIA INDIVIDUAL DIFFERENCES AND SITUATIONAL FACTORS.,Active,,DURHAM UNIVERSITY
829FC560-4348-4C4E-B3E7-F678939EE404,Creating and comprehending the circuitry of life: precise biomolecular design of multi-centre redox enzymes for a synthetic metabolism,Active,,UNIVERSITY OF BRISTOL
82E21DAD-ED1C-4C8D-B2F5-F5412976A8D9,Use of the Pentateuch in Mark: locating the gospel within Second Temple Judaism,Active,,UNIVERSITY OF CAMBRIDGE
82E8F823-9F8F-4772-BE7D-F6FD3BA5365D,"Airborne microplastic detection and quantification - developing, evaluating, and applying novel laboratory and field-based approaches",Active,,IMPERIAL COLLEGE LONDON
1DC08E5F-265E-4CB0-A540-F552CAFAE7AB,Inverse analysis of explosions in complex urban environments.,Active,,UNIVERSITY OF SHEFFIELD
1EF2F0D6-43EB-4B34-AD8F-F6EA6DEC0474,What are the costs and benefits associated with different labour market policies in the employment of disabled individuals?,Active,,Unknown
A9C94679-492F-480B-BA44-F6BBA447DFD7,How is positional information encoded in development,Active,,UNIVERSITY OF SHEFFIELD
AAB5B9A8-6213-489D-AF16-F5281015F31E,Nanobody technology: feeding target authentication and mitigation strategies in crop protection.,Active,,UNIVERSITY OF SOUTHAMPTON
8D7FA5EF-D358-48D1-A930-F5FF25C88EA7,Forced Migration and the Production of Everyday Spaces in Arrival Neighbourhoods in England,Active,,UNIVERSITY OF SHEFFIELD
8D8879D5-2499-4017-8CFF-F5984D96DCA6,C-Sink,Active,,MINE ENVIRONMENT MANAGEMENT LTD
8E19D3E2-86BD-4945-9B04-F6C9F3C3F318,Sustainable Water-Injecting Turbofan Comprising Hybrid-electrics (SWITCH),Active,,GOODRICH CONTROLS HOLDING LIMITED
28DF0A87-138C-4E66-A34D-F590DC718730,Aiming for Nature Recovery: Data Science to Inform Biodiversity Conservation and Restoration,Active,,UNIVERSITY OF ESSEX
2A055F9F-0DDB-4BB5-A557-F6289700BC39,low-dimensional topology.,Active,,UNIVERSITY OF SOUTHAMPTON
2A1CACBB-D649-40FA-AA2C-F641153822D4,Quantum effects in gravitational physics,Active,,UNIVERSITY OF SUSSEX
2B001707-2A8D-4D18-A6DC-F6183BBAF511,Mathematical Models of Plasticity,Active,,UNIVERSITY OF WARWICK
B1E67747-52CE-4460-9C89-F578455BE3BC,Experiences of working class students in elite universities: to what extent does attending an elite institution impact class identity and aid social m,Active,,UNIVERSITY OF ST ANDREWS
072DF4E3-EC56-4113-85D3-F68AB0CF20DE,Quantifying the effectiveness of natural flood management in lowland,Active,,UNIVERSITY OF READING
07F798EC-7BFD-4A28-AE68-F6D7F415BE96,Improving heart variability and electrodermal activity measurements from wearable devices for fatigue monitoring,Active,,UNIVERSITY OF LIVERPOOL
0848655D-B813-4846-8D3C-F650C1181033,"FOODCLIC - integrated urban FOOD policies – developing sustainability Co-benefits, spatial Linkages, social Inclusion and sectoral Connections to transform food systems in city-regions",Active,,UNIVERSITY OF SURREY
8FD8E9CE-3E40-4FF5-8C5B-F70059C8204B,Episodic Memory: Uniquely Human?,Active,,LONDON SCHOOL OF ECONOMICS AND POLITICAL SCIENCE
9161A9F6-30CD-45D1-805C-F65D53691C42,"Dissonant Histories in South Asia's Museums: Memory, Religion and Politics in the '1947 Partition Memorialisation Project' in India",Active,,UNIVERSITY OF MANCHESTER
782CE499-D8A7-4342-9D8F-F5B433F5B021,Novel antibiotics free prophylactic topical inwound applied formulation for combating biofilms improving orthopaedic surgical wound healing BioBride,Active,,UNIVERSITY OF SURREY
7A24444D-6E59-413A-B6AA-F67B0E199D27,High-speed optical fibre switches for quantum photonic networks.,Active,,UNIVERSITY OF SOUTHAMPTON
7AEF76EB-F682-422B-8594-F5A1B3BD4A15,A hybrid in-silico/in-vitro approach for integrated design and optimisation of large-molecule crystallisation,Active,,IMPERIAL COLLEGE LONDON
7B3C826C-3714-4D86-9441-F5991E66CC6A,Global Centers Track 1: Electric Power Innovation for a Carbon-free Society (EPICS),Active,,IMPERIAL COLLEGE LONDON
1344E2A3-604C-442E-B7F1-F6B6E2E9EAE9,Metasurfaces for Quantum Systems,Active,,UNIVERSITY OF BIRMINGHAM
13C37540-9626-4EEC-B16B-F57B07E29BC5,Transforming Paediatric Insomnia: A New Sleep Solution for Children to Improve NHS Patient Outcomes,Active,,BRAINTRAIN2020 LIMITED
144F2750-6CC5-4B72-9FAD-F55CAEBE13B6,"Stories in Stones: Mines, Memory and the Geological Imagination in the Anthropocene",Active,,NOTTINGHAM TRENT UNIVERSITY
9CF98D23-95B7-4353-8550-F602B298DFB4,Developing tools to catalogue emissions from thermal events in Li-ion batteries,Active,,UNIVERSITY COLLEGE LONDON
9DF0233D-C937-4222-A042-F5DEE85D574C,3DFace@Home: A pilot study for robust and highly accurate facial 3D reconstruction from mobile devices for facial growth monitoring at home,Active,,UNIVERSITY OF DUNDEE
81DAB5A9-2FE4-401D-9F50-F529A7287065,Targeting potassium channels in oligodendrocytes to maintain myelin and a healthy brain across the lifespan,Active,,UNIVERSITY OF PORTSMOUTH
81ECB454-AF0E-4ED1-AC7E-F5D9130C4843,Addressing the Roman Colonial Story in South-East Wales,Active,,CARDIFF UNIVERSITY
7C5C64C8-3C15-4122-A14F-F67E20C06721,Sample Size calculations for UPDATing clinical prediction models to Ensure their accuracy and fairness in practice (SS-UPDATE),Active,,UNIVERSITY OF BIRMINGHAM
7DEA0B9C-2522-41F4-B017-F520080B5C90,Multiscale modelling of antimicrobial resistance (AMR) evolution in fungal hyphal networks,Active,,UNIVERSITY OF MANCHESTER
7E3E1249-306C-4260-8D4C-F67828F48B42,Strong electron-nuclear correlations in materials with electronic quantum phase transitions,Active,,DURHAM UNIVERSITY
7ED1A437-64B0-4740-97F6-F638A882E6A1,Renewing the utility of fossil evidence for the rise of eukaryotes,Active,,Unknown
7F0AD21A-A4A2-4820-B07E-F5827B64228C,PRECISE-AI: Probabilistic reasoning with circuits for safe and explainable artificial intelligence,Active,,KING'S COLLEGE LONDON
61F5DE08-4349-4CB8-8773-F5780D76D958,Elasticity: on the interface between statics and dynamics,Active,,UNIVERSITY OF SUSSEX
62BB0D2F-2EA3-46C2-9DF7-F57699967473,"Light, temperature and circadian clock signal integration during leaf senescence",Active,,JOHN INNES CENTRE
6366085D-8947-48B7-A158-F676DD13113C,36v low surface heat infrared heating system SAP accreditation pathway and testing,Active,,ENERGY CARBON LIMITED
63F240F8-3A52-4C7D-A5B1-F58B9D815F58,Enhanced adsorption-biodegradation processes for the removal of pesticides in drinking water in Brazil,Active,,UNIVERSITY OF GLASGOW
653DD151-163F-4E72-A90D-F5157D4E11C9,Environmental Transmission Electron Microscopy for Sustainable Materials Development: Modifying the Photocatalytic Properties of TiO2,Active,,UNIVERSITY OF YORK
66182868-7A4C-4915-A4A8-F53FE6BE7D08,Quantum Imaging with Squeezed Light,Active,,UNIVERSITY OF BIRMINGHAM
FDF9E747-9CEC-4002-9BDD-F3E8EC7D65BE,"(DISC) Demountable, Resilient, and Sustainable Construction Technology for Next- Generation Biologically Inspired Buildings",Active,,UNIVERSITY OF SOUTHAMPTON
FEA09D4C-5768-499D-842A-F3B6C9002181,Modelling mid-planetary system debris,Active,,UNIVERSITY OF CAMBRIDGE
FF95DD75-8F3A-449B-93E3-F3CEE54393B7,'Doing it for themselves': exploring the impact of masculinities on women's participation in social movements in 20 &amp; 21st century Britain and France,Active,,"BIRKBECK, UNIVERSITY OF LONDON"
FFD58F41-9045-4188-9500-F43D8A8B6290,Generation of a multivariate stratification model to predict Trametinib-sensitive low-grade serous ovarian cancer tumours,Active,,UNIVERSITY OF EDINBURGH
8449A8E0-607B-4358-A795-F66741B6DB00,Cross Section Systematics and Neutrino Oscialltion Analysis in DUNE,Active,,Unknown
84592A37-BF88-4379-9C6C-F61BFAB5527D,The Crop History Consortium (CHC),Active,,UNIVERSITY OF YORK
8559D53F-B54F-4CE7-9E45-F61D00139B47,Molecularly Imprinted Heavy Metal-free Quantum Dots as Fluorescent Probes for Rapid and Accurate Detection of Viruses,Active,,UNIVERSITY OF DUNDEE
85836BC9-77E6-432F-B841-F6DFDBA5A848,Understanding the Role of the Food Environment in Susceptibility to Obesity in Children and Adolescents: Biopsychosocial Interactions,Active,,UNIVERSITY COLLEGE LONDON
85BA5137-7184-4396-86BF-F5637D959878,Connecting Patterns and Processes in Freshwater Landscapes: Implications for Farmland Restoration,Active,,KING'S COLLEGE LONDON
878D33EF-19A0-4615-A62C-F72540B163C3,Hearing in a social context: Cognitive mechanisms of context use in communication,Active,,UNIVERSITY OF NOTTINGHAM
6D0BD227-F569-4D38-9B09-F5738EC0B6EE,MICA: Determining the therapeutic potential of targeting the free fatty acid receptors FFA1 and FFA4 in human lung inflammatory disease,Active,,UNIVERSITY OF GLASGOW
6EBEBE59-CC16-49CE-85BF-F5F7C747898D,St Andrews astronomy: PATT linked travel and subsistence,Active,,UNIVERSITY OF ST ANDREWS
7058BF66-389E-49FE-8435-F5255ED1BBAA,INTERPLAY BETWEEN VIRUSES AND B CELLS IN THE PATHOGENESIS OF MULTIPLE SCLEROSIS.,Active,,UNIVERSITY OF BIRMINGHAM
7085F50E-0098-45E2-A7AE-F5D491EC2C54,Communicative Practices of the Free Brazil Movement in Social Media Networks and Their Consequent Appropriations by Political Candidates in the 2018,Active,,UNIVERSITY OF WESTMINSTER
70A9E549-ECCA-48AF-880D-F55F1E30E746,Human Trafficking and Legal Culture in Latin America: A nested socio-legal comparative study,Active,,UNIVERSITY OF NOTTINGHAM
70D28977-31DC-4A45-B0E3-F6CBEDB7320A,EPSRC Centre for Doctoral Training in Cyber-physical Risk,Active,,UNIVERSITY COLLEGE LONDON
4CC1ED58-EA2C-4683-A7CD-F659A3848839,"Sustainable Welfare: Rethinking the roles of Family, Market and State (SUSTAINWELL)",Active,,IMPERIAL COLLEGE LONDON
4F24F61C-C599-4224-A07A-F57E0DDC2A73,How does the immune system shape bacteriophage dynamics within the mammalian gut?,Active,,UNIVERSITY OF MANCHESTER
E93D0E66-1B36-4F79-ACC5-F4B3D7B6850E,Dust Transport in MAST-U,Active,,UNIVERSITY OF LIVERPOOL
E9AC489F-FCEB-468C-9240-F442878D1079,STFC Liverpool Maths 2022 DTP,Active,,UNIVERSITY OF LIVERPOOL
E9E4CF09-93DD-4C3E-BBD1-F4BD1D809781,Modelling failure mechanisms in total ankle replacement,Active,,UNIVERSITY OF LEEDS
EB671DA1-AE7C-4811-A678-F40AF9853E5F,New techniques for logic on words,Active,,LOUGHBOROUGH UNIVERSITY
72327CCE-CF75-4F2A-88C6-F5B707F2D65C,"Protein conformation, Protein misfolding, hIAPP, Ion mobility mass spectrometry",Active,,UNIVERSITY COLLEGE LONDON
72A07AD3-0FE8-4EE4-9C83-F6FE031CE8A4,"The political activities of British Chinese communities: domestic politics, transnational connections, and Chinese influences, 1919-1953.",Active,,UNIVERSITY OF CAMBRIDGE
72C5C72E-5A0D-444F-9664-F57B60E8D1BE,Potato PCN Resistance: Cloning effective resistances against potato cyst nematodes,Active,,UNIVERSITY OF EAST ANGLIA
72E7C6F6-051F-4E42-B996-F54FAF6365F0,Scaling up simulation based inference to whole genome data,Active,,UNIVERSITY OF BRISTOL
7313D6E1-6635-4868-9DA1-F6EFFD34B164,Sovereign High-Performance Entangled Photon Source for Quantum Networking (QNET-EPS),Active,,LUMINO TECHNOLOGIES LIMITED
73458C25-10D8-4349-B7A9-F6148B471D46,Investigating reliable techniques of discovering causal genetic information from noisy high-dimensional genotypes,Active,,UNIVERSITY OF BIRMINGHAM
73814FD4-CAC1-4C35-ABCE-F5782AAE748B,Damage signalling by endo-parasites: A key role for extracellular ATP and calcium channels,Active,,UNIVERSITY OF CAMBRIDGE
576E1A28-2621-44B6-BA2C-F61ED664C84D,Hydrogen Aircraft Sloshing Tank Advancement (HASTA),Active,,UNIVERSITY OF BRISTOL
58BC8622-84BB-4925-92A1-F6B9E90C26D8,Using artificial intelligence to extract retinal and neural information and to use Big Data multi-omics to discover biomarkers of disease.,Active,,KING'S COLLEGE LONDON
58E8E64D-3000-4C65-9A4A-F584AE6DC5AC,Reducing Global Catastrophic Risks from Unseen Climate Extremes,Active,,KING'S COLLEGE LONDON
59267E80-235B-43C1-A887-F605F71BCDF7,What do the Symbols Say? A Linguistic and Statistical Decipherment of Pictish Symbols,Active,,UNIVERSITY OF GLASGOW
F50D6953-00F6-4C7A-90D9-F4DCD3365C43,Partner choice and behavioural variation in social networks,Active,,UNIVERSITY OF EXETER
7BC79E2B-7EB0-4BC3-98D5-F5AA2A026B07,"Empathetic, interpretable, and explainable Artificial Intelligence",Active,,UNIVERSITY OF BATH
7C131B97-0275-46D5-B8EB-F60E572E1632,Evaluating the contributions of age-related changes in sensory acuity and cognitive control on the speed and accuracy of visual search,Active,,UNIVERSITY OF LEICESTER
D0F2A6C9-B068-4574-81D6-F4AAB14C4176,Data Analysis with the FASER Experiment and R&amp;D for FASER2 and the Forward Physics Facility,Active,,UNIVERSITY OF MANCHESTER
5AD86665-E312-467B-BF47-F60DF899C049,"Accurate, Rapid, Robust and Economical One Health DiagnoSTics for Antimicrobial Resistance",Active,,QUEEN MARY UNIVERSITY OF LONDON
5BFBDD32-4F57-4DB0-8478-F5E8DF4F366A,Impacts of floating offshore wind infrastructure on the distribution and behaviour of fish and marine mammals: IFLOW,Active,,UNIVERSITY OF THE HIGHLANDS AND ISLANDS
5CF83E75-C3D6-4AA1-92BA-F58601D08231,Developing Quantum Advantage by Understanding the Paradoxical Aspects of Measurement in Quantum Systems,Active,,NEWCASTLE UNIVERSITY
5D03F9E2-A543-442F-8478-F679D6B79134,Nottingham Trent University and Bigspark Limited KTP 23_24 R4,Active,,NOTTINGHAM TRENT UNIVERSITY
41DE9289-C555-41E4-A6B9-F69EBF3603B2,Understanding the materials performance of additive manufactured stainless steel components in high temperature water,Active,,UNIVERSITY OF MANCHESTER
42CA96CE-A3EA-46DE-A210-F61C661E1C0C,Champion for the BIO-Carbon programme (C-Bio-C),Active,,NATIONAL OCEANOGRAPHY CENTRE
DA54FAAC-915F-49D6-9123-F3AA00439279,The Role of Aldose Reductase and Oxidative Stress in Alopecia Areata,Active,,UNIVERSITY OF MANCHESTER
DA6BA7B7-F227-4AD2-9E1A-F4BCE44A9BD9,"Asexual Epidemics, Detectives and Spinsters: the construction of pathological asexuality in Victorian fiction",Active,,UNIVERSITY OF EDINBURGH
DCAEC860-B73C-4138-B53F-F3D0D62FF8D0,Low Phonon Lanthanide Chelates for Molecular Upconversion,Active,,UNIVERSITY OF MANCHESTER
DD324DA4-FF39-4F78-8253-F315374FBD03,Transuranium-Ligand Multiple Bonding: A New Frontier for f-Block Chemistry,Active,,UNIVERSITY OF MANCHESTER
DD8C7F95-ED3F-4C92-A933-F36172A96DED,"Neolithic Narratives: examining storytelling methodologies, tools, and technologies for enriched visitor engagement",Active,,UNIVERSITY OF THE HIGHLANDS AND ISLANDS
66397290-A4A2-454A-96AE-F6E8465E1C2C,"Dysphoria, dissolution and diversity: An ethnographic exploration into the growing disillusionment of Black Caribbean students",Active,,SWANSEA UNIVERSITY
67A09E5E-01A5-4D2E-922E-F64552F9D6A8,"Bending process, digital twins, steel manufacturing",Active,,UNIVERSITY OF WARWICK
68708D2E-A955-4526-B22E-F5562C04A7D9,6G-PATH: 6G Pilots and Trials Through Europe,Active,,UNIVERSITY OF THE WEST OF SCOTLAND
68FDC885-0E6E-43C4-8119-F56600872544,The antibacterial mechanism of action of piroctone olamine against Staphylococcus aureus effects on metal deprivation and membrane integrity,Active,,DURHAM UNIVERSITY
4BB9B0CB-3BDE-4CAE-9EA4-F6AF641FBD5E,Black hole outbursts and major mergers in galaxy clusters,Active,,UNIVERSITY OF NOTTINGHAM
4567F8E3-759C-4E99-8746-F6B1E20494A7,Thermal management of hydrogen-powered aircraft,Active,,IMPERIAL COLLEGE LONDON
4653DEBD-B5A0-465C-9F3E-F6CBF85A8EB6,IGNITION: Improving green innovation for the blue revolution: New tools and opportunities for a more sustainable animal farming,Active,,UNIVERSITY OF EDINBURGH
485E7DCA-FD29-4788-890F-F6A22AA45996,LIVERPOOL REQUEST FOR POSTDOCTORAL RESEARCH ASSISTANTS 2022,Active,,UNIVERSITY OF LIVERPOOL
2D56F665-8062-440B-AAC2-F6B18AE55B11,Exploring ERAP1 trimming in tapasin deficient cells and its impact on the predicted peptide repertoire,Active,,UNIVERSITY OF SOUTHAMPTON
2E690F09-40FD-4127-AA61-F607A5725E78,Investigating the molecular basis of C. difficile-commensal interactions,Active,,UNIVERSITY OF WARWICK
2E748399-12E7-4E36-8C72-F57D0AC4BD22,An Investigation of the Function and Significance of Prehistoric Coarse Stone Tools: A Multimethod Approach to Analysing the Continuum of Coarse Stone,Active,,UNIVERSITY OF THE HIGHLANDS AND ISLANDS
2E7ED210-9C98-4E70-AC48-F643BAFEAC8A,Chromosome end protection in stem cells and development,Active,,THE FRANCIS CRICK INSTITUTE
2EE74CFD-E1FB-439D-AB4B-F61F01DE563F,MycoTACs: Proteome targeting chimeras for Mycobacterium tuberculosis,Active,,NEWCASTLE UNIVERSITY
2F099CB7-B727-4488-887A-F603E75F7FB8,The success of strategic restoration for pollinator connectivity,Active,,UNIVERSITY OF LIVERPOOL
2FA51E65-68A6-4728-B784-F64DFF97FDF6,AI mining of the bacteriophages metagenome,Active,,DURHAM UNIVERSITY
C3F047A7-4499-4775-B8C2-F4BC8BBC9F97,SpaceCdTe,Active,,SWANSEA UNIVERSITY
C48FD885-B044-4AAC-8188-F3EC9A2DFD79,CirculaREEconomy,Active,,IONIC TECHNOLOGIES INTERNATIONAL LIMITED
C60722B3-050B-4F0C-A8AA-F4EB73AC5B7B,Unravelling topological features of liquid-liquid phase transitions in network liquids,Active,,UNIVERSITY OF BIRMINGHAM
51A50195-CCB4-4B68-865C-F5684FEF9F4C,"Period Stories: Menstruation in Advertising, Sex Education and Girls' Personal Narratives.",Active,,UNIVERSITY OF BRISTOL
539BCC9C-B5BF-49D7-8A5A-F5EE4D6B3200,Nuclear Green,Active,,UNIVERSITY OF LEEDS
543053D7-8B24-4FD4-B7C1-F69CEF4B8953,Examining Serotonin Signalling Kinetics in Frontal Cortical-Amygdala Circuits During Flexible Goal Directed Behaviour,Active,,UNIVERSITY OF CAMBRIDGE
54306998-9F8B-430C-BBAB-F69225502944,"Co-design of a gamified, attention-based intervention for chronic pain and chronic dizziness",Active,,KING'S COLLEGE LONDON
3A48B94B-3CC2-4CAD-8E42-F71132DF5DF4,Drivers and impacts of insect biodiversity changes across pantropical forests,Active,,UNIVERSITY OF BRISTOL
CE7417C1-EB25-4E65-9D05-F30B13AB66E4,Investigating the role of Chromatin in coupling RNA quality control to transcription,Active,,UNIVERSITY OF LIVERPOOL
CE84001F-44A2-40C3-A43A-F400E25F9AD9,Developing Offshore Floating Technology,Active,,UNIVERSITY OF EDINBURGH
CEBA4EB5-0194-400C-992F-F49CDE56C9C4,COMBATTING DIET RELATED NON-COMMUNICABLE DISEASE THROUGH ENHANCED SURVEILLANCE (CoDiet),Active,,IMPERIAL COLLEGE LONDON
A9D34301-5DBD-4D9A-BBC1-F4A6053EF313,Oncological Resection Guidance Across Scales,Active,,IMPERIAL COLLEGE LONDON
A9FFE5DB-4A0F-4D7F-85FD-F38ACABC5361,RoboMRI: Future Cardiovascular Healthcare via MRI-driven Robotics,Active,,UNIVERSITY OF LEEDS
AA9A9E13-8649-45F9-B68A-F43E7F5205B6,Metallic Aerospace Structures Technologies for Eco-social Returns (MASTER),Active,,GKN AEROSPACE SERVICES LIMITED
AAEBD67B-FC6B-4D15-B33A-F3B878955548,Quantifying Synthetic Data Fidelity for Autonomous Vehicle (AV) Development,Active,,UNIVERSITY OF WARWICK
161C77A3-8EDB-42D4-BE91-F70DDADE1A50,Completing the genetic toolkit for the control of global Tephritid pests,Active,,IMPERIAL COLLEGE LONDON
1635D596-CE64-47ED-85EE-F56216B0B049,Defining the monocyte hair follicle niche: rebuilding the Langerhans cell network in skin,Active,,UNIVERSITY COLLEGE LONDON
167421B3-9FE1-49A3-9166-F5FB522F3ED3,Demonstration of destruction of pathogenic P. gingivalis whilst preserving beneficial oral bacteria - to enable a product for better oral health and protection of body health,Active,,SYSORA HEALTH LIMITED
16AEE49B-F34E-4E19-A48D-F6CF9C59809A,Implementation of community-based health checks and peer-to-peer support to promote functional ability for older people living in rural Zimbabwe,Active,,UNIVERSITY OF BRISTOL
183F7CC2-710E-4679-BC32-F5CCB042DC9D,"The Chancellor, Masters, and Scholars of the University of Cambridge and 52 North Health Limited KTP 21_22 R4",Active,,"THE CHANCELLOR, MASTERS, AND SCHOLARS OF THE UNIVERSITY OF CAMBRIDGE"
3C9AE4C6-0B16-4C7C-BD64-F5DF60C27A73,Emissions Responsibility Accounting for the net zero transition: developing innovative business and policy responses to operationalise implications,Active,,IMPERIAL COLLEGE LONDON
3E1534F5-BE90-4F0D-847D-F57D70827AD2,Coordination of organ identity and symmetry establishment in flower organs,Active,,UNIVERSITY OF EAST ANGLIA
3ECFC2D7-4894-420C-8A05-F5FAA030502A,Nitrogen efficient plants for climate smart arable cropping systems (NCS),Active,,PROCESSORS & GROWERS RESEARCH ORGANISATION
3EF2D2F0-0A76-48EE-95FC-F6B60D214225,Chiral cilia carpets on curved surfaces,Active,,UNIVERSITY OF BRISTOL
238B8210-A8EC-433E-B02B-F576BDD3B84E,Can nature-based climate solutions enhance the resilience of key ecological functions in farmed landscapes?,Active,,UNIVERSITY OF CAMBRIDGE
242E0275-E629-440D-939D-F57A9789400A,Nuclear Physics Consolidated Grant 2023,Active,,UNIVERSITY OF LIVERPOOL
B79EE07F-6ACC-47C3-8E60-F3D7B7993FC2,Elucidating the impact of chitin and chitin-like structures on C. neoformans virulence,Active,,UNIVERSITY OF EXETER
B8813E36-6DFE-488E-A3F7-F47D9D8B75E9,Complex Dopamine Signalling in a Minimal Neural Network,Active,,UNIVERSITY OF CAMBRIDGE
BA3128A2-F97B-4544-8990-F458447BA99B,Food Microbiome and Health: Exploiting current and new mechanistic knowledge from Themes 1 to 3 to design and trial food/microbiome-based interventions,Active,,QUADRAM INSTITUTE BIOSCIENCE
BA86ECDA-0954-4BF1-8071-F396BA5E41B3,Research into Deep Learning for the Control of Concentric Tube Robots and other Continuum Based Robots,Active,,KING'S COLLEGE LONDON
BAC22963-ECB0-496E-BD30-F3B962809F9F,Co-development of theoretical nuclear physics models and machine learning (ML) technique,Active,,UNIVERSITY OF SURREY
450197E8-6588-487E-8ED7-F71738211ACF,Characterizing Molecular Adaptations and Drug Resistance in Leishmania spp. in Thailand: An Integrative Omics Approach to Combat Leishmaniasis,Active,,UNIVERSITY OF GLASGOW
9629AC7D-04BB-40BF-BEC2-F31F36AD75BC,"Differential rotation, inertial waves, and magnetism in simulations of the deep Solar interior",Active,,UNIVERSITY OF LEEDS
00F57A16-721A-432B-8E13-F63106C98F22,Universal TFLN-InP heterogeneous PIC platform (INGENIOUS),Active,,SIVERS PHOTONICS LIMITED
01C62F5F-9632-483E-9051-F621B82D12A0,How do African trypanosomes invade host tissues?,Active,,UNIVERSITY OF YORK
023E85E6-B71F-4442-A53C-F5760F35A494,"Muscles, motor control &amp; mitochondrial superabundance - what's the connection?",Active,,UNIVERSITY OF ABERDEEN
028B1A9F-3E35-4F07-B04A-F58B840E60D8,"Ingenious: UnderstandING the sourcEs, traNsformations and fates of IndOor air pollUtantS",Active,,UNIVERSITY OF SHEFFIELD
02EE846C-2156-42C8-90BB-F53D413B9EB6,SQUEEZE - Maximising Impact of Prescription Drugs in Rheumatoid Arthritis,Active,,QUEEN MARY UNIVERSITY OF LONDON
9ECE6AA7-9DC3-491E-A9D1-F35ED0F9F0A7,Investigating Sampling Approaches to Decision Making,Active,,UNIVERSITY OF WARWICK
9FB56E63-DD0D-4851-BF37-F4D817591CF4,DTO BioFlow - Integration of biodiversity monitoring data into the Digital Twin Ocean,Active,,THE MARINE BIOLOGICAL ASSOCIATION OF THE UNITED KINGDOM
0AC8A425-87BF-4056-8C38-F6731325AAAE,Improving molecular pharming with pathogen-derived effectors,Active,,Unknown
0BD8303D-F500-4A46-950F-F705665E3244,Conceptualising and identifying vulnerability and interpreting the appropriate adult safeguard,Active,,CARDIFF UNIVERSITY
0C307618-753A-4D7F-AEA6-F6EC34CB4348,Tuning Zeolite Catalysts using Organic Additives - Molecular Modelling Studies,Active,,CARDIFF UNIVERSITY
30020648-1948-4F58-A61D-F5F16793810A,WISE Horizons,Active,,UNIVERSITY OF YORK
322C83A3-0181-4A12-B23B-F71C081450CB,Epigenetically stable hypomethylated plants to exploit epigenetic diversity,Active,,UNIVERSITY OF BIRMINGHAM
33250783-D2B0-4530-88EC-F639A29329E7,Piloting Underground Storage of Heat In geoThermal reservoirs,Active,,UKRI BRITISH GEOLOGICAL SURVEY
630969D3-8645-4B8A-8C6C-F17515959B9B,The University of Leeds and Hope and Homes For Children KTP 24_25 R1,Active,,THE UNIVERSITY OF LEEDS
58F66393-4956-4569-ADFD-F41236EC01FB,The criminal liability of domestic abuse-induced suicide: the expansion of constructive manslaughter versus the introduction of a new criminal offence,Active,,UNIVERSITY OF BRISTOL
59857A19-01E5-4E98-8423-F4D156E02E23,An Integrated Life-course Approach for Person-centred Solutions and Care for Ageing with Multi-morbidity in the European Regions - STAGE; Stay Healthy Through Ageing,Active,,BETA TECHNOLOGY LIMITED
59A860C2-198E-4C88-B269-F37A95F07E01,Performing the Unseen. A Practice-led exploration of intangible cultural memory through engagement with the Alastair MacLennan Performance Art Archive,Active,,UNIVERSITY OF DUNDEE
FA2D7923-A929-4E5F-8FF9-F19F72D67A99,Flu:Trailmap,Active,,IMPERIAL COLLEGE LONDON
EC8528B0-3A63-4282-A6D6-F3919DE7CA34,UDLA 2527 University of Sussex,Active,,UNIVERSITY OF SUSSEX
EDCC75DF-6DCF-476B-AC61-F373DF66E373,Voters and the British Political System in the Context of Brexit: the British Election Study 2019-2026,Active,,UNIVERSITY OF MANCHESTER
EE6E5A55-3EFD-4A61-A6C0-F4465F7DDA85,GIP programme 2020_25,Active,,EXEMPLAS LTD
882EF473-21EC-495F-B71D-F3FADDE458DF,To be confirmed in Oct 2025,Active,,IMPERIAL COLLEGE LONDON
88DB5526-ACE7-4C01-B60E-F47D491C89E7,Integrating Drivers of Atlantic Productivity (IDAPro),Active,,NATIONAL OCEANOGRAPHY CENTRE
89F4FD6B-091E-4B53-8B7F-F3FA2D028D62,Microscopy and Spectroscopy of Topological Quantum Devices,Active,,IMPERIAL COLLEGE LONDON
F5F89400-92C5-4B6E-AE07-F428B72E4A81,"The State, Gender, and Privacy in India: An Exploration through the Mother and Child Tracking System",Active,,UNIVERSITY OF EDINBURGH
F74BB09B-190F-4615-BCC8-F314486CCCA4,Mapping age-related dysregulation of in vivo synaptic plasticity to molecular synaptic diversity,Active,,IMPERIAL COLLEGE LONDON
F7551B18-907A-49D1-92A6-F3E26C2C7B40,"Integration of Advanced Experiments, Computation and Data for Innovation in Freeze Casting and Advanced Porous Structures",Active,,UNIVERSITY OF LIVERPOOL
F95B0CD3-DF77-4BED-B141-F3671A5474CC,Development of an edge computing device by integrating deep learning model for flame tomographic reconstruction,Active,,UNIVERSITY OF KENT
F9698FF3-8D5C-4D6E-89C2-F389AC755DB0,Unlocking scalable quantum computing with terahertz generation QuanTera,Active,,UNIVERSITY COLLEGE LONDON
25FC858E-B3A3-470C-AF03-F5489E1FDAF8,"Gendering Responses to Extreme Ideologies. A Case Study of British Peace Organisations, 1919-1945.",Active,,UNIVERSITY OF KENT
262EB5DB-21F6-40FF-8A13-F6F07B9B5F3A,ZERO CARBON - Solar forecasting and future sustainable power systems,Active,,UNIVERSITY OF NOTTINGHAM
2662BF29-5675-4EBD-9465-F65622479644,HarwellXPS: A National Research Facility in XPS,Active,,UNIVERSITY COLLEGE LONDON
287BDB2E-F61F-43A1-9253-F51BEDAC73F5,Centre for Doctoral Training in Cyber Security at Royal Holloway: Renewal of the CS-CDT at RHUL,Active,,ROYAL HOLLOWAY UNIVERSITY OF LONDON
923CD6BD-7BE3-4E0F-857F-F4F3FB3C3016,Transforming landscapes: the role of large herbivores in Holocene ecosystem dynamics,Active,,UNIVERSITY OF ST ANDREWS
C2749279-B410-46DC-AE1B-F02425FD6E58,Investigating thermal and mechanical properties of CFRP composites for hydrogen storage applications,Active,,UNIVERSITY OF BRISTOL
C38FEEFD-8B31-4791-B8A3-F0B739CA84B8,AI for UnlockINg DaTasEts foR BiodiVersity AssEssmeNt and PrEdiction (AI-INTERVENE),Active,,UNIVERSITY OF READING
C42385EC-01B3-426D-95E2-EF3C1389D089,"Nature of the beast? Resolving drivers of prey choice, competition and resilience in wolves",Active,,BRITISH GEOLOGICAL SURVEY
3566EF14-8119-406F-97BA-F1D29FD7AEE7,The evolution of metabolic adaptation to environmental change,Active,,UNIVERSITY OF NOTTINGHAM
35941E6E-F12C-4273-B0CC-F212D0470D80,RestPoll: Restoring Pollinator habitats across European agricultural landscapes based on multi-actor participatory approaches,Active,,BUMBLEBEE CONSERVATION TRUST
367A7540-7AF6-48E8-A1EB-F194B064B3F8,Endothelial cells protecting oligodendrocyte progenitor cells from TNFa induced damage,Active,,ASTON UNIVERSITY
58806E68-71E9-4BFE-A708-F2DD1DDAA5C5,From metagenomics to metadata: understanding the social context of vaginal microbiome health across the life course,Active,,UNIVERSITY COLLEGE LONDON
5A61DC47-6F79-4711-BB66-F179A505DB20,Automated Dynamic Flow System for Efficient Mapping of Reaction Design Spaces,Active,,UNIVERSITY OF LEEDS
CDE8D18F-8C16-4E76-B764-EF375B819BE2,Towards a better understanding of cardio and cerebrovascular diseases,Active,,UNIVERSITY COLLEGE LONDON
CE29759E-4F4C-4A4F-8C19-EF5611FC9837,Pricing Options in Nonlinear Markets with Multiple Defaults,Active,,UNIVERSITY OF WARWICK
CE5DC165-C8DE-46B0-A3C4-EF7BD2F73414,COMPHORT,Active,,UNIVERSITY OF BRISTOL
CED9631E-CB64-417A-880E-F01E3A4B0B9B,Aston University and Pulse Power and Measurement Limited KTP 24_25 R5,Active,,ASTON UNIVERSITY
CEF8AD7E-0F19-4314-A3CD-F053005F06A8,"Advancing understanding of Cumulative Impacts on European marine biodiversity, ecosystem functions and services for human wellbeing",Active,,SWANSEA UNIVERSITY
CF0C55E0-7ADE-475F-9103-EF65E43CA0E1,Sustainable Geotechnical Design: Temperature-water-plant-soil coupling for modelling soil inherent heterogeneity under climatic uncertainty due to glo,Active,,UNIVERSITY OF LEEDS
D028F81D-0EED-4049-A6D9-EFE06A7A408C,MESONET: Exploiting in situ protein unfolding to understand and control mesoscopic network formation,Active,,UNIVERSITY OF LEEDS
D0E2C60C-41BC-4775-BD51-F04B6CE69FD6,The Effect of Digital Leadership Training on Digital Transformation in Government: Field Experimental Evidence from Brazil,Active,,UNIVERSITY COLLEGE LONDON
4085626D-162D-4FCC-9E71-F2D3CD12F7B2,A New Effect in Ultrafast X-ray Scattering,Active,,Unknown
418080F6-2652-47AF-8F35-F242EAE8018F,Investigation of TRAIP activity in normal and cancerous cells.,Active,,UNIVERSITY OF BIRMINGHAM
41A88759-B232-409D-94F0-F188236FDB71,DMS-EPSRC INDUCED SUBGRAPHS AND GRAPH STRUCTURE,Active,,Unknown
60999FB7-143C-4FC2-AC9B-F0F89951205D,To me to you developing a push pull system for sustainable management of aphid virus vectors in seed and ware potato crops,Active,,HARPER ADAMS UNIVERSITY
60ADFD1F-2DFC-4F57-84A0-F2F9D9B3CB82,Next Generation Communications Networks and Applications,Active,,UNIVERSITY OF LEEDS
60B08AAE-4154-496B-91D1-F25B3A131707,Elucidating and Exploiting Natural Combinatorial Biosynthesis of Hybrid Polyketide-Nonribosomal Peptide Histone Deacetylase Inhibitors,Active,,UNIVERSITY OF WARWICK
60B6D3BD-44BE-4627-A023-F2AB3D157553,High entropy alloy nanoparticles,Active,,UNIVERSITY OF SOUTHAMPTON
61C59D81-294F-479B-BEFB-F292EED98B82,Deciphering spatial colonisation and pathogenesis of Fusarium oxysporum f. sp. cepae on onions by assessing associated physical and ...,Active,,CRANFIELD UNIVERSITY
61E5C81A-1253-484F-AE6B-F1357BA651B0,CBOIAO: Constructing the 'Barbarian Other' in Attic Oratory of the Fourth Century B.C.E.,Active,,ROYAL HOLLOWAY UNIVERSITY OF LONDON
4225A3B7-16EC-4064-BB22-F2EFF9FCD443,"Hawking - Precision, novelty, and theoretical uncertainties in physics beyond the Standard Model",Active,,UNIVERSITY OF SOUTHAMPTON
4236C401-32A6-4906-BBF7-F198F00A771A,PLACES: Plasticity of perception in real and virtual spaces,Active,,ROYAL HOLLOWAY UNIVERSITY OF LONDON
62C6D726-CC38-4CC7-97E5-F15710378980,Human functional genomics of post-translationally modifying clinical coding variants: FGx-PTMv,Active,,IMPERIAL COLLEGE LONDON
1DC17670-7A77-49DE-B539-F1E9173E849C,"Obesity: Biological, socioCultural, and environmental risk Trajectories (OBCT)",Active,,IMPERIAL COLLEGE LONDON
1E6E5426-5653-4E55-A8C6-F104F9D51BA1,Rapid metagenomic strain profiling of inflammatory bowel disease (IBD) patients via Nanopore sequencing,Active,,UNIVERSITY OF EAST ANGLIA
1EE423EC-E2F4-4AB0-ACE1-F2C45546658A,Metrology of multi-photon states for quantum technology,Active,,CARDIFF UNIVERSITY
206A65AF-40EF-405D-B69D-F184BA522F63,CHESS: Civic Health Equity: from Silos to Systems,Active,,UNIVERSITY OF LIVERPOOL
434D7D8D-6AA5-4DB8-A36C-F0FB075B03B2,A Comprehensive approach to enhance Older adults' Preparedness for Extreme heat (COPE),Active,,UNIVERSITY OF STRATHCLYDE
43E4C60F-F8D3-413E-958F-F159F6076B0F,Revealing Prehistoric Human Behavior: A Novel Biomechanical Study of Paleolithic Ergonomics and Hand-Stone Tool Interactions,Active,,UNIVERSITY OF CAMBRIDGE
441B93E9-8D7D-4FB1-B2C9-F28AB941B96D,ENGINEERING STEROID DRUGS TO TARGET BACTERIAL RESPIRATION,Active,,UNIVERSITY OF KENT
446BDD7E-4396-4F91-8159-F13A0C0CD4E6,Nanoscale quantum physics and quantum information processing with semiconductor quantum dots,Active,,UNIVERSITY OF SHEFFIELD
45786412-FC07-431F-9E64-F1292A5C3E93,Organic Semiconductor Qubits,Active,,UNIVERSITY OF SHEFFIELD
4605DB5E-6030-4D6F-B4D6-F2D8060809E6,Constraining the style of magma-ocean crystallisation by present-day Earth structure: a coupled thermodynamic-geodynamic approach,Active,,UNIVERSITY COLLEGE LONDON
4707A402-6C65-40B5-9565-F1E781FB93DC,STFC Leeds Maths 2023 DTP,Active,,UNIVERSITY OF LEEDS
B7C0AF9B-EA9F-4430-8629-F07E2BC0F1CD,Dissecting the early dysregulation of neuronal output in human neurons: an opportunity for a functional rescue of ALS/FTD,Active,,KING'S COLLEGE LONDON
B84FBFFF-180B-42C8-AC21-EF762DA10679,Atypical Chemokine Receptors orchestrate changes in vascular patterning during fibrotic liver disease via Endothelial-to-Mesenchymal Transition.,Active,,QUEEN MARY UNIVERSITY OF LONDON
B8D7CD46-67D8-4026-85D0-EF94B4143154,Protection of Future Renewable Energy Systems and their Connected Power Networks,Active,,UNIVERSITY OF STRATHCLYDE
B8E2251F-62F7-49D9-A0D1-F0337AF543A1,Modelling Ultrasonic Inspection of Branched Stress Corrosion Cracks using Machine Learning and AI,Active,,UNIVERSITY OF LIVERPOOL
BB0B366F-6745-43DC-A246-EF361C226725,Random Geometry via Volume Minimization,Active,,UNIVERSITY OF WARWICK
BB8D3545-BFC8-464E-BEC1-EF5F1EE4D595,Accelerating genetic improvement of Atlantic salmon using speed breeding and gene editing technologies,Active,,UNIVERSITY OF EDINBURGH
508625AD-B0D6-4A31-BDB6-F274D4F68114,Advancing Low Carbon Fuel Infrastructure: A Quantitative Whole System Approach to Enable Sustainable Energy Solutions and Mobility,Active,,UNIVERSITY OF BATH
519265C2-A553-4D95-883E-F0F81EF2A158,"Eat, heat and listen: on becoming a mammal",Active,,UNIVERSITY OF BRISTOL
29170F57-021C-46B8-BABE-F2FB5743EBD7,'Bones of the Northumbrian landscape: a new zooarchaeology of early medieval Jarrow',Active,,NEWCASTLE UNIVERSITY
2A805E33-FC70-4640-B47E-F128A3446CC3,Geometrical deep learning as a tool to study brain organization,Active,,UNIVERSITY OF CAMBRIDGE
2C34C881-3E3C-4DB7-96CC-F21405ECEF1F,Unravelling drug-gene-phenotype interactions in complex cardiovascular diseases (iCASE),Active,,UNIVERSITY OF NOTTINGHAM
2C880F17-E1A2-4CE4-9FF4-F181A32669C1,Power Struggles: How parasite mitochondria control infection in animals,Active,,UNIVERSITY OF GLASGOW
2CF6E3EB-708D-47EF-8B17-F24CED41F878,Webs of Interacting Paths,Active,,UNIVERSITY OF SHEFFIELD
2D61405C-9EFB-456A-9F70-F0F1031A467A,SeNSS / Understanding Society,Active,,UNIVERSITY OF ESSEX
2DECDEE8-9E69-4698-B240-F295A3DFE89D,HYWAY: Climate impacts of a HYdrogen Economy – the pathWAY to knowledge,Active,,UNIVERSITY OF LEEDS
2EF32E45-0EA1-45E1-82A3-F20766BB9D6F,A policy gap analysis and clinical ethnographic exploration of antimicrobial resistance among refugees and migrants in the UK and Europe,Active,,IMPERIAL COLLEGE LONDON
2EF76DEB-BA72-4D39-95D4-F2493625F1C9,Medieval Saints in Counter-Reformation Italy,Active,,UNIVERSITY OF CAMBRIDGE
2F744F98-CD93-43D4-9708-F10AF8EDA767,University of Reading and Waitrose Limited KTP 23_24 R5,Active,,THE UNIVERSITY OF READING
2FF9714B-6771-4900-9B5B-F2302CC8DD9F,Clouds and climate transitioning to post-fossil aerosol regime (CleanCloud),Active,,UNIVERSITY OF READING
A4314CEE-CF6E-4534-AAF2-EFC030636564,Multi-gap topological physics: from a new geometric perspective to materials,Active,,UNIVERSITY OF MANCHESTER
A59E5155-DF44-4F9A-8386-EF2C5A0FCA7F,Targeted Chemotherapies for Glioblastoma Using Tumour-Specific Activation,Active,,SIFTR BIO LIMITED
A5A011BA-47C7-49AF-A93B-EF6C276E8616,University of Durham and LBBC Limited KTP 22_23 R5,Active,,UNIVERSITY OF DURHAM
A712A237-7AF7-412C-93E7-EFC173195A15,HEAVEN - Hydrogen Engine Architecture Virtually Engineered Novelly,Active,,EASYJET AIRLINE COMPANY LIMITED
130B7173-005A-481C-9AF4-F0F71094EBBD,IMPRESSION and GAMES NMR Structure Elucidation With ML,Active,,UNIVERSITY OF BRISTOL
1365DBFB-3405-494A-8F03-F22F0B78B317,Biomedical Dual-Action Imaging Probes for Cancer Therapy,Active,,IMPERIAL COLLEGE LONDON
13F7C3C2-56D0-425A-9B24-F2A85448AAE7,Adaptation in the extreme: transgenerational impacts of multistressors in rockpool environments,Active,,UNIVERSITY OF THE HIGHLANDS AND ISLANDS
38F8B7BE-2446-4BE5-9D68-F225EAA61F1B,Breeding European Legumes for Increased Sustainability,Active,,PROCESSORS & GROWERS RESEARCH ORGANISATION
3A8F553A-A0AD-4B23-B9F8-F190872C8755,Studies in machine learning and robotics for automated construction,Active,,UNIVERSITY OF CAMBRIDGE
3B1FEF48-5D7C-46FD-B6B2-F13308B8EDAD,EssNet Pathfinder Plus,Active,,ESSEX COUNTY COUNCIL
3B47B53A-EB89-4BA2-AA9E-F2DB145637CF,How can fiction and poetry be utilized by activists and policy makers to critically assess and improve policy processes and outcomes?,Active,,UNIVERSITY OF SOUTHAMPTON
3B879DFC-4DA9-492A-88E0-F19AEC365CFD,Using Indicators to Advance Multi-(Hazard)-Risk Management,Active,,CARDIFF UNIVERSITY
AF7B1D06-7891-4BA6-93B2-EFCEB1BDF95F,Development of a zero-carbon power generator for construction sites,Active,,CATALSYS LIMITED
B0CCB827-53E3-4D67-ACF0-F071399A1F7D,How users exchange their opinions and spread social support in social networks,Active,,Unknown
8F6B838D-C13A-4757-92C2-EF75DE5886D8,Nexus: Intelligent Manufacturing Systems for Sustainable Bioprocessing,Active,,PHOTOCENTRIC LIMITED
8F90DB91-BB3D-407A-847D-EF45F4CF082B,PhD projects to be confirmed on completion of the training year.,Active,,UNIVERSITY OF WARWICK
FCDD470E-34F0-4D0F-80A7-F0116DA384F4,IRIS Digital Asset - Resource Request to create a FAIR data archive,Active,,UNIVERSITY OF MANCHESTER
FD3AB954-7026-4BB4-A5F2-F06B138E618B,Psychiatric Imaging Programme Transition,Active,,KING'S COLLEGE LONDON
007F2FE8-7A38-4102-B1B2-F11CD7EC4C60,SurfEx: Epithelial Exchange Surfaces - From organizing principles to novel culture models of the gatekeepers of the body,Active,,UNIVERSITY OF CAMBRIDGE
00ED4AD9-7DEB-4948-AE32-F137061F8BF6,Development of tuneable microgels for controlled protein delivery in tissue regeneration,Active,,UNIVERSITY OF GLASGOW
20C9D848-B102-4551-AFA9-F0E55CD6A3AD,Engineering a Benzoic Acid (De)carboxylase for C-H functionalisation of (hetero)aromatic compounds,Active,,KING'S COLLEGE LONDON
213FA04E-4B62-4160-A112-F18D200102AD,The analysis of Molten Salt Reactors,Active,,BANGOR UNIVERSITY
21A247F5-23BA-43B5-A72B-F240D9864CAA,Nambawan Piksa Bilong Papua New Guinea / Papua New Guinea's First Films: Connecting Moving Images from 1904 to Descendant Communities Today,Active,,LONDON SCHOOL OF ECONOMICS AND POLITICAL SCIENCE
9A067B9C-172E-4E04-8B61-F03D505A2CB6,"Defining, understanding, and treating lack of motivation in schizophrenia",Active,,UNIVERSITY OF CAMBRIDGE
9B5F9A1C-E10A-4437-9649-EFEC9F0F02E4,Optimized dosing regimens for the combinations of sulfonamides and trimethoprim in veterinary medicine,Active,,ROYAL VETERINARY COLLEGE
9BB7D43C-73B4-4FA8-B33C-EF14E3B81663,DIGITAL CATAPULT CORE DELIVERY PROGRAMME,Active,,DIGITAL CATAPULT
9BCD364D-F8E1-4918-88CA-EFEAD80BDF02,Accelerating Plant Breeding by Modulating Recombination - Renewal (MODREC2),Active,,ABERYSTWYTH UNIVERSITY
07391B5A-E970-4143-80C1-F1E715DB908E,Developing novel inhibitors of unconventional secretion based on Botulinum based therapeutics,Active,,UNIVERSITY OF SHEFFIELD
07DAAB16-C2F6-459E-91D9-F1C49F0AF8D0,"Antimicrobial resistance in captive animals: understanding the potential for environmental persistence, and transfer to other species",Active,,UNIVERSITY OF SOUTHAMPTON
080DF928-F5A5-447D-96AE-F0F78368BE6D,Core material in the source region of the Iceland mantle plumes? New clues from novel metal stable isotope systems.,Active,,UNIVERSITY OF CAMBRIDGE
0A0C9BAE-B7AD-4324-9D65-F151EBC666D0,"Project Cavendish, Developing zero CO2 hydrogen combustion systems for heavy-duty commercial transport.",Active,,PHINIA DELPHI UK LTD
0A405511-1BD9-43C6-AA34-F14A5971027C,SKA Construction,Active,,UNIVERSITY OF CAMBRIDGE
0A6BA425-7A3C-40E0-A9D0-F296CDDDD382,Dissecting bacteriophage:treponeme interactions to develop novel therapeutics for bovine digital dermatitis,Active,,UNIVERSITY OF LIVERPOOL
E66429EF-E69C-438A-B68F-EF5FE214165F,Steel in the Deconstruction Industry: From Recycling to Reuse,Active,,UNIVERSITY OF BATH
E71AFD27-5C1B-41DE-A259-EF1E75D0BFEA,FutuRaM: Future Availability of Secondary Raw Materials,Active,,UNIVERSITY COLLEGE LONDON
E76DAE0A-B15C-4BD2-87C8-EF977D1AAEE9,Situationally aware innovative battery management system for next generation vehicles,Active,,POTENZA TECHNOLOGY LIMITED
E7E5D19F-3B4A-47C3-B663-EF31E24EC77B,Sustainable Control of Parasites in Ewes (SCOPE),Active,,UNIVERSITY OF LIVERPOOL
0B2B6850-D453-4C2D-AF8E-F223E0FDB47A,Aural Diversity in Society,Active,,MANCHESTER METROPOLITAN UNIVERSITY
0CC694E5-48A9-4EE5-8A95-F24EAE4EDE38,"Brainwave correlates of confidence and perceptual strength, applied to forensic face identification",Active,,UNIVERSITY OF BIRMINGHAM
0D12443B-8E37-4A15-AD40-F22B2C2B4F8D,Element-compositor methods for out-of-distribution machine learning,Active,,UNIVERSITY OF ESSEX
0D4ED12F-73D7-40B0-826C-F106E95EE25F,Understanding the effects of protein hydration kinetics on their functional properties and product performance,Active,,UNIVERSITY OF LEEDS
858983A8-9D72-4B81-8CE2-EF0BED2CD69F,Nature of Things: Bringing Wildlife Conservation Data to Life Through AI-Powered Storytelling,Active,,REWILD.LIFE LIMITED
85CD9C2A-B038-443A-A855-F0529355DE41,Photosynthesis beyond the red (energy) limit: the modified Photosystem 2,Active,,IMPERIAL COLLEGE LONDON
869C8F58-488C-4CFA-8D33-EFB1E8A23317,University of Strathclyde and Rumbol Products Limited KTP 23_24 R3,Active,,UNIVERSITY OF STRATHCLYDE
86C9061A-36CB-4D7F-8D07-F069F6DAF474,ATLAS top-antitop plus vector boson final state analysis,Active,,UNIVERSITY OF SUSSEX
F07F14EB-A053-4621-8F62-EFD224DEE9DA,Next Generation Patterned Steel Floors for Best in Class Slip Resistance Performance,Active,,IMPERIAL COLLEGE LONDON
F0E85AB4-1FF7-46C8-9EAF-EF9B6B25BC64,Data-driven study of the nonlinear dynamics of sound generation in turbulent shear layers,Active,,UNIVERSITY OF BIRMINGHAM
F18EB72B-0A4D-49EC-8907-EF8E7A7F98CF,DarkSide-20k Installation,Active,,Unknown
F467C896-F0B7-4F20-B50A-F05107DD34FE,RECONSTRUCT: A Territorial Construction System for a Circular Low-Carbon Built Environment,Active,,BRUNEL UNIVERSITY LONDON
1481C192-DDBB-405B-92CB-F1A5AF89426E,World Building in Time and Space: Open World Video Game Mechanics in Contemporary Art Practice,Active,,KINGSTON UNIVERSITY
15D68B87-B63B-45A0-86D4-F0F33D3A2A9F,"Multilingualism, Conflict and Conflict Resolution in Africa: Challenges and Opportunities of Linguistic Practice and Policy",Active,,UNIVERSITY OF ESSEX
15F6700F-2D5A-4FBB-9A43-F2CA8E847AD0,PALPABLE: Multi-sensing Tool For Minimally Invasive Surgery,Active,,QUEEN MARY UNIVERSITY OF LONDON
17C6785B-935F-4C77-B726-F1725B2833C6,"Development of a new sensitive, antibody-free, and low-cost colorimetric assay for early detection of Alzheimer's disease",Active,,SWANSEA UNIVERSITY
F48A66DB-30E7-41F2-B71D-F08625BEA4A3,The Place of Extractive Landscapes in a Just Transition: Assessing and Co-Designing Transdisciplinary Networks for Action,Active,,UNIVERSITY OF GLASGOW
F4C64291-926C-4CC0-84ED-F052C4B9AADD,Building Robustness in Crops: Manipulating plant morphology for improved crop performance,Active,,JOHN INNES CENTRE
F756B1CA-C04E-4C34-AEA4-F0DF67B92C87,NXCT Core equipment 2024,Active,,UNIVERSITY OF MANCHESTER
70380C4E-FB38-411B-8ACF-EFD0BF664B1C,High resolution determination of multi species biofilm development on tracheostomy tubing,Active,,UNIVERSITY OF KENT
712BBE52-8BFA-4E60-ACE5-EEF20604C2F0,Transitioning pellet stove production: China to Rwanda,Active,,BIOMASSTERS (UK) LTD
71C02854-67EE-4665-8FA8-EF8B7586F684,"Preventing, avoiding and mitigating environmental impacts of fishing gears and associated marine litter",Active,,NEWCASTLE UNIVERSITY
7275673C-144E-4B77-A6D4-F0A0FFB55808,Naturalistic and translational decision making assays,Active,,UNIVERSITY OF MANCHESTER
736535C8-71B1-462F-9C01-F0387495FB44,Probabilistic deep learning approaches in medical imaging,Active,,Unknown
737EB2B0-C054-4C59-A871-EFD3B42F01D1,Combining Advanced Materials for Interface Engineering (CAMIE),Active,,UNIVERSITY OF LEEDS
DE4F49AD-095C-4BFA-A74D-F001FC063334,Thermoplastic Composites (TPCs) for Cryogenic Hydrogen Tanks,Active,,UNIVERSITY OF SHEFFIELD
02329CD9-219D-4C42-9CF8-F127D67A0CEE,Predicting State and Trait Vulnerability to Sleep Loss Using Functional Brain Networks,Active,,UNIVERSITY OF BIRMINGHAM
7AA5ED56-6823-4B09-91E8-F05C0E43769C,tbd,Active,,UNIVERSITY OF SURREY
7C4B3E55-AC87-4619-9852-F0D5A6154856,Engineering biological pathways to novel anti-fungal agents,Active,,IMPERIAL COLLEGE LONDON
7D8BAC9E-6815-40D3-B762-EEEFECF70EFF,"EMPOWER-BP: Emotionally-intelligent, conversational AI to improve Maternal Pregnancy Outcomes through Women's Empowerment and Remote self-management of Blood Pressure",Active,,MEGI HEALTH UK LTD
7DE077F3-FE27-4301-8798-EFB020F5FDE1,EPSRC and SFI Centre for Doctoral Training in Sustainable Chemistry: Atoms-2-Products an Integrated Approach to Sustainable Chemistry,Active,,UNIVERSITY OF NOTTINGHAM
7E43BF49-FDC3-490A-93BB-EF2903AC4D25,Aquatic Pollution from Light and Anthropogenic Noise: management of impacts on biodiversity,Active,,UNIVERSITY OF PLYMOUTH
DFDCCFD3-6A37-4746-8DF8-F0DF96FC11E4,Sustainably securing the future of food: will Chinese investments in the Global South hinder or help?,Active,,UNIVERSITY OF BATH
E06FE69A-D5FD-4618-99F6-F00EBF14E55B,Quantitative dissection of protein synthesis initiation at 'omic and single mRNA scales,Active,,UNIVERSITY OF MANCHESTER
E17BE8FA-6513-456F-A137-F0728D20CA23,A Design Study for a Muon Collider complex at 10 TeV center of mass (MuCol),Active,,IMPERIAL COLLEGE LONDON
E211D677-4BB9-429F-9608-F06A2B9E6CFF,Social Foundations of Cryptography,Active,,UNIVERSITY OF EXETER
C78A8F40-760A-4BB7-A33D-EEF7F31B6DEF,RAL Studentship at Imperial 2024,Active,,IMPERIAL COLLEGE LONDON
C7EC9754-048F-4061-9558-F024E92AED57,Reworking Inverse Design in Homogeneous Catalysis,Active,,UNIVERSITY OF CAMBRIDGE
C8033602-E067-4918-AA53-EF37A41B6D9F,Mechanism of Action Directed Implementation of a High Activity Anti-Pancreatic Cancer Lead,Active,,UNIVERSITY OF NOTTINGHAM
C8A01FBA-23EE-4146-BC38-EF475E451633,"Validating methods to cryopreserve, store and revive human precision cut tissue slices for disease modelling and drug testing.",Active,,NEWCASTLE UNIVERSITY
C8D2C2B9-AA2E-4D9B-8BD4-F057C524FD5F,"EPSRC Centre for Doctoral Training in &quot;Diversity led, mission-driven research&quot;",Active,,UNIVERSITY OF GLASGOW
E866F7ED-249E-4387-AFC5-EF804F9B1592,XLZD Pre-Construction,Active,,UNIVERSITY COLLEGE LONDON
E919E440-ABA7-46D4-A9D6-F0154F5C0ADA,ICF - Understanding Acute Myeloid Leukaemia stem cell growth: Prediction and prevention of relapse,Active,,UNIVERSITY OF NOTTINGHAM
E95093FB-F484-412C-AB53-F08FBC5B818F,Dimensionality tuning of strongly correlated van-der-Waals materials: a route to multifunctional quantum devices,Active,,UNIVERSITY OF BIRMINGHAM
E98AF3F0-1759-41EE-BB88-F0A4E90F2BA6,Industrial CASE Account - University of Bristol 2024,Active,,UNIVERSITY OF BRISTOL
EAE3E87C-F96F-4A22-860C-F0A13F690C2D,Quantifying phonetic input in first and second language speech learning,Active,,UNIVERSITY COLLEGE LONDON
EB524138-DA0F-44A6-B4A5-EFFD56615937,Development of innovative food products using plant proteins and precision fermentation with in-silico optimisation,Active,,NEW WAVE BIOTECH LTD
660F0BC2-E3AA-44B7-8202-F0539A494CA4,To the Gallery: Analysis of Participatory and Learning methodologies in an art organisation.,Active,,MANCHESTER METROPOLITAN UNIVERSITY
6744E9F3-4473-46D5-BB28-F0995276E2AF,ATLAS - Advanced Tabs utilising Laser Surface treatment,Active,,AVOCET BATTERY MATERIALS LIMITED
677006C5-A0BF-4CAB-8E3C-EF37839C57C0,Decoding senescent cell signalling pathways in tissue fibrosis,Active,,UNIVERSITY OF EDINBURGH
685CB6CD-1CE1-478D-9375-F0661E45D95A,Embedded Cluster Modelling for Realistic Solid-State Systems,Active,,CARDIFF UNIVERSITY
691E5F74-0973-4B16-B9DF-F0665BD3A95D,Duration and type of urinary tract infection antibiotic treatment and impacts on the gut microbiome and resistome (DUTI- GUM),Active,,Unknown
D1FA8B27-AE02-445D-8645-EEFEB0258BEA,Machine learning for improved clinical decision making ahead of epilepsy surgery,Active,,KING'S COLLEGE LONDON
50F311B9-D01F-4A8C-B21D-EFDA28E13DD9,Measurements of neutrino-induced Hyperon production in the SBND,Active,,LANCASTER UNIVERSITY
51104766-AFE8-468F-A714-F0382074B0C2,Target Biomarker selection using systems networks and decision theory,Active,,QUEEN MARY UNIVERSITY OF LONDON
52AF27D2-AB15-40D3-8D62-F099737DC3E7,REFINE: Real-time Fine-grained Air Quality Monitoring with Intelligent and Robust Multi-UAV Networks,Active,,UNIVERSITY OF EXETER
B2537659-A07C-4C73-96B3-F09C7419C6B6,"FAST CAR-T: Faster, Adaptive and Scalable Technologies For CAR-T Manufacture",Active,,UNIVERSITY COLLEGE LONDON
B2CFA13B-E619-4422-9572-F00F2BB5515E,Sensing the Intangible City: Decoding Historically Centralised Narratives,Active,,UNIVERSITY OF SUSSEX
B2F2643F-7CF2-4550-B4B0-EEEFDFDCF19E,"Paper Empire: Literature, the Travelers Cheque, and the Redescription of American Imperialism, 1891-1958",Active,,UNIVERSITY OF MANCHESTER
B400601C-12E4-479A-92D1-F0AF31AC5BC0,Multi-Route DataFactory for Direct Compressed Products,Active,,UNIVERSITY OF STRATHCLYDE
B403217F-482A-49BF-BD67-F07EA12E26BB,The University of Keele and Raft Solutions Limited KTP 22_23 R4,Active,,UNIVERSITY OF KEELE
D61B1766-EEC8-40FA-BD98-EFEF8E59560D,Variable Pitch Configurations for Future Propulsion,Active,,UNIVERSITY OF CAMBRIDGE
D755BEFA-BE2E-4F89-B2E2-F0C16A0D6173,THRIVING food futures (Transdisciplinary Health Research to Identify Viable Interventions for Netzero Goals: food futures),Active,,Unknown
5A95BA30-7B19-4DB6-BC9B-F08188E8F362,The uncharted journeys of inflammatory cells and their functional implications,Active,,UNIVERSITY OF CAMBRIDGE
BBA8A744-35A7-4554-9E41-EF3B0AFBCD6E,SNAP - Sustainable Nitrogen Application Project,Active,,OUTFIELD TECHNOLOGIES LTD
BC4C8210-B5EF-49B3-AFC5-EFA790D2670B,Setting the Standard for Genomics and Health-Related Data Sharing: The Global Alliance for Genomics and Health,Active,,EUROPEAN BIOINFORMATICS INSTITUTE
BCF67E97-50EE-4C8A-BCFC-EFE152B648C7,An Analysis of System-Focused Judicial Review in England and Wales,Active,,Unknown
BD622C77-8C51-4A78-BFB0-EF7A197E4DC7,Novel approach for sampling and integrated sample preparation for avian influenza identification,Active,,UNIVERSITY OF HERTFORDSHIRE
9D62CE1F-CE55-4092-AC06-EFF9E84C54E9,Exploring the embodied experience of childhood traumaand its role in survivors' relationships with themselves andothers: a survivor-led qualitative st,Active,,KING'S COLLEGE LONDON
9E5C9200-8F1E-4A5F-B37B-EFA5AFB9E1B1,Integrated wind-wave control of semi-submersible floating offshore wind turbine platforms (FOWT-Control),Active,,UNIVERSITY OF MANCHESTER
BE4D0588-7DC6-4774-9637-EF2EE6550AE7,"Transformation, Conflict and the Everyday - Wapping 1968 to 1997",Active,,UNIVERSITY OF GLASGOW
BF67EA60-5961-413A-9EA3-F0A421DCB3F4,New measurement of the weak mixing angle,Active,,QUEEN MARY UNIVERSITY OF LONDON
C043A573-DF5E-46AD-9943-EFBB434174C0,The King in the Round: can numismatics be used to identify a unified form of Hellenistic kingship?,Active,,UNIVERSITY OF EXETER
C131D90C-61DA-4C6B-8C6F-EF3EAF28979C,You're pretty for a darkskin&quot;: The Issue of Colourism Through the Intersectional Lens of Dark-skinned Black Women Living in England.,Active,,DURHAM UNIVERSITY
44EB8CB3-C6BD-428A-8349-F0343005103A,Programme on Innovation and Diffusion (POID),Active,,LONDON SCHOOL OF ECONOMICS AND POLITICAL SCIENCE
451A98EA-BBBB-4B23-BB31-EF4163D94F8A,The biomechanics and energetics of locomotion in sea turtles: understanding the influence of load carrying on performance,Active,,UNIVERSITY OF MANCHESTER
47289B22-EA52-483F-89D6-EFDB36CC746C,"Reanimating Tibetan Heritage: Transforming collections, Empowering communities",Active,,VICTORIA AND ALBERT MUSEUM
484042AE-6CEC-4AF7-9751-EF13A23A683F,Closed loop therapies for genetic epilepsies.,Active,,UNIVERSITY COLLEGE LONDON
48A77F11-D55F-478B-83E0-F0A31B05798E,MIMIC: An interconnected multiorgan platform to recreate the complex pathophysiology of the Metabolic Dysfunction-Associated Steatotic Liver Disease,Active,,UNIVERSITY OF NOTTINGHAM
A761EF3E-D1C0-4199-A664-F0CC4F863A48,University of Central Lancashire and Heyside Plastics Limited KTP 24_25 R3,Active,,UNIVERSITY OF CENTRAL LANCASHIRE
A79EBCC3-0C8F-40B0-A3AC-EF45114498BB,Unhousing Restitution (UNREST). African audiovisual heritage between displacement and return,Active,,KING'S COLLEGE LONDON
A7AB1C35-4EEB-43E5-AEEE-F0729EA6461E,Exploring quantum information with Higgs Bosons and Top Quarks,Active,,UNIVERSITY OF GLASGOW
A85653A1-FB69-41CE-9B3B-F08243624884,Atmospheric chemistry of reactive trace species through direct real-time measurements,Active,,UNIVERSITY OF LEEDS
A90C3C68-5A82-4A38-887C-F0B5BB44CB29,Integrable models and deformations of vertex algebras via symmetric functions,Active,,CARDIFF UNIVERSITY
C939E9A8-2083-4D4F-9C41-F0A4562DA03F,Bcc-superalloys: Engineering Resilience to Extreme Environments,Active,,UNIVERSITY OF BIRMINGHAM
CA77D38E-68E7-4D61-92C3-F046AE43B8DB,Delivering Sustainable Wheat: Targeted Sustainability-Trait Discovery (John Innes Centre),Active,,JOHN INNES CENTRE
CAE07A74-77E8-46D0-BF0A-EFF79F76B49B,Analogue gravity with optical pulses in fibres,Active,,UNIVERSITY OF ST ANDREWS
CBBC4078-FC0A-4619-AAC5-F0268C134B71,Anti-doping education in the wake of the International Standard for Education: A case study of British karate,Active,,UNIVERSITY OF BIRMINGHAM
2F9E37F5-19DC-451F-99BA-F03439C9DAC9,"Design, modelling and characterization of satellite TX components in III-V integrated circuits",Active,,CARDIFF UNIVERSITY
AB458FF8-8E11-4630-87BB-EF003BB0D1E4,Essays in Political Inequality,Active,,LONDON SCHOOL OF ECONOMICS AND POLITICAL SCIENCE
ACB9764E-1E13-4F68-9D28-F08A8E3A84D5,STFC Armagh 2023 DTP,Active,,ARMAGH OBSERVATORY
AD57EC7C-1819-456E-9EE4-F0018EA84D16,": Nutritional programming in replacement dairy heifers: Future-proofing herd performance, health and behaviour",Active,,QUEEN'S UNIVERSITY BELFAST
AD7FC94D-A2C5-491E-94E8-F0B566EAB360,H2GLASS : advancing Hydrogen (H2) technologies and smart production systems TO decarbonise the GLass and Aluminium SectorS,Active,,PILKINGTON TECHNOLOGY MANAGEMENT LIMITED
ADCF9E46-E80B-4387-93C0-EF4E836B364D,Revealing the hidden early lives of super-massive black holes,Active,,UNIVERSITY OF EDINBURGH
92E31C29-EB6B-46AD-A2BF-EFDFC6DF00D8,Health Data Science CDT,Active,,Unknown
93046000-E615-48FC-AECD-EF2992BAAFC8,C-band quantum-dot lasers on monolithically grown Si platform,Active,,UNIVERSITY COLLEGE LONDON
949D96B8-7BD9-424E-996D-F019DFE018AA,Exploring understudied aspects of antimicrobial resistance evolution to improve environmental pollution policy,Active,,UNIVERSITY OF EXETER
3C5B0158-F589-4D9F-BD23-EF28A33015EE,Barriers to recognition of mental health problems and access to support in neurodivergent young people,Active,,QUEEN MARY UNIVERSITY OF LONDON
3CAEB32D-6786-480E-9E75-EF030BD7C15A,Quantifying the role of deep-sea animal forests in the blue carbon,Active,,UNIVERSITY OF PLYMOUTH
3E46D0AA-16B6-4CE8-B155-F0726C8015DA,AWAKE UK phase II,Active,,UNIVERSITY OF LIVERPOOL
B438013E-39DF-48B0-AE7E-EF1F293E5BF5,Bioactive fragments of the extracellular matrix orchestrate lung epithelial cell repair.,Active,,IMPERIAL COLLEGE LONDON
B4E8AFFD-92F6-4066-930E-F0A391DE06E2,METAHEAD - Pioneering Multi-Site 7T Metabolic Imaging of the Human Brain,Active,,UNIVERSITY COLLEGE LONDON
B5158698-F7DE-4744-A996-F0A951F8BB55,Characterisation of virtual memory T cells,Active,,Unknown
95C1766A-E8D3-4F7B-B0F0-EF406E8CA460,Centre for Corpus Approaches to Social Science,Active,,LANCASTER UNIVERSITY
980F15EC-33BC-4E8D-A7A7-EFA48E222176,Cross talk between DNA replication and LPS biosynthesis during cell growth,Active,,UNIVERSITY OF BIRMINGHAM
7ED21A78-AD9E-4D02-9642-EFE5ED6FBE50,Teesside University and Saturn Turbo Services Limited KTP 24_25 R3,Active,,TEESSIDE UNIVERSITY
7F0D9BAF-87F4-47A2-9B8C-F0510C128C29,STFC Southampton Physics 2023 DTP,Active,,UNIVERSITY OF SOUTHAMPTON
7F2DE172-0EBB-4C29-BAB5-F0827E1B28CF,Using Synthetic Ecology and Biochar to Enhance Oil Bioremediation,Active,,UNIVERSITY OF EDINBURGH
7FAE3129-8134-4A6E-B699-EFA5E8A1E0E8,TRIDENT,Active,,NATIONAL OCEANOGRAPHY CENTRE
80390FB9-A729-42FD-97C9-EFA66A93D5B2,Theoretical Physics - Optical topological solitons,Active,,UNIVERSITY OF BIRMINGHAM
2634D264-70B2-404F-BFBB-F047B9B28314,Development and validation of spiking architectures for enhanced event-based computing,Active,,HERIOT-WATT UNIVERSITY
268E924F-019C-4B39-B377-F01E1DF4883F,SiQEC - Silicon Quantum Error Correction,Active,,QUANTUM MOTION TECHNOLOGIES LIMITED
2776818E-17B1-45D1-B59C-F0A14115842D,A Hybrid Learning-Based Digital Twin Framework for Real-Time Prediction and Prevention of Part Non-Conformance in Sustainable Manufacturing,Active,,UNIVERSITY OF SHEFFIELD
A05EEBDD-1BD7-4445-961F-EF808E245064,Fast Freezing for Metastable Materials (F2M2),Active,,UNIVERSITY OF EDINBURGH
A2EA7C1B-A10D-4833-AC9D-F033C9D4BEE2,Manchester Metropolitan University and SmOp CT Limited KTP 22_23 R4,Active,,MANCHESTER METROPOLITAN UNIVERSITY
A3EBA2AE-5B34-45E0-B52E-EFE3EAE0E8CF,"Transforming child mental health: co-designing, building and evaluating a digitally enabled, personalised, prevention pathway",Active,,UNIVERSITY OF CAMBRIDGE
8763337F-798D-4F28-95BD-EF953E734AEA,Reliable and Robust Quantum Computing,Active,,UNIVERSITY OF BRISTOL
87845C0C-3086-4F9E-9FA0-F0BF4D59CABF,Biodegradable Micro and Nanoplastics as Emerging Environmental Pollutants,Active,,QUEEN'S UNIVERSITY BELFAST
88FAC6F8-84F7-4DF7-BECC-F0269002BCD1,Understanding suppression of transcytosis in formation of the blood-brain barrier (BBB) and how Calcrl/Ramp2 signalling limits BBB permeability,Active,,UNIVERSITY OF NOTTINGHAM
89B6ADD7-9DB2-4BE6-8B84-F098B454E961,&quot;Can you use it in a sentence?&quot;: Establishing how word-production difficulties shape text formation,Active,,NOTTINGHAM TRENT UNIVERSITY
A979DDFB-5016-4F31-B80A-EBA94F2F66F4,WET HORIZONS - upgrading knowledge and solutions to fast-track wetland restoration across Europe,Active,,THE JAMES HUTTON INSTITUTE
AB23AE60-BB5E-4472-821D-EC4C7D810FD6,Phage-problem organism dynamics in biological wastewater treatment,Active,,NEWCASTLE UNIVERSITY
ABCF69A2-9562-46BE-A86E-ECA53AECF7F5,STFC Heriot Watt EaPS 2023 DTP,Active,,HERIOT-WATT UNIVERSITY
0C9695AD-1AC8-40DA-A43C-ECEB21AFD2EF,Implementation of new 3D printed &amp; advanced materials sensors for the bio analysis of dysphagia patients,Active,,UNIVERSITY OF MANCHESTER
0DA53AFD-DD07-4504-904C-ECE0494256FF,Virus cross-species transmission. Defining the immunological barriers to viral emergence,Active,,UNIVERSITY OF GLASGOW
0E11663D-1F71-488D-AA05-EDBE7254762E,Joining tungsten for nuclear fusion applications,Active,,UNIVERSITY OF MANCHESTER
E952A9C9-CF13-45C1-9EE4-EC71E602054B,"Topological Matter 2.0: Interacting, Nonlinear, and Dynamical",Active,,IMPERIAL COLLEGE LONDON
E955F102-1DE8-4569-A3F3-EBCAC7EA91AB,Mechanistic investigations of transcriptional regulation by bZIP transcription factors,Active,,Unknown
E98AF18F-D48A-4241-AF2A-ECA362BD8FB1,Harnessing Large Foundation Models for Gene Regulatory Network Analysis in Plant Cells,Active,,UNIVERSITY OF DUNDEE
156D96AC-3BB1-4020-9E72-EDBD5528C944,Does antimicrobial resistance in river water pose a risk to human health?,Active,,UNIVERSITY OF EXETER
F39D4B60-16DD-41A0-97D8-EBA7E6541CA6,On-Sensor Computer Vision,Active,,UNIVERSITY OF BRISTOL
F7EEAD59-88BC-452D-A7A5-EC09D30CEB6F,Predicting future cultural and natural heritage scenarios on common land.,Active,,UNIVERSITY OF EXETER
F850D3A4-0EDD-4223-AE1C-EB6E12CF310B,The Physics of Machine Learning on Oscillator Ising Machines,Active,,UNIVERSITY OF CAMBRIDGE
98B23724-9865-4AF1-9575-EB67FDD79055,INVENTYA LIMITED,Active,,INVENTYA LIMITED
D679D6A1-6D50-40C8-BD69-EAD2CD9E3136,QLNC Benchmarking and Validation: Towards Scalable Quantum Hardware,Active,,ENTANGLED QUANTUM LTD
D6812F75-1A2C-41E0-9944-EB0E8AE7CF5D,A numerical approach to simulations of hypersonic intake,Active,,LOUGHBOROUGH UNIVERSITY
D74C1B28-075D-4EEE-B9FA-EBFD7660B2D3,"SurgeonQ: Lattice-surgery platform for real-time, scalable error correction on superconducting qubits",Active,,RIVERLANE LTD
003559CD-8E34-458C-82DC-EE1CDF53DAA5,Recycling Locally Produced Bio-Wastes to Ensure Affordability and Availability of Innovative Bio-Based Fertilisers,Active,,INEUVO LIMITED
0168A7A9-3B96-4E0B-BDE4-EDEC9B56A9EF,ICF: Indoor HABItability during the Transition to Net Zero Housing Hub: INHABIT,Active,,UNIVERSITY OF BIRMINGHAM
017D2A2F-A57B-4E40-B450-ED20298F3095,The University of Huddersfield and Trust Electric Heating Limited KTP 24_25 R2,Active,,THE UNIVERSITY OF HUDDERSFIELD
01DDF580-8439-4D45-AD11-EE056BE6C0F7,Can the integration of Spatio-temporal continuity lead to more reliable and bio-plausible Capsule-based Networks when trained in an unsupervised way?,Active,,UNIVERSITY OF SHEFFIELD
023402BA-7DEF-488F-AC31-ED30BCBC8957,Synthesis and reactivity of heterobimetallic complexes of main group and f-block metals towards CO2 activation,Active,,KING'S COLLEGE LONDON
A102497C-7A76-488E-9E4C-EB919FD9C754,Food and Microbiome and Health (Earlham Institute),Active,,EARLHAM INSTITUTE
A17964F2-2ABB-4A83-B0DF-EAD3DE62765A,Lifestyles and geodemographic behaviours in inter-generational context,Active,,UNIVERSITY COLLEGE LONDON
A1AA931B-89F2-4F8C-9C16-EC807B8EA315,Somebody's watching me? Examining the effects of surveillance on deceptive behaviour inside the lab and beyond,Active,,UNIVERSITY OF NOTTINGHAM
A239875C-1B43-4B6C-8CD9-EBDE6697DC37,Advanced diagnostics for AWAKE Run 2 Electron Beams,Active,,UNIVERSITY OF MANCHESTER
A3769BF4-497E-4DD4-B9A1-EB2B48702459,Pro2 Network+: From Prototyping to Production of Digital Devices,Active,,UNIVERSITY OF BRISTOL
DF61F3E8-C2AD-4EC6-80EA-EB477A783295,Precision tests on the quantum nature of gravity,Active,,UNIVERSITY COLLEGE LONDON
8371597E-1EAC-46EC-99A8-EC8971E5E073,Decoding Educational Inequality: Exploring Individualized Explanations and Boosting Appeal for Structural Solutions,Active,,UNIVERSITY OF SUSSEX
ED33F406-9D7E-440E-8BD0-EBC6B62AC329,Being Blue: An Examination of the Lived Experience of Minority Ethnic Police Officers,Active,,UNIVERSITY OF LEICESTER
ED75E0E5-98EB-4BCD-A36F-EBB71C632574,Evaluation of novel therapeutic strategies to enhance islet cell viability for Islet Cell Transplantation,Active,,UNIVERSITY OF EDINBURGH
C2F1DF75-DDC2-4344-A8D5-EACDE9013E86,High Throughput Modelling of Molecular Crystals Out of Equilibrium (ht-MATTER),Active,,UNIVERSITY COLLEGE LONDON
C3074ABC-A6CA-4E9D-A8D3-EB239148E430,BACTERIA-ON-A-CHIP: Microfluidic chemostats to decipher the responsiveness of bacterial communities,Active,,IMPERIAL COLLEGE LONDON
C3E98458-2A8B-4551-8C6D-EC38CB050469,AN Underground Belayed In-Shaft experiment to search for long-lived particles using LHC service shafts at CERN,Active,,UNIVERSITY OF CAMBRIDGE
C4A97EC2-AB56-44A3-ACE4-EB8D0494BE49,Understanding seasonal change in vector-borne disease risk for livestock and humans within arid habitats of Northern Kenya,Active,,UNIVERSITY COLLEGE LONDON
C4D70D06-8162-48F3-8F8D-ECA3EFF2E2FA,SPARK: Studying Parliaments and the Role of Knowledge,Active,,UNIVERSITY OF EDINBURGH
8EA3875B-4D48-47B6-81F2-EB86C98B98D9,Conflict and Tourism: Exploring Political Tours and National Identity in Palestine and Ukraine,Active,,UNIVERSITY OF CAMBRIDGE
CACFC55D-2C5D-4373-9F82-EBA595A40CED,Effects of electromagnetism associated with offshore windfarms on North Sea fish,Active,,UNIVERSITY OF SOUTHAMPTON
CB0EBC28-6E4E-4CDC-851E-EC3709AB89DE,Research in High Energy Physics,Active,,IMPERIAL COLLEGE LONDON
CB7F374D-32D5-419E-AC51-EC061E34FA01,MyoTreat: Myopia - from genes and environment to cellular responses and treatment,Active,,CARDIFF UNIVERSITY
D97E0391-213F-4822-8592-EB0DC65BE991,Health monitoring of fistulas for dialysis patients using ultrasound scans 1=Biomaterials and tissue engineering 2=Healthcare technologies,Active,,UNIVERSITY OF WARWICK
DAEB3A80-AD14-4F7A-B3D0-EBB772B83509,Understanding the increasing prevalence of Shigella sonnei,Active,,IMPERIAL COLLEGE LONDON
AC7C5AF8-9D22-4ADD-9D45-EAD1A55B7918,Australia Partnering Award: International pooling for advanced cereal science - IPAC,Active,,UNIVERSITY OF DUNDEE
AD291301-23B0-46E6-BC93-EC72AEAE35D3,Modelling of flow and heat transfer in gas turbine engine compressor cavities.,Active,,UNIVERSITY OF BATH
AD3A2B70-5132-4A78-9D61-EC24434090CC,"Reading Romanticism in the Margins: An Analysis of Marginalia and Borrowing Records in Scottish Universities, 1788-1833",Active,,UNIVERSITY OF GLASGOW
AE01A50F-F4EB-4090-BCCD-EB3D91A6CAC1,Socio-technical Evaluations of Harms in Multimodal Human-Agent Interactions,Active,,Unknown
76F29208-72E1-4C7B-B006-EC20E8B69372,STFC Glasgow PaA 2023 DTP,Active,,UNIVERSITY OF GLASGOW
784A40A4-8705-42B2-B56A-EB091948B6A2,Investigating And Targeting Microglial Senescence In Alzheimer's Disease,Active,,UNIVERSITY OF SOUTHAMPTON
78E280F9-2591-4801-A6D8-EC3DC9678360,Mediating molecular mechanisms between Air pollution and Cognitive decline in midlife in the AirWave occupational cohort (MACAW),Active,,IMPERIAL COLLEGE LONDON
E4EF5381-BB94-488D-899B-EADD47A46034,Interactions between biodiversity conservation and poverty alleviation,Active,,UNIVERSITY OF SOUTHAMPTON
E5C787B2-B080-40E8-8E9A-EB411EBE1A9B,Design and development of electric hire boats,Active,,TAKE A TURN YACHTING LIMITED
E6012981-8A2D-4486-8D1C-EB3F2B29A527,New Opportunities in Enantioselective Catalysis Using Lewis Acidic Boranes,Active,,CARDIFF UNIVERSITY
E627A8F6-ACF3-4B22-B720-EABB7CE83C4C,"emPOWER: in-body artificial muscles for physical augmentation, function restoration, patient empowerment and future healthcare",Active,,UNIVERSITY OF BRISTOL
B79BB316-6121-438A-9D9A-EB57EF955803,Effects of secondary structure on the expression and stability of RNA Therapeutics,Active,,UNIVERSITY OF KENT
B875A0F0-9188-4EA2-8E9C-EB5106FC5C1C,Utilising cellular antioxidant adaptations to develop colorectal cancer theranostics,Active,,UNIVERSITY OF YORK
BA3CD82C-F955-4234-BC93-EAD7CA4EB302,"The singing machine: science, music and speech in the long 19th century",Active,,UNIVERSITY COLLEGE LONDON
81EB6A3C-95B3-4930-89FA-EB9DEEAC14C4,The stability of multi-agent systems consisting of Autonomous Large AI Models (AutoLAMAs),Active,,UNIVERSITY OF WARWICK
81F7E2AF-3193-405E-976C-EAC5D399CCCB,"Identifying, characterising and engineering plant cell wall degrading enzymes for biofuel production",Active,,UNIVERSITY OF ST ANDREWS
836FCE84-6DE5-4FAC-A24B-EB3080452DC8,"An integrated model of adolescent alcohol consumption: Examining affect, motivation, and cognition",Active,,ASTON UNIVERSITY
9B267780-597B-4E79-B1A4-EC8FE55E98BB,Innate-immune drivers of cell fate during genotoxic stress,Active,,INSTITUTE OF CANCER RESEARCH
5DABE133-224E-4B84-9919-EBB7B3139430,Lighting up zooplankton - mapping marine light using robotics,Active,,UNIVERSITY OF THE HIGHLANDS AND ISLANDS
5EED3147-3B98-4C50-ADFC-EAAD9AE81E29,How are astrocytes made? Transcriptional regulation of astrocyte specification across development and adulthood.,Active,,CARDIFF UNIVERSITY
60CC1114-FFEC-41D9-A683-EBB262AA2C58,Antivirus Pandemic Preparedness EuropeAn pLatform (Appeal),Active,,IMPERIAL COLLEGE LONDON
CC876731-C2E3-439D-90D2-EC81258577AE,Manufacturing of COMmutable calibrators and quality control materials for standardisation and post-markET surveillance of IVD tests,Active,,THE SECRETARY OF STATE FOR HEALTH AND SOCIAL CARE ACTING THROUGH THE MEDICINES AND HEALTHCARE PRODUCTS REGULATORY AGENCY (MHRA)
CCC493BA-C844-4310-81F6-EBF423F2FE6A,Urban Life in a Time of Crisis: Enduring Urban Lifeways in Later Medieval England (ENDURE),Active,,UNIVERSITY OF LEICESTER
CE316A61-58CE-436F-9ADE-EC82170F3447,Environmental Health and Infectious Disease: How Chemical Cocktails Help Drive Emerging Zoonoses in Mammals,Active,,QUEEN'S UNIVERSITY BELFAST
CE4C47EA-A9E2-4960-9568-EC31043B86E0,"Representations and subjective experiences of working-class women's unpaid labour, feminist resistance, and post-work imaginaries",Active,,BRUNEL UNIVERSITY LONDON
A3F69EC9-7BE9-4944-B990-EC2DC94A42C8,Arctic peatland response to climate change: carbon bomb or self-repair?,Active,,QUEEN'S UNIVERSITY BELFAST
A4401E32-3299-4802-BA23-EC286E0300DE,What are the implications of health inequalities such as parental education and household income in BAME 11-16 year old's mental health in Wales,Active,,SWANSEA UNIVERSITY
A556A729-C533-4EA7-8E03-EB19A57FC914,FLASH,Active,,ATS APPLIED TECH SYSTEMS LTD.
A5C9D5A0-D0B5-4CE3-BF91-EAFA637B0846,Human-Computer Counter-Choreographies: new embodied methods and tools for development of web-based user-interfaces to improve well-being and equitable,Active,,UNIVERSITY OF THE ARTS LONDON
6A0C4468-127A-4CE7-AA3D-EB396BF5D38A,Improving the design of vector control trials,Active,,UNIVERSITY OF GLASGOW
6A5372A3-C3E2-420A-97ED-EBC8CC9F81F9,Identification and targeting of early T cell dysfunction in pulmonary preinvasive neoplasia,Active,,UNIVERSITY COLLEGE LONDON
D93B70BA-C073-41B6-B04B-EC7EF06AD01D,EBRAINS 2.0: A Research Infrastructure to Advance Neuroscience and Brain Health,Active,,UNIVERSITY COLLEGE LONDON
D9445C93-BA4C-4115-82BD-EB8C25B988DC,"Amplifying the mental health of Black university students: A Black, Mad and Disability Studies Intersectional Inquiry",Active,,DURHAM UNIVERSITY
49897020-F947-48CF-A9EF-EC076105FEB0,Sequence-Defined Pi-Conjugated Materials for Organic Electronics,Active,,QUEEN MARY UNIVERSITY OF LONDON
4BA6C52E-5ABA-43A7-B07D-EADAFFEBC7F1,Understanding the impact of pleasant odours on the emotional processing networks in the brain,Active,,UNIVERSITY OF LIVERPOOL
BA656AF8-3659-4061-BF98-ECAB233CC232,Quantifying the synergies and tradeoffs of nature based solutions between flood management and biodiversity restoration,Active,,HERIOT-WATT UNIVERSITY
BC163207-6266-4A35-BF5F-EC888408659B,Welsh Election Study 2021,Active,,CARDIFF UNIVERSITY
BD03C8A9-A528-4148-A7A7-EAE05F65F0A7,Future enabLing technologies for hYdrogen-powered Electrified aero engine for Clean aviatiOn,Active,,CRANFIELD UNIVERSITY
BE1F6B0E-46E1-494C-A88A-EBC6EFCC6500,Developing melamine-free polyurethane foams,Active,,ALFRECELL LIMITED
9015781C-46F2-4104-8A2D-EB5E020FCCE4,Making cells into factories: Designing new metalloenzyme radical catalysts for in vivo synthesis monitored by whole cell EPR spectroscopy,Active,,UNIVERSITY OF MANCHESTER
903A2B5B-921A-48A9-82E0-EC083309605B,"Early education, education, education: childcare in the policy and imagination of New Labour’s England, 1994-2003",Active,,SWANSEA UNIVERSITY
92D04D81-C41A-4208-A18F-EC270E3A8DE6,Research proposal title: Intelligent Identification of Recurrent ABC Thought Patterns from Narrative Diaries*,Active,,KING'S COLLEGE LONDON
52A48F0A-FBDB-4103-A342-EB81FFDA5F22,"The Lived Experiences of Working-Class Chinese and Anglo-Chinese in London, Liverpool and Manchester, 1906-1946",Active,,UNIVERSITY OF SHEFFIELD
53B29ADC-B193-45BF-A84A-EC0F0248DEB4,Cosmic spherules in the geological record,Active,,IMPERIAL COLLEGE LONDON
53E0F323-1A8A-4FE9-B7AC-EAD059CFCB75,The fibre revolution in Bronze Age northern Italy: investigating textile economies in transition from plant fibres to wool,Active,,UNIVERSITY OF GLASGOW
53F6C400-4353-4DAB-A5CC-EBAF1F8F2BEC,Supramolecular Chemistry of Energetic Materials,Active,,HERIOT-WATT UNIVERSITY
C6E1EB0B-9781-4390-9952-EB2AD0FD229F,Enhancing damage tolerance in carbon/epoxy composites via short-fiber reinforcement,Active,,UNIVERSITY OF BRISTOL
C720B8E1-43BE-49FE-92C5-EB549C3642BC,Psych-STRATA - A Stratified Treatment Algorithm in Psychiatry: A program on stratified pharmacogenomics in severe mental illness,Active,,CARDIFF UNIVERSITY
C7C4CD9E-5A65-42E4-B1FC-EBDDC5195E4E,UCL Experimental Particle Physics Consolidated Grant (2022-2025),Active,,UNIVERSITY COLLEGE LONDON
9A84F50C-AE6C-4353-B6DD-EBB0A1003D5F,MRC IAA 2021 University of Liverpool,Active,,UNIVERSITY OF LIVERPOOL
7A8CC065-962D-4153-B154-EB37A89150F8,Targeting subcellular proteins and processes with designed peptides,Active,,UNIVERSITY OF BRISTOL
7B9139C0-8386-49A5-A777-EB72786C7CB0,Model-based techniques for precision cognitive assessment,Active,,KING'S COLLEGE LONDON
A6C54682-3A4F-4CE5-AACF-EBBC6D510A46,"An innovative whey protein powder that includes lactoferrin and NAD+, promoting fitness and longevity, while its production reduces carbon emissions",Active,,GOFITT LTD
A81C1D22-2078-4616-A540-EC130CA794D7,Frontline: Impacts of FLOW on Celtic Sea ocean fronts and biodiversity,Active,,HERIOT-WATT UNIVERSITY
A87C991C-5348-48E8-B2CE-EBF8BF6FAB0F,How is social media facilitating xenophobia in sub-Saharan Africa?,Active,,UNIVERSITY OF BIRMINGHAM
A898184F-3CAC-4C6E-8322-EC2DEAEEE24C,Advanced course on non-destructive sediment core scanning and digitisation techniques,Active,,NATIONAL OCEANOGRAPHY CENTRE
3E59A391-381D-4B0F-A38B-EB2DCE54163B,"On-Target, Off-Risk: Revolutionising CRISPR with Real-Time Nanopore Sequencing Technology",Active,,NATURAL HISTORY MUSEUM
3F1C23AA-CC59-47DF-9451-EADFF31CE83E,Industrial CASE Account - University of Bristol 2023,Active,,UNIVERSITY OF BRISTOL
3F6B2B28-0284-46E7-AF11-EC6B2B537689,OpenSwarm: Orchestration and Programming ENergy-aware and collaborative Swarms With AI-powered Reliable Methods,Active,,UNIVERSITY OF SHEFFIELD
3FC9750B-5B8F-469B-A436-EBCF76FF7590,A framework for modelling groundwater flow in deep heterolithic sedimentary sequences,Active,,IMPERIAL COLLEGE LONDON
3FF208B3-493A-43E5-BB78-EC9AC475C4EA,PopART Simulation to Model the Transmission of HIV in Zambia and South Africa,Active,,Unknown
AEC726EF-CBE9-47C1-B1D9-EBE7153090E9,DERISK: Systemic Risk and the Transformation of Democracy,Active,,KING'S COLLEGE LONDON
AEE0BADC-2787-4C40-A9A7-EBC4D1B204BB,Chiari II higher brain malformations in spina bifida: determining their origin and evaluating a preventive strategy,Active,,UNIVERSITY COLLEGE LONDON
AF924746-F209-4890-AA82-EB729275867C,"INTELLI-INGEST: Intelligent Ingestible Devices For Gastrointestinal Therapeutics, Diagnosis Or Intervention",Active,,UNIVERSITY OF BIRMINGHAM
AFA8E8E6-E43D-49E7-9273-EB65C2F677A7,Empowering rural communities to act for change,Active,,THE JAMES HUTTON INSTITUTE
B09F4AD4-7B34-402B-893C-EC97B79D122D,Developing novel biodegradable biopolymers with superior barrier properties for use within the drinks industry,Active,,UNIVERSITY OF BATH
B1448FA1-4DEA-4A00-B058-EB681EC7E0A7,Efficacy of camel vaccination and behavioural intervention for MERS-CoV prevention in high-risk camel-owning households: a randomised controlled trial,Active,,ROYAL VETERINARY COLLEGE
B17954C5-990A-4CFB-AF1E-EC04F44804D5,Targeting Diacylglycerol Kinase Activity in RAS Mutant Lung Adenocarcinoma,Active,,THE FRANCIS CRICK INSTITUTE
B18B72FF-419B-407C-AFA9-EBDFE5BEB622,University of Essex and Ticker Limited KTP 23_24 R1 (2),Active,,THE UNIVERSITY OF ESSEX
84DFA7E4-6C64-4000-B1A6-EAE6FECDB6EF,Opening new windows into viruses inside the cell by electron cryo-tomography (cryo-ET),Active,,UNIVERSITY OF GLASGOW
886372C1-EDA0-4C57-9E69-EB561B482E21,"Bigger, better hedgerows - assessing hedge structure and landscape context for pollinating insects",Active,,UNIVERSITY OF READING
480E1E8F-5BBA-4834-8B07-EC0418C625F4,A geometric framework approach to understand multi-metal toxicity on individual organisms to evaluate relative risks and benefits of pollution and mit,Active,,UNIVERSITY OF SHEFFIELD
48704877-37CE-40CF-8E18-EB83898AA506,Assessing Magnox Corrosion in high pH liquid water and air,Active,,LANCASTER UNIVERSITY
4875079B-2D9C-42C8-865D-EAD417EC3AB9,RAL Studentship at UCL 2024,Active,,UNIVERSITY COLLEGE LONDON
25BF1E77-EEA4-4400-92B9-EB06324ACCF1,Integration and Digital Demonstration of Low-emission Aircraft Technologies and Airport Operations,Active,,UNIVERSITY OF BRISTOL
2686F4AF-AFF3-4150-B2B8-EC98C43D4157,Higher Lie algebroids and T-/U-duality,Active,,HERIOT-WATT UNIVERSITY
26877798-9CD7-4831-83DE-EC9C85BEFD4E,Smart control of crop diseases: how can we best combine fungicides and plant resistance genes?,Active,,UNIVERSITY OF READING
26CBBACA-BCB6-45FE-B236-EC1D839AA5FB,"Contextualising Muslim women's assertiveness: cross-cultural perspectives on faith, gender and citizenship in British society",Active,,UNIVERSITY OF WARWICK
9CACB9B1-3F92-4DC9-A905-EAB7861AAC2D,Cambodia: Legacies of Experience,Active,,UNIVERSITY OF SHEFFIELD
9E13357B-1886-4C68-9042-EC86D3750053,Enabling on-demand biologics manufacturing with ALiCE,Active,,UNIVERSITY COLLEGE LONDON
9E147105-D611-4919-A6EC-EC0B88B83052,"Sustainable Welfare: Rethinking the roles of Family, Market and State",Active,,UNIVERSITY OF ESSEX
9F175BD5-5E11-4468-93B5-EBD63A59FD8D,Sheffield - Manchester Collective - The 'crisis' in classical music: exploring alternatives in audience development (CDA),Active,,UNIVERSITY OF SHEFFIELD
6E14E3DE-BFFC-4A38-AC9C-EC80143F8C3A,Development of an Intervention to Support the Wellbeing of Adolescents in Football Academies via Engagement in Protective Leisure Practices,Active,,CARDIFF METROPOLITAN UNIVERSITY
6E8CC109-5A89-4814-9D45-EBD0698F56E3,Linking Predator-Prey Dynamics: Spatiotemporal Trends in Marine Predation Around Shetland,Active,,UNIVERSITY OF ST ANDREWS
6FEB6F53-E3A7-4A8C-A059-EBB0E2C8B234,Deweaponising the camera:,Active,,NEWCASTLE UNIVERSITY
6FF1D5AD-95C9-4974-B142-EB7B8E189848,Firms' location decision and spatial inequality,Active,,QUEEN MARY UNIVERSITY OF LONDON
704CDA99-8B5B-47F5-BED3-EB5B88C79793,AI &amp; Digital UK Parliament Thematic Research Lead,Active,,LOUGHBOROUGH UNIVERSITY
7163344B-97B9-4AB4-8DD2-EBC19067E8D0,WET HORIZONS - upgrading knowledge and solutions to fast-track wetland restoration across Europe,Active,,SRUC
342E9060-6A80-412C-8AAB-EB71E7DB4426,TRANS-SAFE,Active,,WALK21 FOUNDATION
35C627ED-CB85-4466-A26B-EC96B83932D7,UK Knowledge Exchange Hub for mathematical Sciences,Active,,UNIVERSITY OF CAMBRIDGE
35C78B7C-9A2D-4D7B-B9A4-EC62F1E54F0E,Towards a decolonized future examining the meaning of solidarity alliance in settler states,Active,,BRUNEL UNIVERSITY LONDON
36971AAE-9F26-45A1-9362-EC2F440EF7C2,Working memory and its relation to key outcomes in the real world,Active,,LANCASTER UNIVERSITY
7937274D-5F45-490B-B708-EBFA371742C4,How can art institutions expand support for non-normative writing practice,Active,,UNIVERSITY OF DUNDEE
10547AF8-E526-4DA6-A83B-EB074E6426B1,Vitamin C regulation of human placental trophoblast stem cell function,Active,,UNIVERSITY OF CAMBRIDGE
8907EC17-CA08-4675-95B5-EC936F6ACF86,Real-world evidence for decisions in diabetes,Active,,THE UNIVERSITY OF MANCHESTER
89490A4D-94EE-4FB4-ADB0-EBB3B5BC319D,Optimisation of multi-rotor wind turbines combined with advanced design techniques to enable lower environmental impacts and reduced cost of energy.,Active,,UNIVERSITY OF BRISTOL
8A1F0AB7-235F-489F-848E-EBD40757F69B,"Avigen, Accelerating Immunotherapy Development",Active,,AVIGEN
8A7CC324-3752-47B6-8338-EC469A7E6E7E,Heritage Bilingualism in the UK: the case of mood selection in Spanish varieties of Latin America,Active,,KING'S COLLEGE LONDON
8AC94AB9-5B80-4368-9EED-EBB120425882,Discovering the molecular mechanisms of cell-to-cell fusion following viral infection,Active,,UNIVERSITY OF CAMBRIDGE
8ADFCF1A-112A-4C65-9885-EC1D0EC58410,BBSRC IAA Imperial College London,Active,,IMPERIAL COLLEGE LONDON
8B48195A-93CA-48B5-BD67-EC2A53156B64,Defining pro-tumourigenic neutrophil phenotypes and tumour-neutrophil interactions to identify targets for therapy in metastatic colorectal cancer,Active,,UNIVERSITY OF GLASGOW
551C9623-EDBF-4DCD-8EEE-EB79D8B77E5F,The Influence of Status on the Formation of Cultural Memories in Rome's Fora,Active,,UNIVERSITY OF WARWICK
55423FAD-9671-4FA1-90B5-EBE3A8EAD8E0,The Cultural Emergence And Social Construction Of Self-Harm In The 1990's,Active,,THE OPEN UNIVERSITY
55C5987A-F5C3-4039-A1CF-EAAF1A475B47,The University of Leicester and SFXRay Limited KTP 24_25 R5,Active,,THE UNIVERSITY OF LEICESTER
572AD7BE-3AB9-41AC-82C5-EC9A757A03CB,IEat: Integrating eating behaviour and food choice behaviour into sustainable habits for healthy children,Active,,UNIVERSITY OF READING
57F2DC98-6B8C-4140-9B56-EAF92F08995B,HARMONY: Holistic Approach to enhance the Recyclability of rare-earth permanent Magnets Obtained from aNY waste stream,Active,,UNIVERSITY OF BIRMINGHAM
58E724BD-28EC-47D0-96CA-EADA4057EC4E,"UK Lens-Based Media in the 1980s and 1990s: Disability, Sexuality and the Politics of Representation",Active,,UNIVERSITY OF ST ANDREWS
1B67F879-66F6-4F0A-B457-EAD4BD917396,Combatting Online Extremism: Algorithmic Amplification of Counter-Speech.,Active,,SWANSEA UNIVERSITY
1BF965EC-138F-4A02-B7DD-EC679658F466,Simultaneous Eye-safe Spectroscopy and Fundus Imaging Technology for Point-of-Care Detection of Traumatic Brain Injury,Active,,UNIVERSITY OF BIRMINGHAM
1C7624F4-6872-4732-8DB5-EC6E7FBAB4A7,Multi-level exploration of biological nitrification inhibition in rice for improved sustainability of crop production,Active,,UNIVERSITY OF ABERDEEN
943BBDB9-B0BE-4F1D-9927-EB94135C7654,WHAT CAN NORTH AND SOUTH TEACH ONE ANOTHER? : ACCELERATING THE TRANSFER OF DEMOCRATIC INNOVATIONS,Active,,UNIVERSITY OF SOUTHAMPTON
95359AE5-3A26-48DE-B00A-EB2FE2A6C755,Identifying pathogen exposure via immunological memory in ancient populations using proteins and DNA,Active,,UNIVERSITY OF CAMBRIDGE
96BF6371-7117-4745-9E9E-EB82DCB17104,"Justice 2.0: exploring the experience of justice in the digital age. A comparative analysis of the UK, Brazil and Argentina.",Active,,UNIVERSITY OF CAMBRIDGE
9727D82E-7A49-477D-BEB7-EB07DB06005C,Mealworm Biorefinery,Active,,CHITEXO LIMITED
9769C892-37C7-43E0-ACF7-EAF65C36F2C3,Reshaping Archaeological Metallurgy: a new role for science in Britain's heritage sector,Active,,UNIVERSITY OF READING
978BF7E4-3776-4CC1-8950-EAFC916AAE6D,Yeast on our Skin: Decision Makers between Homeostasis and Cutaneous Allergy,Active,,UNIVERSITY OF EXETER
635331DC-D704-44AC-A0FA-EBD481847B8B,"Flexible IC development, for a wearable medical device - to monitor and treat paralysis in stroke patients.",Active,,MYONERV LTD
63A158C6-560F-4432-B405-EBA50D8A9FAC,The Unideal Victim: Unraveling Cultural Narratives Surrounding Victims of Drug-Facilitated Sexual Assault,Active,,"BIRKBECK, UNIVERSITY OF LONDON"
644CD6C4-26F3-49D3-B517-EC7C626857DC,Measuring impact of allele-biased gene expression on animal physiology,Active,,KING'S COLLEGE LONDON
FAA333C6-4B54-47CC-AB7B-E900DDB9986A,Topics in Lattice-based Cryptography,Active,,ROYAL HOLLOWAY UNIVERSITY OF LONDON
722B2EC8-78F5-4684-8CE0-EB78938DA602,Co-creating a digital platform for the rapid development of sustainable polymer products,Active,,UNIVERSITY OF BIRMINGHAM
72EFF8CF-6625-4005-9362-EB4EE1BDDDFD,"Planning to meet the resilience requirements of a mid-Century, net-zero UK energy system: direct and indirect role of the UK and Irish buildings secto",Active,,UNIVERSITY COLLEGE LONDON
742D0FA7-A410-4772-87E0-EBD4ACFB8C54,Algebraic structures for computational effects,Active,,UNIVERSITY OF BIRMINGHAM
74E6BF7C-36A0-4DA8-85D6-EC762BDC1C1D,University of Derby and We Seal Limited KTP 23_24 R1,Active,,UNIVERSITY OF DERBY
031F505B-630F-4FCB-AE05-EC7469820E15,A combined geochemical and biosorption tool for mine water clean-up and valorisation,Active,,UNIVERSITY OF STRATHCLYDE
0374084B-9E04-4A57-B125-EBF213F0630F,Small Molecule Assisted Protein-Protein Interaction Mapping via Peroxidase Activity (MapPEX),Active,,UNIVERSITY OF DUNDEE
03DC68A4-9FBA-4B57-8517-EBD1276E5B34,Visual discomfort in autistic children,Active,,UNIVERSITY OF BIRMINGHAM
05D44847-F967-427D-9C38-EB33D4B63B69,Exploring the geochemistry of Jupiter's ice moons,Active,,UNIVERSITY COLLEGE LONDON
7D3DE48E-F058-4D8C-8987-EC3EE304BF49,Effective methods in o-minimality and diophantine geometry,Active,,UNIVERSITY OF MANCHESTER
7FA53444-B445-4F30-B506-EC891E40C07E,Transition Support Award: Investigating Human Influences in the Reliability and Validity of Published Systematic Reviews,Active,,UNIVERSITY OF SHEFFIELD
8103E3FF-0056-47E7-B6A9-EC58D764F1CC,Development of a novel platform for targeting animal parasites,Active,,UNIVERSITY OF READING
8131B7A1-1755-4348-8A0F-EAE65BB1D230,Comparative Phylogenetics of the Leaf Economics Spectrum,Active,,UNIVERSITY OF ESSEX
4D6C92F2-6C48-4341-A7F1-EC4B1B355532,Beyond direct-write: Dynamically reconfigurable holographic multibeam interference lithography for high-throughput nanomanufacturing,Active,,UNIVERSITY OF CAMBRIDGE
4DF50C0A-F0C2-4BD7-B684-EC6A873985DB,Designing Peptide hydrogels as vehicles for targeted and localised in-vivo therapeutics delivery,Active,,UNIVERSITY OF MANCHESTER
4E248921-89A3-4791-9191-EC55804EAD24,MAX: Multifunctional AI eXamination system for animal health,Active,,CAMBRIDGE ANIMAL TECHNOLOGIES LTD
4EB345F4-4DBA-473C-BAB7-EBB5711F1DA7,Towards an Atroposelective N-arylation of 2-pyridones by High-Throughput Integrated Methodological Synthetic Chemistry,Active,,UNIVERSITY OF CAMBRIDGE
2D9E8DCC-15DB-4051-8EAF-E70AA91DB8DC,Optimisation of low carbon Biodegradable flexible films from waste feedstocks for high-speed processing into single use flexible packaging,Active,,IMPERIAL COLLEGE LONDON
2E5B4336-0F7C-4D85-A1D7-E78603DCB941,Causality in Healthcare AI Hub,Active,,UNIVERSITY OF EDINBURGH
2F544144-B4DE-4E09-B858-E7B6C4D872B7,Stable perovskite LEDs,Active,,Unknown
2FDD8593-1894-4A69-8C6D-E784B6B43486,Massive MIMO for RFID,Active,,UNIVERSITY OF CAMBRIDGE
2FE181BF-40BD-4344-ACB4-E7CF9A5F4E0E,Generative AI for New Physics with Beauty at LHCb,Active,,UNIVERSITY OF MANCHESTER
3032F91A-7F0F-40A6-B6DE-E881104EE59F,Solvent Evaluation using a Novel System for measuring thermal Energy exchange: Project SENSE – the LiquiSensor.,Active,,PROXISENSE LIMITED
BFDA6D76-DF2E-42A2-BFD6-E856CC88ACA0,Engineering the next generation of biologically active vascular grafts.,Active,,UNIVERSITY OF GLASGOW
C0D3B0BE-FF20-42FB-B105-E6ABECAFDB7D,Prediction of Thermoacoustic Instability in Hydrogen-Rich Combustors,Active,,IMPERIAL COLLEGE LONDON
C20F975E-2B02-4E6E-AC5F-E7FBEF9181CF,Synthetic biology Pipeline for the Investigation of Novel Spidroins (SPINS),Active,,UNIVERSITY OF MANCHESTER
C225A3B4-8AB7-4AF3-8E9A-E8242F918547,Ultrafast manipulation of magnetic order via charge transfer in van der Waals heterostructures,Active,,UNIVERSITY OF EXETER
C226D67A-1218-4A30-B718-E6EE96A7EF05,Sustainable manufacture of biodegradable film packaging from recalcitrant waste streams,Active,,UNIVERSITY OF WARWICK
C26D3712-2C56-490A-ABE0-E696C30EB41D,Listening in Socially-Engaged Art: Artistic Strategies for Equitable Collaboration,Active,,UNIVERSITY OF THE ARTS LONDON
7AEF639D-8D9C-46AC-9015-E6A046774E72,Thermal modelling and innovation in hydrogen energy systems,Active,,UNIVERSITY OF SOUTHAMPTON
7B505B57-6148-4567-B274-E81BC4DF0553,'Why are there so few learned women?': The female Neo-Latin authorial voice in the Venetian Quattrocento,Active,,UNIVERSITY OF WARWICK
7B53D9D3-0493-490F-B0AC-E6AC436F69A7,Integrative assessment of the human brain waste clearing systems and their role in neurodegenerative diseases for transforming health and healthcare.,Active,,UNIVERSITY OF EDINBURGH
7E1CD521-7288-45B0-92CC-E7DA079FA82F,Growing with an 'advantage': Dissecting the links between embryonic cell competition and tumourigenesis,Active,,UNIVERSITY OF SHEFFIELD
A30077D2-049A-4D78-86E9-EA88265D86A5,European Partnership on Radioactive Waste Management - 2,Active,,GALSON SCIENCES LIMITED
A361B403-8A67-465F-A5A0-EA88A147B1C7,Linear Stability of Rotating Black Holes,Active,,UNIVERSITY OF CAMBRIDGE
6737C9B4-4E87-4107-85F6-EA01A5EFF842,Development of a Clinical Quantitative Neuroradiology MR Report for Parkinson’s disease,Active,,UNIVERSITY COLLEGE LONDON
675B34B9-59CF-4094-A90B-E959132519A5,Autonomous Subsea Target Tracking,Active,,EAGLE RAY ROBOTICS LTD
676D27CB-913B-4938-8E95-E9CD0BC7D10B,"Rapid, Multiplexed, Testing for Urinary Tract Infections",Active,,UNIVERSITY OF LEEDS
8C0A9EBB-A43E-4BA2-B2E8-FFC63C912C93,GREEN CDT Solidification Routes for Encapsulation of Radioiodine,Active,,UNIVERSITY OF SHEFFIELD
9220EAA3-8817-4C98-8EE4-FFF08ACAA97F,Green ERA-Hub,Active,,THE BIOTECHNOLOGY AND BIOLOGICAL SCIENCES RESEARCH COUNCIL
957F87FC-20E1-4435-9DAC-FFB952BBBB4D,MRC Transition Support CDA Jamie Walker,Active,,UNIVERSITY OF EXETER
97138F2C-2A36-4B11-826B-FFD3D2752806,Advanced detection and removal of poly- and perfluoroalkyl substances from drinking water and drinking water sources,Active,,IMPERIAL COLLEGE LONDON
B0CB6AF2-2F65-4201-ABDD-FFE814B74D59,A Universal Approach for Solving Real-World Problems Using Quantum Dynamics: Coherent States for Molecular Simulations (COSMOS),Active,,UNIVERSITY COLLEGE LONDON
B66D1E45-CD1C-41E4-804C-FFA2634286BC,The evolution and development of avian skeletal pneumaticity,Active,,UNIVERSITY OF CAMBRIDGE
D3F76CA1-0F53-4326-AE9A-FFEFF1B6AA5A,Detecting and monitoring floods using satellite radarand drone data,Active,,UNIVERSITY OF STIRLING
D6FC4CBF-16FB-4933-90D0-FF7E12FBA621,Exploring Causality in Reinforcement Learning for Robust Decision Making,Active,,KING'S COLLEGE LONDON
D8AFCD5E-ED64-474B-B976-FF9121AC7B72,Cost-efficient sustainable control of lead solubility in Bristol Water drinking water network,Active,,UNIVERSITY OF BATH
DC40F5EC-F866-4CA4-B6E9-FFAD6C16A732,Innate interferons in epithelial defence against respiratory viruses,Active,,NEWCASTLE UNIVERSITY
F5CD124F-BC9E-48BC-A7C2-FFB334E71D4C,Can Confucianism's Relational Picture Of The Self Help Us Understand and Address Populism?,Active,,UNIVERSITY OF SHEFFIELD
FBF6272E-14CB-42AA-9907-FFE3E033B8A9,Access to Physical Activity Programmes and Cancer Support in Young Adults Living with and Beyond Cancer Through the Lens of Cancer Inequalities,Active,,LOUGHBOROUGH UNIVERSITY
FDB868E9-D0AE-41C9-983F-FF747C4263C6,Non-invasive real-time modelling of biophysical and metabolic changes in airways disease,Active,,UNIVERSITY OF MANCHESTER
B44E9C96-2C88-46C2-BBC5-E66AEB55850D,Photonic-phononic integrated circuits for (quantum) microwave to optical signal transduction,Active,,UNIVERSITY OF BRISTOL
B59991BD-3C61-42AE-AF22-E83FFD04FE9C,Aston University and Partners For Endoscopy Limited KTP 23_24 R5,Active,,ASTON UNIVERSITY
B5F3ADF7-E41C-42FD-A014-E81E4C05683B,Bayes in space: adding uncertainty to deep learning in solar physics,Active,,NORTHUMBRIA UNIVERSITY
B64DE6B4-3877-4386-A402-E73215682790,Investigating the metabolic and epigenetic basis of the immediate and persistent state of systemic immuneparesis following traumatic injury,Active,,UNIVERSITY OF BIRMINGHAM
F21EEF4B-2853-4F64-98B3-FF17D25ABD7A,Meatier meat-analogues through elucidating and optimising water entrainment in mycoprotein-based products,Active,,UNIVERSITY OF NOTTINGHAM
F23913D8-74DC-4594-B050-FE1590863133,Flame quenching and Lean blow-off limits of new zero/low-carbon fuels towards delivering a green Aviation; a combined Modelling &amp; Experimental study,Active,,UNIVERSITY OF SHEFFIELD
F430E7EC-66A4-4386-8CB7-FE634EB65540,Understanding stochastic metabolic oscillators in single cells,Active,,UNIVERSITY OF EDINBURGH
FAEDE567-4343-4443-90CE-FE5A787FD3B7,A SIOPEN pragmatic clinical trial to MOnitor NeuroblastomA relapse with LIquid biopsy Sensitive Analysis (MONALISA),Active,,SOLVING KIDS' CANCER UK
FCC41710-41DA-4656-98E6-FD5C7C5D457D,Eavesdropping on the Past: language variation through the preservation and promotion of historical audio recordings,Active,,QUEEN'S UNIVERSITY BELFAST
FDDEC93A-BF83-4C44-BDF2-FE8CD0A9FE95,Fundamentals for Motor Control of Robotic Augmentation,Active,,UNIVERSITY OF CAMBRIDGE
FDF23455-19D2-4964-91D4-FDB7B9B41D90,EPSRC Core Equipment Award 2024 - University of Cambridge,Active,,UNIVERSITY OF CAMBRIDGE
1E778E95-8942-4C16-BE0F-FFFFA00E348C,NEXT GENERATION BATTERY MANAGEMENT SYSTEM BASED ON DATA RICH DIGITAL TWIN,Active,,COVENTRY UNIVERSITY
1E907715-F555-4EB1-9C3A-FFEE473BD7DE,NERC Environmental Data Service 2023-2028,Active,,UNIVERSITY OF LEEDS
1F32B35C-8517-4E4A-8BB4-FFF4649C3D99,TBC,Active,,UNIVERSITY COLLEGE LONDON
2304F5FA-279D-4B4F-9416-FFAE3A220342,Studying early human embryo development using stem cell models (4922),Active,,UNIVERSITY OF EXETER
23974EA7-DB4A-4D7B-882E-FFF016D42C99,"At the interface of injury, age and nutrition: characterising a novel protein regulating neuronal activity, survival and starvation responses.",Active,,UNIVERSITY OF YORK
26E4805A-BBC9-4C0C-8639-FFE1968E125E,"Delirium and Dementia in Hospitalised Older People with Acute Illness: Risk Factors, Mechanisms and Prognosis",Active,,Unknown
4283F28B-F008-4A91-B3D5-FFDB9D271F02,Effects of the spatial distribution of resources on the performance of genetic circuits,Active,,IMPERIAL COLLEGE LONDON
44A6C65C-4A27-4F87-8A23-FF857EB3DCFA,Predicting the Impacts of Global Environmental Change on Ecological Networks,Active,,UNIVERSITY OF ESSEX
4781F884-2C79-4927-AC97-FFAA0287E626,Developing an international consensus statement for Paralympic Games mental health support,Active,,UNIVERSITY OF BIRMINGHAM
696ABCAA-F629-456C-B664-FFEA27F08A14,How the body shapes experience: the role of interoceptive processing for acute and lasting effects of psychedelics,Active,,UNIVERSITY COLLEGE LONDON
6A0F6914-AFB5-442C-8DD0-FF79C4014ABB,"Metascience, research funding and policy priorities",Active,,KING'S COLLEGE LONDON
6F29863D-9E6F-4910-9A15-FFC0A9EEAF4E,Machine-Learning Accelerated Simulation of Suspensions of Elastic Microfilaments,Active,,UNIVERSITY OF WARWICK
712852A2-955B-412B-A25B-FF9E8FDA1A4F,Population Ageing and Women's Health: A Cross-Country Comparative Study of Experiences from Select Asian countries.,Active,,LONDON SCHOOL OF ECONOMICS AND POLITICAL SCIENCE
DCF8C787-15AE-41B4-83A8-FFBE6A4EE3DB,Reducing severe adverse events for women during pregnancy through prediction modelling,Active,,Unknown
DF518AA0-6B2F-4EAD-8A52-FFC93E05BE8E,The University of Kent and Sports Information Services Limited KTP 23_24 R4,Active,,THE UNIVERSITY OF KENT
E268E55E-E279-4FF2-A221-FFCA06758F81,Scalable Production of Precisely Engineered Proteins Using an Expanded Genetic Code,Active,,UNIVERSITY OF MANCHESTER
E35A7C4F-F0C8-4F74-959E-FF7FB30960A7,Automatic quality assessment of waste plastic bales through hybrid sensing and data driven modelling,Active,,UNIVERSITY OF KENT
E40621C9-D078-4A5C-87B6-FFE3ED1FAB0E,Advancing antisolvent membrane crystallisation,Active,,CRANFIELD UNIVERSITY
C65A4610-079E-461B-A6DA-FFB052EC353C,"Markets, urban demand and agriculture in the 16th-century Eastern Mediterranean",Active,,UNIVERSITY OF CAMBRIDGE
CE4835EF-B9D7-46C7-B64D-FFC5661041E3,Glide-symmetric mEtamaterials for iNnovative radIo-frequency commUnication and Sensing,Active,,AIRBUS DEFENCE AND SPACE
D1513E5C-78D0-4344-848E-FFB397268E3D,Parental Job Loss: The Role of Unemployment Insurance,Active,,QUEEN MARY UNIVERSITY OF LONDON
DC3D06B7-4702-4406-BD3F-FF3B0902C086,Effect of Contextual Sound Perception on Metaverse User Experience,Active,,UNIVERSITY OF YORK
DCF48B18-38C9-4A33-BF02-FDFFCF445BC8,Interrogating the therapeutic impact of MYB overdose brought on by AKT inhibitor treatment in blood cancers.,Active,,KING'S COLLEGE LONDON
DD8F4A5C-CBC9-4B37-83B4-FEB5632C40EC,Does the CNOT tie the ends? Investigating the circularity of gene expression.,Active,,UNIVERSITY OF NOTTINGHAM
DF09C409-865E-43B9-AF2D-FE2977FDE612,"China-4E: Eviction, Ethnicity, Environment and Economy",Active,,UNIVERSITY OF NOTTINGHAM
E6D921F5-5919-4F29-8EF2-FFCE411DC4CD,Categorical Methods for Homological Stability,Active,,UNIVERSITY OF SHEFFIELD
E85B75CE-903A-4B16-9D1E-FEF42DB24BA1,Development of a Complex Intervention to Improve Bruise Evidence in Victims of Violence and Across Variations in Skin Tone,Active,,CARDIFF UNIVERSITY
E9E2008A-E06D-48BE-AB1F-FE2D07D3CF35,Investigating the Functions and Regulation of Non-Proline Directed CDK1 Phosphorylation,Active,,UNIVERSITY OF DUNDEE
EAB9099A-DDF0-4266-A82A-FDDF3D97A99C,"The Queer Depiction of Diana in Early Modern Texts: Literary Transmission, Classical Inheritance, and the Queer Network Aesthetic",Active,,UNIVERSITY OF CAMBRIDGE
EAD49009-9100-4A74-9BB8-FE5600562F1D,Earlham Institute and Tozer Seeds Limited KTP 23_24 R5,Active,,EARLHAM INSTITUTE
EAD92DAC-F9FD-4C7F-ACF6-FD824321403E,A functionalised TRAD for the treatment of rotator cuff injuries,Active,,UNIVERSITY OF MANCHESTER
7F79F4CB-FF9C-41EA-A4FB-FF6D930B4A04,Motion confusion in Butterflies,Active,,UNIVERSITY OF EXETER
811FF63B-BD7D-417C-B4EE-FF97060DA8F1,Superselective targeting of cancer and neuronal cells using multivalent lectin-glycan interactions,Active,,UNIVERSITY OF LEEDS
822AA335-74F8-4412-9F14-FF811083010A,Planet Formation in the Inner Regions of Protoplanetary Discs,Active,,IMPERIAL COLLEGE LONDON
841743E4-4B81-4682-B32C-FFE75FED6163,Nanovibrational control of chondrogenic differentiation,Active,,UNIVERSITY OF GLASGOW
85238163-8137-4FC9-819A-FF7CA66F0E73,Enabling breakthrough energy materials with advanced microscopy and modelling,Active,,Unknown
8717F346-F887-479A-84E9-FFA3CB98E6D4,Cutting the Edge - a Plasma Focused Ion Beam (PFIB) facility for supporting UK research in novel 3D materials research and device fabrication,Active,,UNIVERSITY OF BRISTOL
89863ED2-B362-41D0-91BA-FFC82D0D28F3,Investigating leukaemia cellular heterogeneity and stem cell properties by single cell RNAseq technologies,Active,,UNIVERSITY OF MANCHESTER
C8000C77-23E0-447A-995D-FEAE12392951,"Revising epidemiologic transition theory: Accounting for nonlinear, multidirectional transition and dual disease burden in historical epidemiologic tr",Active,,LONDON SCHOOL OF ECONOMICS AND POLITICAL SCIENCE
C91F4EC3-5098-43D8-8896-FF07A09DA01F,Market Sentiment Indicator Analysis - Option Greeks,Active,,UNIVERSITY OF SOUTHAMPTON
C93F371D-9135-48D3-A230-FECA358345B4,Isolation and characterisation of monoclonal antibodies for the treatment or prevention of antibiotic resistant Acinetobacter baumannii infections,Active,,UNIVERSITY COLLEGE LONDON
C9C7F7D8-A557-4318-AE1B-FEB1D7984054,Femtosecond imaging of ultra-relativistic plasma phenomena,Active,,UNIVERSITY OF YORK
CA13A918-B523-45E2-A0AB-FD5F97DA302F,Ageing of plutonium oxide powders: evolution of physical properties,Active,,BANGOR UNIVERSITY
CA57C097-B8D9-4279-BFA1-FF394035BAEB,NA62 experiment,Active,,UNIVERSITY OF BIRMINGHAM
CAD23A42-9262-4254-B46B-FE920D176659,"Securing Multi-domain Intelligence, Surveillance &amp; Reconnaissance With Next-Generation CHERI Systems Isolation &amp; Enforcement",Active,,SCI SEMICONDUCTOR LIMITED
BB713557-55E9-480B-99C9-FFC83FE17039,Altered local cortical interneuron signalling in the sleep-deprived state,Active,,Unknown
BD138BF6-8DA3-4BCB-BAF8-FFCEFDF1DD87,The causes and consequences of heterogeneity in parasite infection and transmission,Active,,UNIVERSITY OF EDINBURGH
A1B74E87-78F2-4F2F-86B5-FF750F18D3F6,Industrial CASE Account-University of Oxford 2022,Active,,Unknown
A61F9C9F-1733-4ED8-A25C-FFA17F0C50BD,Harnessing AI for Enhanced Underwater Biodiversity Monitoring,Active,,UNIVERSITY OF PLYMOUTH
AA61D85D-0567-42E4-80D0-FFDBC931DDD1,Industrial CASE Account - Imperial College London 2023,Active,,IMPERIAL COLLEGE LONDON
D3DBF59F-C01B-4290-AFD6-FF0BF7E19675,Type 2 Diabetes and the ageing brain: paving the way for new therapeutic approaches,Active,,UNIVERSITY COLLEGE LONDON
D5940825-C0BC-4291-BE2E-FF55EB37463E,CONCERTO,Active,,ROLLS-ROYCE PLC
4132910B-8076-4068-89FB-FF7096D2FAE9,SCHEME (Safety Critical Harsh Environment Micro-processing Evolution),Active,,ROLLS-ROYCE PLC
B04E6F07-AA28-4A39-8A35-FF5F2ECCE9FA,SCAnDi: Single-cell and single molecule analysis for DNA identification,Active,,EARLHAM INSTITUTE
7655D469-24F4-4A10-8912-FFBE3E6DDBFC,Taub-Bolt and Taub-NUT solutions and their behaviour under the Ricci flow,Active,,Unknown
7ADB1AA9-1204-4484-876A-FF6D092D7910,&quot;Intelligent&quot; protocell populations with &quot;decision-making&quot; swarming behaviors,Active,,UNIVERSITY OF BRISTOL
7BEA85C1-0302-475D-AB35-FFFF256669DC,AWAKE Run 2 phase 2,Active,,UNIVERSITY OF MANCHESTER
644258A8-0839-4183-ADB2-FFECA169DEA5,Solar Forecasting And Future Sustainable Power Systems,Active,,UNIVERSITY OF NOTTINGHAM
651D7F6A-82B9-406A-ABAB-FFF84C57ECFF,How do Fbxo7 and PI31 control sperm morphogenesis and male fertility?,Active,,UNIVERSITY OF CAMBRIDGE
BD3F5E6C-9FB9-4586-9AE3-FEF531E0AF61,Persistent droughts and water supply system risk in a changing climate,Active,,NEWCASTLE UNIVERSITY
98F16E4D-2DB7-4FB9-AF1A-FF921590D243,Spectral embedding methods and subsequent inference tasks on dynamic multiplex graphs,Active,,IMPERIAL COLLEGE LONDON
990ABA2F-C5C3-48B2-980D-FFC0DE079FF4,Cellular Homeostasis ANd AGing in Connective TissuE Disorders,Active,,UNIVERSITY OF GLASGOW
9BF19CA8-18AB-401B-85F6-FFBC0CBB5007,Astronomy at The Open University 2023-2026 (Consolidated Grant),Active,,THE OPEN UNIVERSITY
9EAFE771-FC8B-4759-BE6D-FFF8EE40670D,Actionable deep learning under uncertainty for carbon-centric building operations,Active,,NEWCASTLE UNIVERSITY
9FBB2A37-C4BE-4E5A-AA21-FFB4D547BD0C,Fast Feedforward for Integrated Quantum Photonics,Active,,UNIVERSITY OF BRISTOL
A00DBC3B-8817-43CA-8595-FFE5676748BC,EU-CoWork_Developing Compassionate Workplaces in Europe for the digital and green work environment to protect employees' mental and physical health and wellbeing,Active,,HEALTH AND SAFETY EXECUTIVE
A05DFB10-9CC0-4B57-96FB-FF9C0C964C56,"Decision Regarding Aspiration, Belief, and Social Economic Status in Education and Job Market",Active,,UNIVERSITY COLLEGE LONDON
A07F2CA0-BFFF-45C6-80D7-FF8BABE52EF1,Investigating neuroinflammatory and neuronal mechanisms underlying the adverse neurological effects of brain radiotherapy,Active,,UNIVERSITY OF MANCHESTER
A1458FC4-FB5F-4F23-A25F-FFCA1105B813,Development of High-Performance Bio-Based Resins Alternatives,Active,,BOWDEN CHEMICALS LIMITED
2B143A3B-B127-4437-A7EA-FFCB880992FD,Unconventional Accuracy; Objectivity in the Digital Turn,Active,,UNIVERSITY COLLEGE LONDON
30DF2193-3401-4AF4-94F3-FFBE717C32E8,University of Southampton and Align-Alytics Limited KTP 24_25 R2,Active,,UNIVERSITY OF SOUTHAMPTON
0D332EC9-FD91-49BE-AD45-FFF9F7D9167C,Advanced Regulatory Innovation EcoSystem (ARIES),Active,,IDEAONOMY LTD
0EE176FB-2CD3-4FC0-951A-FFC5277E9E4D,Quantifying the impact of woodland restoration on rodent communities and their pathogens,Active,,UNIVERSITY OF GLASGOW
12295AD0-61E1-4AA2-A26A-FF7F78D1DA3E,"Structure, mechanisms of regulation and targeting of oncogenic tyrosine fusion kinases in Leukaemia",Active,,UNIVERSITY OF SUSSEX
162EC771-72EC-47FD-B053-FFBD4916A7D3,Examining the effect of vaping and smoking cessation on Lung Health,Active,,UNIVERSITY OF BIRMINGHAM
1B7A85A8-DAC6-4797-A091-FF87466FC576,Dual circuit flow battery for hydrogen and value added chemical production,Active,,UNIVERSITY OF GREENWICH
A509BB81-9A2E-4A7B-BB67-FEB73C0F7D21,TBC,Active,,UNIVERSITY OF BRISTOL
A68DAAE0-0D58-49F4-88DB-FDAC1DE43F54,DTP Bid Led by Imperial College London,Active,,IMPERIAL COLLEGE LONDON
50CB427C-2C29-4696-A515-FF8A38B17108,Development of in situ Raman spectroscopy methods and instrumentation for monitoring industrial bioprocesses,Active,,UNIVERSITY OF LIVERPOOL
5620A5BB-363A-473C-8350-FF780A5B91A8,Slow Neutral Antimatter Atoms in Excited States for Inertial-type Precision Measurements (SNAP),Active,,UNIVERSITY OF LIVERPOOL
390392F2-38A5-482B-92C3-FF885D5B805D,Divergent sleep behaviour - An evolutionary approach to understand why we sleep,Active,,UNIVERSITY OF BRISTOL
3B4E2287-5CBF-4C11-B384-FF7E8BF57564,EchoNet – Passive RF Echo-Twin Network for Predictive Structural Health Monitoring,Active,,BEAMGRID TECHNOLOGIES LTD
3C2B48CE-E4B7-4CD5-8380-FF9BF34957B4,Advancing Policy on Technology-Facilitated Domestic Abuse,Active,,UNIVERSITY COLLEGE LONDON
3CBE1A6B-B26F-4316-9B4E-FFB213584B40,DMS-EPSRC: Stability Analysis for Nonlinear Partial Differential Equations across Multiscale Applications,Active,,Unknown
EBDCE058-9F2F-49BD-A5D2-FF19C1ABA525,The University of East Anglia and The AF Group Limited KTP 23_24 R1,Active,,THE UNIVERSITY OF EAST ANGLIA
ECAC6CE5-B0C0-4C53-8506-FED342A747A5,AFM and Optical Studies of Boron Nitride and Graphene Grown By High Temperature Molecular Beam Epitaxy,Active,,UNIVERSITY OF NOTTINGHAM
ECCA72F0-890C-46D4-99AE-FDAE63B426EC,Physics of Life Network (PoLNET4): catalysing disruptive research and impact at the physical-life sciences interface,Active,,UNIVERSITY OF YORK
ECF17D4C-AED2-48F5-ACC3-FF615055152E,Northern Health Futures Hub,Active,,NEWCASTLE UNIVERSITY
831A5CC7-5E49-4EB1-ABA8-FE122ED868B5,An innovative 'passive-solar' timber drying kiln,Active,,LIGNA ALBA CIC
8467E70D-2C31-4DDB-A0CC-FD70F630613B,Spatial ecology of Galapagos and silky sharks at Ascension Island: Exploring the drivers of an emerging human-wildlife conflict,Active,,UNIVERSITY OF EXETER
F52CB437-B986-4815-9309-FEDD0CC64942,Photochemistry and Continuous Flow,Active,,UNIVERSITY OF NOTTINGHAM
F5542527-8C18-4ABE-B240-FE319501EA19,Melanin's impact on skin behaviour: Effects across the pigmentary spectrum.,Active,,UNIVERSITY OF MANCHESTER
F5EEE9CA-9A1D-4C9A-B9C2-FE70FC73F1BF,Modelling an Occupation: Exploring Points of Contact Between Authorities and Islanders on the Nazi-Occupied Channel Islands,Active,,LANCASTER UNIVERSITY
F68BC5BF-1E66-47EE-A8F6-FEDB49BAC08B,System cache organisation using 3D stacked chiplets,Active,,CHIPLETTI LTD
F7337835-98CD-415A-9869-FE84B63A9D5E,Dark Matter Search with Proportional Counters,Active,,UNIVERSITY OF BIRMINGHAM
F7A9939D-03E9-44AC-AE32-FDC11D2D375E,Biomass-based Carbon for Hydrogen Storage,Active,,NORTHUMBRIA UNIVERSITY
908ED31F-5E51-40E8-AB05-FD9856F63341,"Queenship in the Golden Age of Prague, 1346-1378",Active,,Unknown
90CE8971-4061-4C87-BD3C-FD963AD09F42,Decolonising Speculative Linguistics: Diasporic Speech in Science-Fiction and Fantasy,Active,,UNIVERSITY OF EXETER
F7D90775-B3CC-42E0-A360-FD79572F7FD4,Structured multivariate extreme value models for flood risk estimation.,Active,,LANCASTER UNIVERSITY
F8B8716D-FB0F-4085-AB0E-FEB25AC49864,Reclaiming the night sky for moths: what drives the flight-to-light response and how can this be mitigated?,Active,,UNIVERSITY OF NOTTINGHAM
FA2A4AA0-90A7-46EB-9B9C-FF348C7F4891,How do microglia regulate myelin integrity and cognitive function in health and ageing?,Active,,UNIVERSITY OF EDINBURGH
645EFDD2-C5CB-4F38-9E16-FE445A099FBB,"Crosstalk between metabolism, redox homeostasis and regulatory T cell function in hepatocellular carcinoma",Active,,KING'S COLLEGE LONDON
64871570-EBC7-4829-9130-FEFF636343E5,The University of Manchester and Ashton Fire Limited KTP 23_24 R6,Active,,THE UNIVERSITY OF MANCHESTER
65DD353B-B1F0-4EC1-A1EC-FEF9054CFFDD,Modelling host/parasitic nematode interactions with ovine 'mini-gut' organoids.,Active,,UNIVERSITY OF EDINBURGH
65E3F896-6D94-4EC8-9382-FD831CC6BAA2,Scaling Absolute Binding Free Energy Calculations for Virtual Screening,Active,,UNIVERSITY OF EDINBURGH
D6650EB2-F9B1-4C58-A32F-FD92293E9096,Unravelling Threads of Solidarity: Anti-Imperialism and Polish-Middle Eastern Connections during the Cold War,Active,,Unknown
D6D31E12-C5FA-4788-8BAC-FEF0E2A57C2E,Carbon Capture and Re-Use Strategies for Optimising Decarbonisation of Automotive Manufacturing,Active,,IMPERIAL COLLEGE LONDON
D8E9AE50-6D3B-487B-BF31-FEDC5F812948,Formation of Compact-objects Under Scrutiny (FoCUS),Active,,UNIVERSITY OF SOUTHAMPTON
6C70A6C7-7AA5-4A05-8126-FE4B8AFEA09C,Design and Evolution of Enantioselective Photoredox Enzymes,Active,,UNIVERSITY OF MANCHESTER
6D6D5484-2E4B-4788-9683-FF6174E124D3,Primary Sensory Cortex In Human Memory Reconsolidation,Active,,UNIVERSITY COLLEGE LONDON
6DEF6C40-6926-46FB-8FB0-FF2B00EEBBCA,UKRI-Norway – Sand and Sea: Links between the Silk Road and Indian Ocean in Antiquity,Active,,UNIVERSITY OF WALES TRINITY SAINT DAVID
E0CFB35E-CDAB-4408-8EF8-FF37D8D1258E,Diasporic Memories: Multigenerational Multiculture Within and Through South Shields,Active,,NORTHUMBRIA UNIVERSITY
E319054E-1D69-4869-B395-FEB3618F5FE5,Ultra-high field MRI mapping of iron in the developing infant brain,Active,,KING'S COLLEGE LONDON
774942C3-5AFF-491A-968D-FE8B9874B9C0,A benefit-risk trial of 1-month rifapentine and isoniazid to prevent tuberculosis and reduce morbidity in people with non-communicable multimorbidity,Active,,UNIVERSITY COLLEGE LONDON
790B1FCA-FEA4-4ACE-85AB-FF0889D5BED3,Foundations of Graph Representation Learning in the context of Network and Life Sciences,Active,,UNIVERSITY OF CAMBRIDGE
C254F123-E2EC-4E5C-9664-FF03016327B1,Creation and evolution of quantum turbulence in novel geometries,Active,,LANCASTER UNIVERSITY
E3C959DA-61C9-411A-856C-FD676A9D9F93,RESPECT,Active,,ADDIBLE LTD
E5C589A8-26E9-41B4-B20A-FEA06F4C9BD6,Coupled Structural and Electromagnetic Analysis of Air Gap Variability in 15MW and Next Generation Direct-Drive Floating Wind Turbine Generators,Active,,UNIVERSITY OF EDINBURGH
E631ED25-D397-45BA-AF02-FE973976BC54,Enable eVeryone's Engagement in the eneRgY transitiON,Active,,OPEN UNIVERSITY
E70A6656-A50D-4BCF-8766-FDEF0C5E2FC0,PhD Studentship in Experimental Levitated Quantum Optomechanics,Active,,UNIVERSITY COLLEGE LONDON
59AACDBA-24FD-4DE1-8059-FE428213BDD4,"A Chronopolitical and Decolonial Study of Glossing Trends in Contemporary African Literature &amp; Ritual Union, an African speculative novel",Active,,UNIVERSITY OF BRISTOL
59C953A0-168B-4B86-916E-FEB27618774C,Student completing MRes in Year 1,Active,,KING'S COLLEGE LONDON
59E32F04-ADF2-40D9-A2BE-FF64D2F78984,Minority language revitalisation: The use of Welsh in a public-service context,Active,,BANGOR UNIVERSITY
CB0364F5-CE08-467E-ABE2-FF4FFABE3EBA,Renewable Co-Formulant Feedstocks from Biomass Sources,Active,,UNIVERSITY OF YORK
CC91A263-DA28-4541-B0B9-FD832317B1BE,Next-gen AI Platform for Real-time Biomass Monitoring and Traceability of Nature-Based Carbon Assets (BTrace),Active,,TEQNOVIA LIMITED
EE4EF50E-0515-4602-97A3-FD757B1DA5F1,Design and Fabrication of SiC Lateral MOSFETs for Cooling Integration,Active,,UNIVERSITY OF CAMBRIDGE
EED82A7D-B41B-445E-B60E-FDC871C08560,Climate Change effects on the developmental physiology of the small-spotted catshark (Scyliorhinus canicula),Active,,UNIVERSITY OF SOUTHAMPTON
EF24B458-7023-4CC6-B15C-FEFBAC8D2484,Offshore wind infrastructure in stratified seas: Interactions between waves and wakes,Active,,UNIVERSITY OF HULL
EF2DB7C2-6C11-4801-A2F2-FD8E2B3D202B,Combining Electromagnetic Interactions and Zero-Carbon Fuels for Sustainable Transportation,Active,,IMPERIAL COLLEGE LONDON
EF4E5FBB-AFE3-4E0F-A5B5-FF4066F2AD3C,Improving QSAR Models for the Prediction of the Activities and Toxicity of Small Molecule Candidates,Active,,Unknown
F03FE39C-3584-4AFF-8F96-FDB07AF9B20C,The uniform topology of rough Riemannian metrics,Active,,BRUNEL UNIVERSITY LONDON
F0DC8965-43F6-42AB-8F9E-FDE47AD14710,Enhancing the nutritional properties of Cowpea (Vigna unguiculata) using gene editing,Active,,UNIVERSITY OF WARWICK
F0E34250-961A-4064-81E7-FE8A48B328AA,From shrink to stretch: making sheet-metal parts with much less scrap,Active,,UNIVERSITY OF CAMBRIDGE
F0FB9D0D-AB40-4563-B03F-FE8AB42F1920,Early Pathways to Independence in numeracy for Children with GEnetic Syndromes - EPIC GENS,Active,,Unknown
62C51CAA-A6C9-4280-B168-FE46C74FD3CE,UK Proteoglycans and Glycosaminoglycans Academy (UK-P/G Academy),Active,,UNIVERSITY OF LEEDS
D079CAC5-D214-4D99-9203-FEA036BA6A5D,Pancharatnam-Berry phase for Voigt waves and Voigt surface waves,Active,,UNIVERSITY OF EDINBURGH
D0FDF2E0-25A5-4D47-B882-FF57F5DB69F3,Exploring polarisation interactions in hyperbolic materials,Active,,QUEEN'S UNIVERSITY BELFAST
D1B49570-96CF-4555-8B68-FD8380D7EB84,The Nottingham Arabidopsis Stock Centre (arabidopsis.info),Active,,UNIVERSITY OF NOTTINGHAM
D1E441B0-9468-4186-B2DE-FDB55BA91001,Leeds Beckett University and YORhub KTP 23_24 R5,Active,,LEEDS BECKETT UNIVERSITY
D1FF337A-C849-4F9A-AD4E-FDD1C12453D0,Unravelling molecular signatures of oocyte developmental competence in cattle,Active,,NEWCASTLE UNIVERSITY
D221C894-68B7-4EB6-AB4C-FF1FA42F49CA,Inter-vendor standardisation and quality assurance of quantitative cardiovascular magnetic resonance (CMR) T1-mapping for clinical practice and trials,Active,,Unknown
D229CFAE-D74F-4CDA-8407-FD993A4F2966,Investigating the Mitochondrial Basis of Neuronal ageing,Active,,CARDIFF UNIVERSITY
D2738A0A-5672-4075-AA4B-FDB589E733AF,The London NERC Doctoral Training Partnership 2,Active,,UNIVERSITY COLLEGE LONDON
D29BAACE-2A34-49F1-A782-FF0FFAC525AF,Mechanisms of gut-brain axis involvement in ectotherm thermotolerance: &quot;how the gut brain axis helps animals weather the heat,Active,,LANCASTER UNIVERSITY
43A0F326-F72C-4D4C-A14A-FD78C2EA5016,"How can we teach tomorrow's adults the knowledge, skills, and attitudes needed to tackle global issues and intercultural situations?",Active,,UNIVERSITY OF BRISTOL
43F793BF-9B82-42E8-869B-FD71F6C97067,Bridging Polymer and Glass Physics,Active,,UNIVERSITY OF GLASGOW
45110D7B-E300-4C18-A844-FE20F48B0031,Engineering Robust Synthetic Microbial Communities for Sustainable Biotechnology Applications,Active,,UNIVERSITY COLLEGE LONDON
45CCAE41-432A-4B55-A741-FEAB4780B87B,Silicon Photonic Integrated Circuits for Chip-Scale Thermal and Cold Atom Sensors,Active,,UNIVERSITY OF GLASGOW
B2C204F4-897A-45AF-8690-FDF66C949676,tandem mass spectrometry,Active,,IMPERIAL COLLEGE LONDON
DA775143-B5A7-4B6C-B118-FF69028C7BAB,What distinguishes the senses?,Active,,UNIVERSITY OF YORK
DB90C18A-EB35-422F-AA87-FDCED846300D,Future food preferences: The development of children's and adolescents' attitudes towards eating meat,Active,,UNIVERSITY OF EXETER
4DB9FD4D-B4CB-47D3-A711-FE04476F38CA,Seed microbiome engineering: a route to sustainable agriculture,Active,,CRANFIELD UNIVERSITY
4E0D41B9-C0C7-4730-A592-FE94525D3DC9,gRIBF-UK: Scintillator-based high-resolution g-ray spectrometer at RIBF,Active,,UNIVERSITY OF YORK
5040F056-EA85-4E15-BB01-FF3F5C480CF1,Pulse12L: A cloud platform for ECG interpretation,Active,,PULSEAI LTD
5098DFF8-0020-454E-852D-FDBCBAA65A04,Genes &amp; Traits for Healthy Animals: Identifying the genomic basis of complex traits in farmed animals,Active,,UNIVERSITY OF EDINBURGH
BFD7FC47-7997-458E-953A-FF4FF3474C4E,&quot;She's autistic - but I don't see any of that.&quot; An exploration of secondary school teachers' perceptions of autism in female adolescents,Active,,UNIVERSITY OF YORK
2FFE0EBD-7AD9-4006-B4C6-FD8084822FEA,Sleeping with the Enemy: The Experiences of Vietnamese Mothers of Amerasian Children During and After the Vietnamese-American Conflict (1955,Active,,UNIVERSITY OF YORK
31DFD75C-913D-45C0-948A-FF631A008642,Financial structures for enabling innovator participation and success: experimental evidence from challenge prizes,Active,,NESTA
31E249C6-35DA-455F-9D44-FEF822E9D87A,Developing a deep learning tool for texture analysis of placenta abnormality during pregnancy,Active,,UNIVERSITY OF SHEFFIELD
9DBC3C82-F7B4-4326-BC07-FF538EB54090,Identifying Barriers to Accessing Early Years Services and Supports for Neurodiverse Children and their Families,Active,,Unknown
A05D08EB-2629-4809-9AFB-FD7D87912A2A,Inferred Publics and Interfering Voices: exploring implication as a critical tool within contemporary art and performance practices,Active,,KINGSTON UNIVERSITY
A10119DB-6C73-4988-B370-FD970AC3759B,Project title to be confirmed in 2025.,Active,,LANCASTER UNIVERSITY
C4BDEC80-E603-4BF9-8C4E-FF5B1EA473A5,UKRI-NSF Coherent Optical Control of Triplet Spin States in Organic Molecule Quantum Emitters,Active,,UNIVERSITY OF BRISTOL
C5257027-3521-4A60-964B-FF4C9425BDF0,A Perceived Profusion of Vice: Assessing a &quot;Scandalous' Period C1615-1625,Active,,UNIVERSITY OF KENT
C5C45A42-160E-4E1B-9F5F-FEA0F972936C,Studying the impact of progranulin mutations on mito-lysosomal interactions in neurons,Active,,UNIVERSITY COLLEGE LONDON
C5EDF24E-A649-48D7-BD3D-FDC4B3568199,How sunspot dynamics influence solar activity,Active,,UNIVERSITY OF LANCASHIRE
3A32CE60-CE27-4E9A-8AEB-FF14921008A8,PhD projects to be confirmed on completion of the training year.,Active,,UNIVERSITY OF BIRMINGHAM
3CD3E382-03E9-491E-8E63-FF1E07B363ED,A Machine Learning-Driven Approach for Optimising RNA Therapeutic Delivery via Generative Modelling,Active,,SIXFOLD BIOSCIENCE LTD
A7B084C0-EFAF-4CE9-A48B-FD5DD1BEC5F1,Engineering a membrane-adapted viral helicase nanopore,Active,,UNIVERSITY OF SHEFFIELD
A9665C76-E266-40EB-9D8C-FD9E4DBCC315,Processive Directionally Sequential Catalysis for Translational Molecular-Level Motion,Active,,UNIVERSITY OF BRISTOL
AA912ADC-27B0-4660-8080-FE4E7FCC23DE,High-Speed Organic Photonics and OptoElectronics,Active,,HERIOT-WATT UNIVERSITY
CFB5466E-7708-4C69-AA69-FE0FA2CE141A,Towards Open-world Semi-supervised learning,Active,,UNIVERSITY OF EDINBURGH
CFE34794-7952-42FA-9E53-FE04F1B57209,"High-resolution, in situ structures of the blood-brain barrier and neurovascular disease",Active,,UNIVERSITY OF LEEDS
88069716-0FAB-47F3-B438-FF63D283C1A4,IDAlert: Infectious Disease decision-support tools and Alert systems to build climate Resilience to emerging health Threats,Active,,UNIVERSITY COLLEGE LONDON
883199BD-F080-40ED-AE10-FD9F20C44FC3,Characterisation of Amyloid- B and its Interactions by NMR Exchange Techniques,Active,,UNIVERSITY COLLEGE LONDON
88AB5D97-605D-402D-B6FB-FDF256D9A05D,Understanding the epidemiology of pathogen transmission across the human-wildlife-livestock interface using environmental surveillance and metagenomic,Active,,UNIVERSITY OF ABERDEEN
AC45A039-7658-4781-9564-FE94D7BD7F4D,Exploring Structures of Membrane-Inserted Helicases for Advancing Nanopore Sequencing Revolution,Active,,UNIVERSITY OF YORK
ADED9EC6-DF40-4538-A432-FF0381A447B0,Physics based and data driven approach to understanding and predicting thermomechanical properties of ceramic matrix composites,Active,,UNIVERSITY OF BATH
2470667B-7EA5-4EF3-AB6B-FEA895975C33,Implementation of quantum LDPC codes and fault-tolerant logic gates in physical architectures,Active,,UNIVERSITY OF BRISTOL
2566BBC7-362A-4A58-8449-FE94AF2ED59C,Demonstrating a quantum network memory node based on photonic integrated diamond devices,Active,,UNIVERSITY OF CAMBRIDGE
934A97EA-BD32-441D-9A75-FD5187114143,"Food Web Structure and the Ecosystem Wide Impacts of Eutrophication in the UK's Largest Freshwater Lake, Lough Neagh",Active,,QUEEN'S UNIVERSITY BELFAST
9407E5BB-828F-49DE-916A-FE995AE8B6D2,Uncovering the secreted secrets of adipose tissues to engineer novel cell free therapies for scar regeneration.,Active,,UNIVERSITY OF SHEFFIELD
953FF9D3-2D64-49A0-A8F2-FF1F1A816B98,Application of multi-omics to identify and target microbial bloom control in legacy nuclear ponds,Active,,UNIVERSITY OF MANCHESTER
961E25D0-B4DC-4F28-BCDB-FF39406116B8,Mapping mitochondrial contact sites during neuronal ageing and neurodegeneration in Drosophila,Active,,KING'S COLLEGE LONDON
9630D369-09DF-4643-BA18-FE95D5350C78,Developing broad-spectrum antivirals as a rapid response option for future global epidemics,Active,,UNIVERSITY OF BIRMINGHAM
B77553DE-0DFC-451F-8BC7-FE62403262BC,Modelling the Absorption of Agrochemical Formulations through Skin,Active,,UNIVERSITY OF WARWICK
B84BAB43-88D2-465B-BE3D-FDBC7701C07A,Understanding and disrupting social decision-making across adolescence and adulthood,Active,,UNIVERSITY OF BIRMINGHAM
B86C4331-EBC5-403B-9818-FEA5D00BDF93,Practical Explorations of Formalised Approaches to Microtonal Composition.,Active,,DE MONTFORT UNIVERSITY
B895F44F-ED51-456E-8825-FE6520839052,Role of marine ornamental fisheries in achieving net positive outcomes for nature and people,Active,,UNIVERSITY OF KENT
B9DBD539-D568-4BE1-9BF9-FE8098F62D14,Robotics and Artificial Intelligence for Critical Asset Monitoring,Active,,UNIVERSITY OF THE WEST OF ENGLAND
B9E22B5D-60C6-4B76-9A1A-FDD4803E5D35,Long range jumps in locally regulated populations,Active,,Unknown
976E23D8-CF0B-4010-8DE5-FECDDB90BC54,Developing explainable AI approaches for non-experts based on user's preferences and algorithmic recourse,Active,,UNIVERSITY OF BRISTOL
98459269-EF0B-46D3-88F0-FDB6D00A01D0,PERMEATION OF POLYMER FLUIDS IN SOILS (POPFS),Active,,Unknown
98BCD656-C99D-48FC-B309-FD6A0037EA48,Beyond photosynthesis: overturning source-centric plant growth paradigms,Active,,UNIVERSITY OF CAMBRIDGE
0F4B4BC7-888B-4132-B347-FF11936A06CA,Probabilistic numerics for statistical-shape models,Active,,UNIVERSITY OF BATH
0F658B35-43BF-4C60-8B5B-FE8ABD6FFEBE,Brain mechanisms underlying emotional processing in infants,Active,,UNIVERSITY OF BIRMINGHAM
0FA3BBA9-C12F-4DC8-84B5-FF55B8072052,Infrared (IR) spectroscopic imaging and digital pathology for development of algorithm for early detection of test-article related lung findings in th,Active,,UNIVERSITY OF MANCHESTER
0FA67241-A8C1-4188-8DDB-FE06FCEF832D,Hepatocytes Encapsulated with mesenchymal stromal cells in alginate microbeads for the treatment of acute Liver failure in Paediatric patients (HELP),Active,,KING’S COLLEGE HOSPITAL NHS FOUNDATION TRUST
7B9CB32B-4DE0-4A82-8FA4-FE5899F5634D,Fibre-integrated Picosecond mid-Infrared Laser (fPIRL) for biomolecular analysis,Active,,IMPERIAL COLLEGE LONDON
7D677E82-8E2C-4F63-B65E-FDF819A531A5,Food insecurity and mental health during the cost-of-living crisis: A quantitative application of cumulative inequality theory using two UK datasets a,Active,,UNIVERSITY OF LIVERPOOL
7E2A8CA0-581D-42A6-9968-FE679EA5B3A3,Functional remodelling of the Arabidopsis centromeres using CRISPR/Cas9,Active,,UNIVERSITY OF CAMBRIDGE
A30AF0ED-1452-455D-82ED-FE1A7CE028FF,Catalytic Hydrofluorination for the Assembly of Chiral Fluorinated Building Blocks,Active,,UNIVERSITY OF ST ANDREWS
A3C810B3-6E93-4CB3-87E3-FF3E430144B5,Bleach catalysts: more sustainable compact laundry bleaching systems and the impact on fabrics,Active,,UNIVERSITY OF LEEDS
1A151C36-0CD2-48B4-8FE7-FF0661288A6F,Dissecting age-related changes to tissue regeneration in a zebrafish model by live cell imaging and spatial transcriptomics,Active,,KING'S COLLEGE LONDON
1A246C19-AB6F-4FED-B081-FE9F8AC18FA4,Physics Analysis on the SNO+ neutrino experiment,Active,,Unknown
1A820026-09C0-446A-9A66-FF51BE9BF048,Business Rates for Food System Transformation,Active,,"CITY ST GEORGE’S, UNIVERSITY OF LONDON"
1B29C481-ED3F-44D9-956D-FE60683B11CF,A Pluralist View of Chemical Kinds,Active,,DURHAM UNIVERSITY
87097502-DBDB-4464-8E56-FF315022A53A,Spatiotemporal engineering of bacterial cells with synthetic RNA membrane-less organelles,Active,,UNIVERSITY OF CAMBRIDGE
81F1F807-E90D-4557-9C04-FD97D10DB098,Hyperbolic problems with discontinuous coefficients,Active,,QUEEN MARY UNIVERSITY OF LONDON
82042B9E-91F2-4251-BA78-FF355A6B590B,Crevasse Squeeze Ridges: a fingerprint of unstable glacier flow?,Active,,UNIVERSITY OF ABERDEEN
820C2AA0-CAEE-43D8-A679-FE8238EEF0BF,Single Myofiber Multi-Function Omics: deciphering the role of skeletal muscle in MND,Active,,KING'S COLLEGE LONDON
67AD0834-4EC4-4547-854F-FE60B1F69547,Early life environment changes how organisms age.,Active,,UNIVERSITY OF LEICESTER
67AF48FA-70AB-418F-8819-FF2C1487E7F3,Biodegradable and affordable ingredients with superior performance from renewable marine carbon,Active,,UNIVERSITY COLLEGE LONDON
67FEE442-05B9-4881-8E30-FED3462FE0B4,Machine Learning to Unravel Anti-Ageing Compounds,Active,,UNIVERSITY OF BIRMINGHAM
69470E3E-B7CE-41BC-A9AE-FEF99B5D323F,Twelp,Active,,THE PROVENANCE COMPANY (UK) LTD
077321AF-BC05-4A83-B70D-FE9FB2AB2232,To be confirmed,Active,,NEWCASTLE UNIVERSITY
08597B52-5680-4AF8-A089-FDF00684E04B,The Lattice Isomorphism Problem with q-ary Lattices: Connections Between Codes and Lattices,Active,,IMPERIAL COLLEGE LONDON
8CDA2DEB-70FF-47D0-B2A1-FEDAA02189DF,Nanopore-Enabled STructure detection (NEST): High Resolution Genome-wide Mapping of DNA Secondary Structures,Active,,INSTITUTE OF CANCER RESEARCH
8CE30BE6-8FF1-449F-8744-FDA5D2F4D306,Effects of Wolbachia and arboviruses on lipid metabolism in mosquitoes,Active,,UNIVERSITY OF GLASGOW
8CF4B4F7-CE71-46EE-8446-FEB87773C0CC,Identifying Strategies to Support Adolescent Nutritional Health when Migrating from Rural to Urban Areas for Education in Ethiopia,Active,,UNIVERSITY OF EDINBURGH
8E15A5F1-1FF2-4D2D-8B31-FE25DB99DB53,Slipping Through the Net: An AI Assisted Analysis of How High Risk Clients Negotiate Anti-Money Laundering Checks,Active,,UNIVERSITY OF ULSTER
8E81064D-5457-4F52-B9B5-FE736CEC04EF,POLYGRAM: POLYisotopologues of GReenhouse gases: Analysis and Modelling,Active,,UNIVERSITY OF LEEDS
8F6CA745-597D-45A4-8EF2-FD9931775A94,Reconstructing fate decisions in the peripheral sensory nervous system of the head,Active,,KING'S COLLEGE LONDON
6E47B869-4B8D-4304-A28A-FF297DC1576B,UK National Ion Beam Centre,Active,,UNIVERSITY OF SURREY
6EB29EF9-68B6-4189-8BA9-FD955417F0C0,Modern Machine Learning Technologies for Drug Discovery,Active,,Unknown
6F0D0453-F40F-4344-BC6F-FF1DBE881794,The Bethlem Royal Hospital During the First World War,Active,,UNIVERSITY OF LIVERPOOL
7035382A-9FEC-47AF-9FA1-FE151008DADC,NCC Operations Limited and Circular11 Limited KTP 23_24 R2,Active,,NCC OPERATIONS LIMITED
713A7910-8DB8-4E95-B910-FD98B250C163,Investigations into new machine learning techniques for gravitational wave astronomy,Active,,UNIVERSITY OF GLASGOW
71444186-1511-4A14-8075-FE47EFBF4810,Industrial CASE Account - University of Cambridge 2023,Active,,UNIVERSITY OF CAMBRIDGE
532B296E-EE31-4308-A646-FE29CF52A402,Bio-ART: Multiscale understanding of BIOfilms and microBIOmes in Acute Recurrent Tonsillitis.,Active,,UNIVERSITY OF STRATHCLYDE
539E9B28-9955-442E-9DEA-FD80A29D07E6,Experiments with ultracold polar molecules in magic traps,Active,,DURHAM UNIVERSITY
54824A32-2454-40A5-B8D4-FD7E7CDB978F,Global Hotspots of Runoff-Storage Water Stress,Active,,Unknown
F5019BEB-8E07-4239-90FB-FB9259677D8F,Digital Twin supported development of viral vector production processes,Active,,UNIVERSITY COLLEGE LONDON
F771B9FD-09EA-4687-B41A-FB5CCDA7A0AB,STREAM 1: East Midlands Emerging Rehabilitation Technology Growth Enterprise,Active,,NOTTINGHAM TRENT UNIVERSITY
F7827C01-C17C-48CA-9C21-FC7EA9FCB6FE,Developing production methods for metallurgy using additive manufacturing.,Active,,UNIVERSITY OF CAMBRIDGE
720950B5-D580-4B74-9E2B-FE4FA26C3EF4,The influence of magnetic fields and electrical conductivity variations on vortex formation,Active,,UNIVERSITY OF LEEDS
729A3AF0-5C0E-49AB-924A-FDFA655C1546,RAIOS – RAN AI Optimisation: Secure and Open Source,Active,,AERIX LIMITED
74AEF533-79B0-403F-9FE2-FEC3162A6684,Monitoring and elimination of bycatch of endangered and conserved species in the NE and high seas Atlantic region.,Active,,CENTRE FOR ENVIRONMENT FISHERIES AND AQUACULTURE SCIENCE (CEFAS)
74F5E661-C38A-436F-A839-FE3677D06999,The developing gut microbiota and immune system: Iron and zinc - friend or foe?,Active,,UNIVERSITY OF READING
5C9819E0-F82E-435E-8DAC-FF56E984FB36,"Queer Natures: Animals, Environment and Modern Sexual Knowledge Production (1860s to 1930s and today)",Active,,UNIVERSITY OF EXETER
5DCE23EC-21E4-40B0-A950-FEB9689D9A54,"Efficient and Fair Language Modelling for Natural Language Processing, investigating lightweight language modelling approaches and aiming at fairness",Active,,UNIVERSITY OF SHEFFIELD
5E795A0C-F5FA-4E38-87A0-FD64009C578A,Regulating neuroplasticity to restore upper limb and hand function after spinal cord injury,Active,,KING'S COLLEGE LONDON
FF0B555C-3E77-4494-8584-FBFE287AD167,Stellar Wind Feedback,Active,,UNIVERSITY OF LEEDS
FFABEAC6-A236-43A3-997A-FCC1B547A8A3,GW-SHIFT: Great Western Supercluster of Hydrogen Impact for Future Technologies,Active,,UNIVERSITY OF BATH
FFAE0C34-9C32-420F-BA53-FBD5A9EABF7C,Weather Sceptics: Almanacs and the Making of Scientific Meteorology in Nineteenth-Century Britain,Active,,UNIVERSITY OF LEEDS
004026FA-43AB-4A83-9421-FD8CA470C9D0,ESR1 mutation profiling identifies potential drivers of metastatic breast cancer,Active,,IMPERIAL COLLEGE LONDON
7F493367-B7E3-43A7-90A3-FD9555F5B632,Patient-Centric blOod saMpling FOr impRoved healThcare (Project-COMFORT),Active,,PATIENT CENTRIC SAMPLING INTEREST GROUP CIC
7FE64B14-F6B1-4591-8A25-FF54DDCEB4F9,Modelling Credit Risk with Graph Neural Networks Field: Graphical Neural Networks &amp;Natural Language Processing on Finance,Active,,Unknown
DF9668D0-FE2A-47E3-86BE-FB7EE7F014C8,DTP Bid Led by University of Liverpool,Active,,UNIVERSITY OF LIVERPOOL
E07020AC-12CE-4524-8786-FD26397C911F,Signalling strategies in promoting mutualistic relationships,Active,,Unknown
E142E76B-2D45-42A3-9BE7-FD0A245B7502,Atomic Radio-Frequency (RF) Front-end at Telecom wavelengths,Active,,UNIVERSITY OF BIRMINGHAM
E1D25585-8E59-4BEB-9A87-FC9889C909B8,Behavioural Optimisation and Operational Strategies for Trials: The BOOST Approach,Active,,UNIVERSITY OF ABERDEEN
5FC95DC7-6EC7-44BF-99A7-FE0F2A8BAC25,Combatting Antibiotic Resistance in Philippine lakes: One-health upstream interventions to ease the burden,Active,,UNIVERSITY OF BRISTOL
602366DD-F79D-4BF4-BD2A-FEFF3599F236,Lignin-based coatings: A novel approach to turn challenges into opportunities for anti-corrosion and anti-wear applications,Active,,UNIVERSITY OF SUSSEX
605AD9C3-42F1-4B19-87E1-FEBB0CDAB441,Advancing the investigation of cortical brain organoids to unravel the mechanisms of neurodegenerative diseases,Active,,UNIVERSITY OF CAMBRIDGE
610A2E61-1B18-4D5C-9D44-FE14EF0EA137,OPEn HPC theRmomechanical tools for the development of eAtf fuels (OPERA),Active,,UNITED KINGDOM NATIONAL NUCLEAR LABORATORY LIMITED
61A0EF52-D495-41C1-87AF-FE215AE8A17A,GOVAQUA,Active,,THE RIVERS TRUST
61EEA1A6-09AD-43B5-848C-FF50C96B5C38,Referrals of children in need of protection to live with relatives abroad in EU countries,Active,,LANCASTER UNIVERSITY
6223D910-DE86-4D01-B126-FE568FD028BC,GridPP7 Edinburgh Staff Grant,Active,,UNIVERSITY OF EDINBURGH
463B69F3-743C-4029-9E10-FD77AF1990CE,Developing interpretable machine learning models to gain insight into the relationship between metabolic health and lifestyle,Active,,Unknown
463BA43D-256B-414D-8858-FE30F1C67CE6,Black Soldier Fly (BSF) technology recycles food waste into a new source of animal feed (i.e. BSF larvae),Active,,UNIVERSITY OF SURREY
468C4000-CC78-4293-ACDE-FEE6894CD6DB,Fatigue and Fracture of Stretchable Transparent Conducting Films,Active,,UNIVERSITY OF MANCHESTER
47029337-7AF0-4DC8-AE1B-FF4818C64832,Statistical Motion Atlases for Standardized Heart Function Analysis across Multi-Modal Imaging,Active,,KING'S COLLEGE LONDON
476905CA-3ABC-40E5-BE5E-FF1608B6298E,Exploiting Pharmacologically Silent Regions in Adrenomedullin Antagonists to Address Disease,Active,,UNIVERSITY OF SHEFFIELD
EA77CCFE-ECA3-4EBC-94CC-FCA2094E101B,Defining a role for non-canonical mTORC1 activity at focal adhesions,Active,,UNIVERSITY OF BRISTOL
EA7FA6A9-8937-40DD-8A48-FBBAA9D6A9F4,Who is the Subject of Intersectionality? Intersectional Feminism and Structuralist Philosophies of the Subject,Active,,KINGSTON UNIVERSITY
EB269C42-C3E5-416E-A8F2-FB67460DE233,Insect-inspired depth perception,Active,,UNIVERSITY OF SHEFFIELD
EC66E1E5-D1D8-4578-9099-FD0DC0C5B96D,Single molecule analysis of Human DNA replication,Active,,EARLHAM INSTITUTE
ED9E69E8-FC30-4EE3-9D7E-FCF6D9D275C5,&quot; Towards Toddlerhood: reframing toddlers and their development through the arts&quot;,Active,,SHEFFIELD HALLAM UNIVERSITY
EE139C4E-AEAC-424A-BD6A-FBC4F1CD09D2,Climate Recovery and Adaptation potential of Forests in the Tropics,Active,,UNIVERSITY OF LEEDS
694DA280-75E6-4A27-96B3-FE9DDA12903A,Can the materialist turn shed new light on Judean Pillar Figurines? Using the ritual associations of clay in the ancient Near East to explore the pote,Active,,Unknown
69F729BF-37D3-4EF5-85B8-FD60A5C3195A,TRACE-V2X - Smart and Proactive Multi-RAT Traffic Steering for V2X,Active,,UNIVERSITY OF SURREY
6A7D307B-9F1C-4381-A478-FED69BE88EC8,Strategic Alliance Funding: MRC Weatherall Institute of Molecular Medicine (WIMM) at the University of Oxford 22-27,Active,,Unknown
6B490BD8-D231-450A-860F-FDBD472F24FD,Novel acid ceramidase inhibitors to treat lysosomal disease,Active,,CARDIFF UNIVERSITY
52501686-0F9E-4420-83C4-FE6B84FBB788,Rotor Dynamic Stability in Ultra High Speed Electrical Machines,Active,,NEWCASTLE UNIVERSITY
4B063EAC-B7E4-4F1B-BBA3-FD58F680A1D7,Networked through Sound: Listening to 20th Century Wildlife Sound Archives,Active,,CARDIFF UNIVERSITY
4B4F5816-B3BF-4219-BF1E-FF024F700A7C,Mechanisms mediating reversible lipotoxicity of the pancreas in obesity-induced type 2 diabetes,Active,,UNIVERSITY OF EDINBURGH
4CE07AD3-7B9E-4B2B-92BB-FDBB72C780D5,The University of Essex and Compass Contract Services (UK) Limited KTP 24_25 R4,Active,,THE UNIVERSITY OF ESSEX
33097EBE-6DEF-4052-A9E4-FE081580FE00,To be confirmed,Active,,NEWCASTLE UNIVERSITY
335DCFD1-8E66-4B08-8879-FD7CD706F3A4,Understanding tritium retention localisation in nuclear fusion fuels systems,Active,,UNIVERSITY OF MANCHESTER
33605A4B-E1CF-462D-9F14-FF3E90DF1AD6,BBSRC Institute Strategic Programme: Delivering Sustainable Wheat (DSW) Partner Grant,Active,,UNIVERSITY OF BRISTOL
3461823B-9D36-4F0F-9ED5-FF077C255F98,FIRE-ADAPT: The Role of Integrated Fire Management on Climate Change Adaptation for Ecosystem Services in Tropical and Subtropical Regions,Active,,UNIVERSITY OF EAST ANGLIA
D5661D38-05B0-4565-844A-FB796C191922,Dissecting how phages modulate bacterial immunity - structural basis of dNTPase inhibition by T7-like phages,Active,,DURHAM UNIVERSITY
D651C02D-569E-4F41-A215-FB76A8CD3D19,Building Silicon Brain Cube for Green and Trustworthy AI,Active,,IMPERIAL COLLEGE LONDON
D67A1622-AA78-47C8-8720-FD36AFA627DB,The impact of magnetic fields on gas accretion onto supermassive black holes and AGN feedback: the next frontier of galaxy formation cosmological simu,Active,,Unknown
D70E62D8-A3F6-4C39-A009-FBBEFDA7663D,Diagrammatic tensor categories and representation theory,Active,,UNIVERSITY OF NOTTINGHAM
54E6F123-803A-49DF-9CFC-FDBB5C1C7D29,Advanced AI and RobotIcS for autonomous task pErformance,Active,,UNIVERSITY OF ESSEX
55445909-6945-4518-846F-FE06A2590C4C,Shedding light on main group organometallic chemistry,Active,,QUEEN MARY UNIVERSITY OF LONDON
57D3857A-6969-415F-B1AB-FEAB42F20CA3,Frictionless and privacy-enabled physical health detection and monitoring,Active,,UNIVERSITY OF PLYMOUTH
3F21CBD0-299E-453A-9DAE-FE831E7624AE,MAGIC - Next-generation models and genetic therapies for rare neuromuscular diseases,Active,,UNIVERSITY COLLEGE LONDON
3F539A69-D8EE-4748-8EDD-FF46DE74E916,Using Cryptosporidium genomics for investigating outbreaks and disease transmission,Active,,ABERYSTWYTH UNIVERSITY
40E4A94C-3FD5-4A48-BF10-FDD94855A42A,UK Microsystems Network,Active,,UNIVERSITY OF BIRMINGHAM
1C0FDC6D-7599-41B8-9EED-FEAEE42C9DBA,Understanding the role of organic ligands on charge transport and photocurrent generation in layered perovskites,Active,,IMPERIAL COLLEGE LONDON
1F07E826-ABC0-45AC-85CD-FF50776DB27D,Protecting high risk groups from Plasmodium knowlesi malaria,Active,,LONDON SCHOOL OF HYGIENE AND TROPICAL MEDICINE
1F1938CC-136C-46E1-BC57-FF592DD04B81,"Room correction: a dynamic, adaptive approach",Active,,QUEEN MARY UNIVERSITY OF LONDON
BFDBC441-1379-4E67-B8C4-FCCDECBACDB3,MiNute Transport: How Mineral Nutrient Transport happens in the root?,Active,,UNIVERSITY OF NOTTINGHAM
C00DAA39-31CF-43D9-B7B3-FB707695ED10,Fuels-C,Active,,ISLE UTILITIES LIMITED
C14F0150-ED2A-455C-ADB4-FCEB01349EB9,Growing green in UK vineyards: Managing Knowledge,Active,,IMPERIAL COLLEGE LONDON
418BD630-2F0E-4B9A-AC1C-FD8FDCDDE54D,Queen's University of Belfast and McKee Engineering Solutions Limited KTP 24_25 R1,Active,,QUEEN'S UNIVERSITY BELFAST
41FB5E09-5971-494C-985B-FE5A93F81521,Pet Ownership and Health,Active,,UNIVERSITY OF LIVERPOOL
4274E022-E7E1-4B6F-8B53-FF117F3945C0,THE REPRESENTATION AND EXPERIENCE OF BLACK MUSLIM WOMEN: CHANGING BEHAVIOURS.,Active,,UNIVERSITY OF BIRMINGHAM
42C885F6-404B-4578-87EC-FEA63C4C674A,Use of Folktale Adaptations in Exploring the Role of Gendered Social Narratives in the Far-Right Radicalization of Online Communities.,Active,,UNIVERSITY OF STRATHCLYDE
42D9C39A-572A-49CC-9063-FD518A6A3440,Renewal application: How do ecological trade-offs drive ectomycorrhizal fungal community assembly? Fine- scale processes with large-scale implications,Active,,UNIVERSITY OF MANCHESTER
42EA7144-9F79-4146-9E35-FE13F6C08C07,Project E-Steel,Active,,FORD MOTOR COMPANY LIMITED
273BDF41-CBE0-4AE8-B52F-FE9419F53685,New Technology for Glaciology,Active,,CARDIFF UNIVERSITY
2AB135C8-E94A-430A-A943-FD9D6EB37C63,UNREAL: A Unified Reasoning Layer for Trustworthy ML,Active,,UNIVERSITY OF EDINBURGH
2B477867-BD92-455B-B502-FDCDDE48D3E8,DISSCo UK,Active,,NATURAL HISTORY MUSEUM
C9F286E6-1FA1-4DE7-AE2B-FCBD7AE4E842,Accelerated deployment of integrated CCUS chains based on solvent capture technology (AURORA),Active,,UNIVERSITY OF CAMBRIDGE
CB1F54B7-7C87-4CCD-B7B0-FD29264C8ED8,Targeting Coronaviruses through Fc-dependent Antibody Activities,Active,,CARDIFF UNIVERSITY
CB5AE40E-1DEF-4EC8-A788-FC3BC21C60DD,Task specificity of transcriptomic types across cortex,Active,,UNIVERSITY COLLEGE LONDON
AA2A7DFF-DBCB-4790-9CCA-FC3245F803A4,Structure-control of valence electron isomerism in the f-block,Active,,UNIVERSITY OF MANCHESTER
AA58973D-D7C6-4ECD-8788-FCA1B815F7A9,Determining the geomagnetic and heliophysical parameters that control increases and decreases in Earth's outer radiation belt,Active,,UNIVERSITY COLLEGE LONDON
AB12157C-B748-4618-876C-FBDE5F797E8E,Neural Circuits of Kinship Behaviour,Active,,UNIVERSITY OF EDINBURGH
ABB1299F-ADC6-4B07-B276-FC8CB3A4B3E4,Building a picture of magmatic-hydrothermal systems from rock and mush fragments brought to surface by silicic eruptions,Active,,UNIVERSITY OF BRISTOL
2C30E38B-6BAF-455A-B4DC-FF4C760CDF3E,STFC IAA Cardiff,Active,,CARDIFF UNIVERSITY
2DF520BB-AF77-419A-AAF0-FDF936194FCA,Adaptive Driving Interfaces for the Ageing Population in Future Vehicles,Active,,UNIVERSITY OF NOTTINGHAM
11315B1C-0209-4DBE-8255-FE5572008295,SafeRoute-6G,Active,,SATELLITE APPLICATIONS CATAPULT LIMITED
B33A7D44-99F9-4234-B272-FBE12B6E4161,High Pressure Gas TPC Development Studies for the DUNE Near Detector,Active,,UNIVERSITY OF WARWICK
B49994A4-B22C-45EE-BF94-FC4D33E7236A,3D (magneto-) hydrodynamic simulations of massive stars,Active,,KEELE UNIVERSITY
B509517E-050E-43C3-952A-FC6436E452D4,"COMMONING, SOCIAL METABOLISM AND EMERGING DECOLONIAL URBANISMS: AN ALTERNATIVE LATIN URBANISM IN MEXICO CITY",Active,,Unknown
B5C7C660-AE82-4C70-8CC3-FCBDB4443C71,Evolutionary Optimisation of a Pharmaceutical Feeder System,Active,,UNIVERSITY OF BIRMINGHAM
B5D040B3-3907-45E0-B9D6-FB556414D7C7,Connecting and mobilizing the EU agricultural advisory community to support the transition to Climate Smart Farming - ClimateSmartAdvisors,Active,,OPEN UNIVERSITY
B5F8B187-7F32-43C6-94A8-FC20F480AD01,Global Virtual Teams: Resilient resources for psychological wellbeing and performance,Active,,KING'S COLLEGE LONDON
35A0CB34-6EB5-49D4-AD80-FE0F465F6CF7,A High-Performance Light-Matter Quantum Network,Active,,UNIVERSITY OF SOUTHAMPTON
3661ACE8-6EC8-4103-A835-FF3AA144E975,Probing the Cosmic Dawn: a spectroscopic view of the first galaxies,Active,,UNIVERSITY OF CAMBRIDGE
37C2F0A2-F264-40DC-A993-FDE8FEDF5D5A,Harvesting waste heat as electrical power: Theory-led control of heat transport in thermoelectrics (Renewal),Active,,UNIVERSITY OF MANCHESTER
3882050B-B904-469F-80E4-FE459C2FFB75,Gaia - an AI Tool for Nature-related financial disclosure,Active,,FIDATA LIMITED
38AAFF22-3763-4B4E-981C-FDD20B7F7030,Breast Cancer Diagnosis and Risk Prediction in Multi-Incidence Mammograms: Leveraging UK and Brazilian Data and Expertise,Active,,UNIVERSITY OF WARWICK
16D7B5CD-F226-4498-84D0-FE52369D1F7E,Practical Security of Quantum Coherent Communications,Active,,UNIVERSITY OF YORK
17287775-2ADE-40F6-95AB-FEF7913799D5,Engineered UK clays for production of low-carbon cements,Active,,IMPERIAL COLLEGE LONDON
01F24440-4104-4F7A-98DD-FDF4DBE30FE6,Exploring the development of dialogic teaching skills amongst trainee instrumental/vocal teachers: A participatory action research project,Active,,UNIVERSITY OF YORK
027CCD14-0563-48BD-A283-FF36FA60B3D2,Accelerated Discovery of Functional Tetramine-based Metal-Organic Cages using High-throughput Computational Screening Methods,Active,,UNIVERSITY OF CAMBRIDGE
03A3979B-1ECF-41CA-9E12-FF2F5B744D73,Fundamental Studies of the Drying of Complex Multiphase Aerosol Droplets,Active,,UNIVERSITY OF BRISTOL
A04784C8-1FCF-4EA3-B395-FB54A40A0CAE,Developing AI Methods for Animal Health and Welfare Monitoring,Active,,UNIVERSITY OF LIVERPOOL
A0D71963-1C50-4AEC-ABEF-FBFA6C6707A5,"Remote visions, threatened ecologies, and the 'community drone'",Active,,"GOLDSMITHS, UNIVERSITY OF LONDON"
20EDE89B-9401-4446-A166-FEB5498A83F5,"Composing Acousmatic Stories: Hybrid strategies for exploring change, crisis and community through collaborative creative practice",Active,,UNIVERSITY OF THE ARTS LONDON
21B64280-D03B-4A5B-9A70-FDC20F1320D9,Astrophysics and cosmology from CMB scattering,Active,,Unknown
22E61657-DE9E-4CAF-BE8D-FF21257D4600,Are controlled localised degradation of resin composites and remineralisation effective in preventing secondary caries?,Active,,UNIVERSITY OF MANCHESTER
0B99BEFF-E3E6-463B-9CEF-FE119B24D8BA,Investigating the Mechanisms underlying Psychosis Associated with Childhood Trauma (IMPACT,Active,,UNIVERSITY COLLEGE LONDON
0BB85CFD-C312-4953-9E3A-FE0E0F6A557B,Gene replacement therapy for Syngap1 Syndrome,Active,,UNIVERSITY OF SHEFFIELD
A9B287E1-E014-4CF2-AB29-FCD07F29937B,Carbon Cluck-Char&nbsp;–&nbsp;Advancing Poultry Litter Management with Enriched Biochar for Emissions Capture and Sustainable Fertiliser Production,Active,,POLLYBELL FARMS LIMITED
EFF25505-D587-4575-902D-FBB791F2E534,The Causal Continuum - Transforming Modelling and Computation in Causal Inference,Active,,UNIVERSITY COLLEGE LONDON
F048AFD5-EBF5-4E40-86C8-FB9D8EF262C0,Identifying the link between viral infections and foraging behaviour in the honeybee brain,Active,,UNIVERSITY OF ABERDEEN
F12EC816-0525-4ACA-8792-FD10B54C1607,Hammer time: experimental investigations on the role of organic knapping percussors in Lower Palaeolithic technology and culture,Active,,UNIVERSITY OF CAMBRIDGE
F133C2A1-5E20-4D23-9583-FCC8CB8B5E45,UDLA 2527 Cardiff University,Active,,CARDIFF UNIVERSITY
8AFA083B-B856-4E82-A6BA-FB63893CBADD,Underpinning whelk fishery co-management using bio-economic and network analysis approaches,Active,,HERIOT-WATT UNIVERSITY
8C06D563-D9A4-4477-9BDD-FC0D6F042FFA,Investigation of macrophage ridges as a new therapeutic target in the treatment of cryptococcal meningitis,Active,,UNIVERSITY OF SHEFFIELD
8C42E7F4-DBB8-4662-B484-FC5BE5E2490A,MRC Centre for Environment and Health,Active,,IMPERIAL COLLEGE LONDON
0C180C62-B98D-4068-9780-FD87D2628191,Reawakening of embryonic transcriptional regulatory programmes in oesophageal cancer,Active,,UNIVERSITY OF MANCHESTER
0C4AAB90-DDC3-4C45-9D01-FF2A361A860F,Judging the Judges: Bringing Transparency to Judicial Reasoning,Active,,UNIVERSITY OF EXETER
0C4D69E0-406A-4F5A-A839-FF05528C1755,Exploiting hemi-labile ligands in Main Group catalysis,Active,,Unknown
0C64C0E6-E699-400B-BD67-FDAF88218FF4,rCF4NCF,Active,,LINEAT COMPOSITES LIMITED
0C7BEF50-5627-4C92-8DE6-FEEDBDB96B63,Is logical cognition dependent on language acquisition?,Active,,Unknown
0CB267AE-D6F8-4093-A626-FDAB8DE38A26,Metal fertility and transport in volcanic-hosted hydrothermal systems,Active,,UNIVERSITY OF EDINBURGH
0CB53AB3-E65D-4478-9394-FE9E767EE92B,Schools-based digital therapy for adolescent social anxiety disorder.,Active,,Unknown
FB548704-B620-4836-ACD5-FBF2A3CF9679,AIRTUK: The UK Artificial Intelligence for Turbulence Research Hub,Active,,IMPERIAL COLLEGE LONDON
9415CD7C-86FE-4DBD-BA9D-FCEAD091C752,Circular solutions for fishing gears,Active,,PLASTIC ENERGY LIMITED
94D4A605-FA0A-4D27-A518-FCACF0232FC7,Nuclear observations to improve Climate research and GHG emission estimates,Active,,UNIVERSITY OF BRISTOL
94EC77B4-9980-4FC9-BC44-FC60185CDD4B,Structural Performance Analysis of a Floating Green Energy Storage Subjected to Non-Linear Loads,Active,,UNIVERSITY OF PLYMOUTH
959C1C86-A149-402F-8641-FD433B0F0071,Distinct circuits for using object memory in perceptual and cognitive decision making,Active,,UNIVERSITY OF CAMBRIDGE
969031EE-7EE2-48A0-BC95-FB6CADDAF07F,Transient simulation of triboelectric nanogenerators considering surface roughness,Active,,UNIVERSITY OF GLASGOW
1511EF35-D645-4B45-A53F-FE7EEABCADE5,RAL Studentship 2 at KCL 2024,Active,,KING'S COLLEGE LONDON
D811FDB8-0B81-4EBC-9E5A-FCBB84597729,BBSRC National Bioscience Research Infrastructure: North Wyke Farm Platform,Active,,ROTHAMSTED RESEARCH
D8C5F0B0-D0CA-426C-B41B-FC10E9DB0CEB,The role of ethnicity in the development of Multicultural London English in early childhood.,Active,,QUEEN MARY UNIVERSITY OF LONDON
D96F0F1D-4F0D-4F70-B76E-FCB8E8A6EA8A,Detecting seasonal shifts in phytoplankton taxa and primary production in the Southern Ocean,Active,,Unknown
DA5522A3-847E-4C59-AEFF-FB57E0A3BA78,&quot;Cos&quot; it's worth it: Understanding and mitigating the impacts of ozone pollution on leafy salad crops,Active,,LANCASTER UNIVERSITY
FC59D549-28A0-4616-8F4C-FC7D94154858,"Marvellous Instinct, Intelligent Artifice: Animal Behaviour and the Arts in Seventeenth-Century French Thought",Active,,Unknown
FE81D665-3FB6-47C1-B1B0-FC3AB121C333,Promise Constraint Satisfaction Problem: Structure and Complexity,Active,,DURHAM UNIVERSITY
FEAC433D-5167-497B-B357-FCDC993A617D,Intelligent Sensing and Communication as Training Network for Perceptive Mobile Networks in 6G,Active,,UNIVERSITY OF HUDDERSFIELD
81F3BC9C-DFC5-4A92-BE10-FC0CE9A4AAD0,Artist-Researcher's encounter and intervention for a regional Black History archives,Active,,COVENTRY UNIVERSITY
E3B83C3E-237E-4549-B20F-FBEFE8EB9DE3,Generating the responsible assessment of afforestation as a greenhouse gas removal 'technology',Active,,UNIVERSITY OF EAST ANGLIA
03ECCC91-1055-430B-9D99-FD92E4C307EE,"Sus-Flow: Accelerating Sustainable Continuous Medicine Manufacture via Photo-, Electro-and Thermo-chemistry with Next-Generation Reactors",Active,,UNIVERSITY OF NOTTINGHAM
0400D507-0978-4ACC-B5B6-FEBB9ABBD648,The population genomics of sexually antagonistic variation in Drosophila,Active,,UNIVERSITY COLLEGE LONDON
041D42CF-48B8-4C41-BEE9-FECBD07250D0,Crop Yield Forecasting and Insights for Agricultural Supply Chain Resilience,Active,,DATA DYNAMICS LTD
04B8510E-194C-480E-B4D7-FDA6C1CD985C,Strongly Coupled Maps: Thermodynamic Limit and Rates of Convergence,Active,,KING'S COLLEGE LONDON
056FDA61-AD01-4163-90DF-FE1E83071335,Adaptive and Explainable AI for Predicting and Profiling Patients in NHS Emergency Departments,Active,,SWANSEA UNIVERSITY
058858F9-2D3B-471C-95B4-FF62FA48B109,COPE - Combined impact of heat and air pollution exposure on human health in India: Evidence and solutions,Active,,LONDON SCHOOL OF HYGIENE AND TROPICAL MEDICINE
065218AC-2B33-4A06-B73F-FF04CE6DB87C,Supporting industry in the development of safer and more sustainable polymers,Active,,HERIOT-WATT UNIVERSITY
69630CBE-9979-401D-A880-FCB2CF4C7D80,Antimicrobial resistance at the human-animal interface: filling in knowledge gaps where surveillance is scarce,Active,,UNIVERSITY OF EDINBURGH
69704261-7557-41C9-8E35-FBFD0D6F954E,Social and population health impacts of neighbourhood changes after redevelopment of contaminated brownfield land,Active,,IMPERIAL COLLEGE LONDON
69A52662-5F33-4B70-9ED7-FBCCEBF331E6,Past in present soils: Leveraging development-led archaeological data to generate insights into urban soil development and soil health,Active,,UNIVERSITY OF GLASGOW
6A590C9D-3FCC-46F9-A0BB-FC3C3BAC1887,Precision Solutions for Controlling Fasciolosis in Sheep,Active,,ABERYSTWYTH UNIVERSITY
E7AC0804-9E4B-4363-896B-FD1E4238B147,Resilient Crops: Miscanthus for biomass and carbon capture,Active,,ABERYSTWYTH UNIVERSITY
E7B20BB2-EE4C-4CEB-A088-FCDEA6C46BA6,"TiCToC: Times in Crisis, Times of Crisis: The Temporalities of Europe in Polycrisis",Active,,UNIVERSITY OF ST ANDREWS
E7CDE23F-D096-488D-9347-FB4B243C2BC3,Predicting disease flare and treatment response in inflammatory bowel disease,Active,,UNIVERSITY OF EDINBURGH
EA3C9CA5-ADEB-4F5E-BF15-FCD07B937A2A,CDT year 1 so TBC in Oct 2025,Active,,UNIVERSITY OF BRISTOL
CBDDFCAA-AE5B-4934-A94F-FCC683741FC6,Bio-electrochemical Recovery of Platinum Group Metals from Spent Car Catalysts by Cupriavidus metallidurans.,Active,,UNIVERSITY OF NOTTINGHAM
CED1A492-11E5-43EE-9F60-FC39A3C5FB5B,"Testing the relationship between HCN, dense gas and star formation",Active,,UNIVERSITY OF KENT
CEE370BE-1309-4EF8-8A8E-FD035C55239B,Improving X. tropicalis as a diagnostic tool for rare genetic diseases,Active,,UNIVERSITY OF PORTSMOUTH
D02CEC24-0002-4330-B4EE-FB82C4348BBF,An innovative AI-powered platform that could enable small farms to secure grants at 13% of traditional costs and reduce documentation time by 87%,Active,,REGENO AGRICULTURAL FINANCE LIMITED
D0BF8FFE-D8BA-4040-AC62-FCBEAC6BE664,"SIMPL (Space, Information, Mobility, Power and machine Learning)",Active,,TRUE POSITION ROBOTICS LIMITED
74EAB062-007A-4D0D-BCEB-FC5907E1B0B3,Diversifying Leadership in Elite Universities: The Development of an Empirically Grounded Recruitment Framework for the Global Higher Education Sector,Active,,TEESSIDE UNIVERSITY
755EC0A3-70FF-487C-9D39-FC9028CE8F6D,ResilAI: Exploring the Applications of AI Techniques in Supporting Infrastructure Resilience,Active,,UNIVERSITY COLLEGE LONDON
756C33F9-0C5B-4729-8F71-FC8E633F11F9,GOLD and physics-based docking with machine learning enhancements,Active,,Unknown
F314FD7C-582D-4098-994F-FBB37BC249F8,Proton-driven plasma wakefield acceleration---a new route to a TeV e+e- collider,Active,,SCIENCE AND TECHNOLOGY FACILITIES COUNCIL
F3B842E0-2923-444E-BE77-FBB43A03246E,Exploring genetic diversity for grain partitioning traits to enhance yield in high biomass spring barley germplasm,Active,,UNIVERSITY OF NOTTINGHAM
F3E9354E-45B9-4AF1-B6E4-FCA25C9918B3,Improving the outcomes of hand infections in low- and middle-income countries (LMICs),Active,,Unknown
F3F65FF0-76E6-4CF7-8FD3-FD2B8B99A603,Caprock -Reservoir Integrity of Subsurface Storage of Hydrogen (CRISTHY),Active,,UNIVERSITY OF MANCHESTER
F42E6CFC-ACE9-438A-9340-FC9E14EC3BFF,New Techniques for Resolving Boundary Problems in Total Search,Active,,UNIVERSITY OF LIVERPOOL
D7FA1DFF-5BBA-479F-82BC-FC81F7DFC81E,"Fatherhood, Breadwinning, and Search for Respect The Mandates of Manhood within and without prison",Active,,UNIVERSITY OF BRISTOL
53114E3C-AE35-48BD-9E31-FCF085764F53,Integrating genomics and transcriptomics to empower dairy breeding for feed efficient animals,Active,,SCOTLAND'S RURAL COLLEGE
B888D252-582C-43BA-98D8-FC0B9560DDD7,The UK High-Field Solid-State NMR National Research Facility,Active,,UNIVERSITY OF WARWICK
B9637B58-41EB-4C6B-B0E4-FD1E304EC449,A study on microplastics interference in mammalian cells metabolism via Infrared Microimaging and Nanospectroscopy,Active,,KING'S COLLEGE LONDON
B97F8C6F-2E7D-4A0C-AAEB-FD35AC2BF86E,Restoring the creep resistance of steel following exposure to high temperatures,Active,,BRUNEL UNIVERSITY LONDON
DD4E5146-C5E4-4BB9-A241-FCAD390E44CF,Mechano-responsive synthetic cells to engineer the immune response,Active,,Unknown
DD99347A-EC9B-4B55-9DF8-FB69F23F377D,Can we use bacteriocins to improve gut health?,Active,,UNIVERSITY OF EAST ANGLIA
5F4397DA-CFBF-43E6-B253-FC70B88C0BF1,"'RITUAL FRACTURE': DISMANTLING PATRIARCHAL HIERARCHIES THROUGH A QUEER, ANTI-CASTE, ECOFEMINIST RITUAL POETICS",Active,,QUEEN MARY UNIVERSITY OF LONDON
5FB8D9CC-CC65-4692-A1F3-FD11765E61FB,"PSM and the Digital Challenge: Purpose, Value and Funding",Active,,UNIVERSITY OF GLASGOW
5FE495E4-4831-4E7F-8A86-FB94D24274EA,Machine learning applied to laser-plasma interactions.,Active,,UNIVERSITY OF YORK
609149EB-33C6-43EE-97B1-FC1CD9140DF6,The kinetic stability of the solar wind,Active,,UNIVERSITY COLLEGE LONDON
C21FE6E8-E035-4455-B66E-FCC570AA4635,New methods of carbon capture using green materials,Active,,UNIVERSITY OF STRATHCLYDE
C274C955-839E-4ABE-88D7-FD251BB9F22F,Narrating the Imperial Past: Public Space and the Politics of Memory in Post - Soviet Ukraine,Active,,UNIVERSITY OF MANCHESTER
687B00DD-3F49-4A5E-94BF-FBFCC0E272C7,Causal contributions of deep prefrontal-amygdala circuits to social cognition,Active,,UNIVERSITY COLLEGE LONDON
A2EB6E7B-5D4E-4C50-9C2F-FD4244F48C7C,Upscaling the production of exsolved nickel nanoparticles to improve their feasibility of implementation for the dry reforming of methane,Active,,NEWCASTLE UNIVERSITY
A2F749CE-F864-4F49-A361-FBEC17E0E706,EU PAL-COPD: Evaluation of the ICLEAR-EU intervention to integrate palliative care in the treatment of people with advanced COPD and their family caregivers,Active,,LANCASTER UNIVERSITY
A5BC807E-0DFE-4EDB-9EE7-FCC12E9E50A7,RECYCLABLE MATERIALS DEVELOPMENT at ANALYTICAL RESEARCH INFRASTRUCTURES,Active,,STFC - LABORATORIES
C6D1DC9B-B066-40C3-8331-FB89BA1E07AD,"Muscle mass, quality, and the menopause: sex-specific strategies to mitigate sarcopenia in aging populations",Active,,UNIVERSITY OF NOTTINGHAM
C6DD7108-0B5B-4CD7-BD08-FBF176203397,Vitamin D in Ethnic Groups,Active,,UNIVERSITY OF SURREY
C7A745D7-C2B0-4313-9902-FB9FF5A6D335,A One Health framework to assess the risks of antimicrobial resistance in aquatic ecosystems in North-East Thailand and inform mitigation strategies,Active,,UNIVERSITY OF GLASGOW
C8201554-F0B5-4CF3-B866-FD094F1CE299,EPSRC Centre for Doctoral Training in Topological Design,Active,,UNIVERSITY OF BIRMINGHAM
44212739-899D-48D2-AA2A-FD02B47B2732,Characterising the impact of large wood in river restoration,Active,,UNIVERSITY OF EXETER
44D12091-2225-4768-ABA7-FCEA4A9FCCC2,Identifying the common biological properties of parasite vaccine targets,Active,,UNIVERSITY OF YORK
44F32CEC-9FAD-4F9B-8FAC-FB49BCC4F5C4,BBSRC National Bioscience Research Infrastructure: Rothamsted Long-Term Experiments,Active,,ROTHAMSTED RESEARCH
AC720506-8F3E-4990-B356-FC0B64860690,Women's Online Wellbeing : a European Examination of digitalised violence against women,Active,,NORTHUMBRIA UNIVERSITY
AC7B73C8-45C0-4909-A98C-FC1221BCABC8,SparcFISH: Democratising spatial transcriptomics,Active,,UNIVERSITY OF GLASGOW
AE4E58D1-7BD3-4593-A185-FBF807AD423C,Scalable Kinetic Dynamic Resolution Strategies for the Production of Chiral Compounds,Active,,IMPERIAL COLLEGE LONDON
AF390FAF-3BAD-4AF6-8788-FCC35FD7EA88,Accelerated Design and Qualification of Austenitic Steels for Creep-fatigue (ADEQUACy),Active,,UNIVERSITY OF SOUTHAMPTON
AF431B61-8ABC-4350-A01E-FB4ABA3D3AA8,The project will explore Explainable AI in support of increased automation,Active,,UNIVERSITY OF SURREY
AFA9BE71-502E-43F0-B047-FB7CB4EEF744,Development of tuneable microgels for controlled protein delivery in tissue regeneration,Active,,UNIVERSITY OF GLASGOW
4FF11005-C443-44CC-B303-FC6264F3D000,The Centre for Heterogeneous Integrated MicroElectronic and Semiconductor Systems (CHIMES2),Active,,UNIVERSITY OF SHEFFIELD
B1EED320-C992-49C7-A7BC-FCAB0B444B67,The nucleolus in the mammalian oocyte; form or function?,Active,,NEWCASTLE UNIVERSITY
2E57BD85-F3CE-4DB8-98D1-FD137324F45C,Extending the Triangulation Within a Study (TWIST) framework to improve real-world evaluation of genetically driven medication response,Active,,UNIVERSITY OF EXETER
2E5C46C0-97AB-47BC-9E70-FD3DB3E2D011,Integration and Harmonization of Logistics Operations,Active,,UNIVERSITY OF GLASGOW
2F12DCA0-1E76-45E3-B9AF-FC0AD6CFDC19,sustainable HYdrogen powered Shipping (sHYpS),Active,,LLOYD'S REGISTER EMEA
2FB0CE14-7891-48A5-AA69-FD047CDBC3BF,Personalised pharmacometabolomic optimisation of treatment for hypertension (HYPERMARKER),Active,,LONDON SCHOOL OF ECONOMICS & POL SCI
3092F31B-C9E7-4E03-B575-FD3E49E5AE40,How does oligodendrocyte transcriptional heterogeneity change biological function?,Active,,UNIVERSITY OF EDINBURGH
97A7F93C-5F9F-4F23-A315-FD0FCA64D83E,Modelling disease spread and non-pharmaceutical interventions in enclosed spaces,Active,,CARDIFF UNIVERSITY
9A37AE9B-F39D-448B-9125-FCFE0CCE048F,Remote Perinatal learning and safety platform,Active,,MYONLINESCHOOL LTD
9A4C419D-C788-4FC7-A2F6-FD429F40F73A,Seismology of the solar corona with slow magnetoacoustic waves,Active,,UNIVERSITY OF WARWICK
9A83C584-10EC-4F3B-88E9-FBDDF90715B9,Machine Learning Potentials for Strength Studies in Hexagonal Close Packed Materials,Active,,UNIVERSITY OF WARWICK
BA12E8B3-DBAE-418C-BFED-FBF8B9A40F5F,Integrative Approaches for Characterising Small-Molecule Binding to Disordered Proteins,Active,,UNIVERSITY COLLEGE LONDON
BC63D035-EE4A-4803-A964-FC6899E51FCF,Reconstructing Mediterranean Overflow Plume Properties,Active,,UNIVERSITY OF BRISTOL
BC67202D-EA93-4523-B0E8-FC183C7E7C23,Where the wild things go: finding and creating refugia from climate change in Northern Britain,Active,,NORTHUMBRIA UNIVERSITY
3C634998-6115-4D46-A68E-FD2D42CE4740,Environmental Biotechnology Innovation Centre,Active,,CRANFIELD UNIVERSITY
3D3C28E8-070A-4FD4-8867-FC1FBF886C8C,A new foundation for mathematics. Na&iuml;ve set theory in HYPE,Active,,KING'S COLLEGE LONDON
1DCAAC7E-AB40-4BE9-9BA8-FB67C277511F,Peri-urban strategies for sustainable surface water management,Active,,NEWCASTLE UNIVERSITY
1E1001AD-729D-4A37-A617-FC6D9312405B,EPSRC Centre for Doctoral Training in Advanced Biomedical Materials,Active,,UNIVERSITY OF MANCHESTER
1E569F05-218F-473B-9901-FCE3F5AB2DA9,AM4BAT - Solid State Li-ion battery by additive manufacturing,Active,,PHOTOCENTRIC LIMITED
1EB3EEEC-796F-400E-822C-FC28F623E947,Fibre Reinforced Thermoplastic Tape Development Cell,Active,,UNIVERSITY OF SHEFFIELD
824BEB03-B4F9-49D6-BC9B-FBC104589F77,Developing Intercropping for agrifood Value chains and Ecosystem Services delivery in Europe and Southern countries,Active,,SRUC
835A3D59-E9CA-4321-B770-FB888B84AFF1,"Pioneer Elites, Grey Markets, and Organised Crime in Arizona, 1945-1990",Active,,UNIVERSITY COLLEGE LONDON
83B6A3A8-2DC9-43E0-BD74-FBDF609E4046,"Living with disabilities, household conditions and COVID-19: a Scottish population-based study using linked administrative data",Active,,UNIVERSITY OF GLASGOW
845A7EAE-F69B-40D3-8F2F-FCF3252396F6,"Exploring the mechanism of gut acidification by the liver fluke, Fasciola hepatica",Active,,QUEEN'S UNIVERSITY BELFAST
851F74EB-1DF7-4790-A829-FC6757BE1D33,A Land of Ice and Fire: An Ecocritical Reading of the Landscapes of the Islendingasogur,Active,,UNIVERSITY OF NOTTINGHAM
A64E5B5D-F594-4186-909F-FD378E338060,"The English Catholic Community and Europe during the English Revolution, 1640-1660",Active,,UNIVERSITY OF BIRMINGHAM
A6765F15-700F-45D2-A834-FC451F21C625,Developing understanding of rainfall-triggered landslides in India to facilitate effective early warning systems (4954),Active,,UNIVERSITY OF EXETER
A6B60B1F-4F62-43B6-BD8E-FD4B33687DEF,Superior synbiotics for healthy ageing,Active,,NCIMB LIMITED
A8529AF4-8627-48B5-988B-FCD09D417D16,Investigating novel mechanical receptors in the sensory nervous system,Active,,UNIVERSITY OF LEEDS
A88798C2-4FBD-4436-9DE2-FD31234767D9,"Liquid Crystal Elastomers: from material, via mechanics to machines",Active,,UNIVERSITY OF CAMBRIDGE
252CF5D2-68A9-4C1C-95F8-FC5B42CA023D,"Prediction, Monitoring and Personalized Recommendations for Prevention and Relief of Dementia and Frailty",Active,,THE UNIVERSITY OF MANCHESTER
25D8D29B-0F4E-40AD-8C27-FBA93927BDFE,Resilience of Anthropocene Coasts and Communities (ResAnth): assessing and responding to urban and post-industrial coastal risks,Active,,QUEEN MARY UNIVERSITY OF LONDON
264F4D0C-14AE-4576-9E78-FC9303ECB1B1,Understanding the impact of climate change and elevated CO2 on tree microbial diversity,Active,,UNIVERSITY OF BIRMINGHAM
8DA4162F-5E4E-4396-9854-FC05ED622467,Carbon-neutral pathways of recycling marine plastic waste,Active,,UNIVERSITY OF MANCHESTER
8E6198D6-A01D-4A59-8778-FBFC1A9E3C95,The role of cell surface mechanics in activating the mechanosensitive ion channel Piezo1,Active,,UNIVERSITY OF CAMBRIDGE
8EB96581-D636-446D-BFAD-FBEFC81B71EE,Methodologies used to iinfer the dynamics of high dimensional time-series data.,Active,,IMPERIAL COLLEGE LONDON
6D0DA676-DA91-4B27-81C3-FBC69F8A0AB7,Ecologies of violence: heritage and conflict in more-than-human worlds,Active,,"BIRKBECK, UNIVERSITY OF LONDON"
6DD6B3E6-E76D-4F43-8CCD-FC092840D5D4,Trust-Enhanced Natural Processing for Standardisation of Radiology Reports,Active,,SWANSEA UNIVERSITY
6F36AB17-6C65-437B-8A87-FD29888E0D18,Exploring Artificial Intelligence to Develop the Analysis of Acoustic and Archival Telemetry Data: Unveiling Insights into Shark Movement (SAS0190),Active,,EDINBURGH NAPIER UNIVERSITY
12812B68-C3CE-4CEB-93BA-FB4CDB862767,Plant-based diets for older people in care homes: a realist and psychobiological evaluation,Active,,UNIVERSITY OF SURREY
12DC056C-EE6B-4B85-BE03-FCDA176BC8E5,Simulating Urban Air Pollution In The Lab,Active,,UNIVERSITY OF SOUTHAMPTON
135BDAFB-F258-4902-AF03-FB5D39DA6ADD,EPSRC Centre for Doctoral Training in Next Generation Organ-on-a-Chip Technologies (COaCT),Active,,QUEEN MARY UNIVERSITY OF LONDON
139C21D0-1247-49C4-84F8-FCA63D49DB2C,Computationally Rational Perception and Representation of Information in Sequential Decision Making,Active,,UNIVERSITY OF EXETER
91DBBC68-E059-4EC5-9FC1-FD1B2A108688,Ultrasmall bacteria for oral biofilm control,Active,,NEWCASTLE UNIVERSITY
76CF28AE-4BC7-4B28-8C19-FBD44D0A36F8,Guided parent-led psychological intervention to improve mental health outcomes in young refugee children (aged 3-11) resettled in high income countrie,Active,,Unknown
771CD484-B2E4-4678-BAD1-FB4FB515132F,Property Testing for Quantum Engineering,Active,,UNIVERSITY OF WARWICK
7799A920-2BDB-47D1-8046-FCFE7390D323,Nottingham Trent University and Rise &amp; Recline Limited KTP 24_25 R2,Active,,NOTTINGHAM TRENT UNIVERSITY
79D5E6B7-73DB-4866-8553-FC4D50289163,Three-dimensional Hybrid Composites for Repair and Recycling,Active,,CRANFIELD UNIVERSITY
9B12D78E-93BF-439A-9E1B-FCB0B7C37888,"Creation, optimisation and validation of an airborne environmental DNA sampling asset for terrestrial biodiversity monitoring",Active,,UNIVERSITY COLLEGE LONDON
9EB23C7B-B307-4871-A570-FB56FDDA9A22,REMOTE: Resilient and Secure Multi-Access Interoperable Communication Fabric for TinyEdge,Active,,UNIVERSITY OF YORK
1C277802-E006-4997-BC5A-FC294F7DC908,A combined remote sensing and machine learning approach to monitoring crop stress and predicting crop yield,Active,,UNIVERSITY OF SHEFFIELD
7167F472-E3F8-4435-B797-FD2C640D98F0,Markets and Metadata: Exploring the sociology of academic publishing in the digital era,Active,,UNIVERSITY OF BRISTOL
7313C78B-984A-479C-9FE6-FC9EC137F3B6,Towards lice-resistant salmon: functional genetics and genome editing to enhance disease resistance in aquaculture,Active,,UNIVERSITY OF STIRLING
7386C607-2160-4044-B2F2-FCFC656C6361,The University of Leicester and The Audience Agency KTP 23_24 R1,Active,,THE UNIVERSITY OF LEICESTER
7395A11B-4F73-4B49-9602-FD3ADF3817C4,QD transistors and matrix arrays for wafer scale integration,Active,,CARDIFF UNIVERSITY
73BEC4F7-DD10-42A7-A3F4-FCA12387BF7F,Topological physics,Active,,UNIVERSITY OF BIRMINGHAM
546E5627-FEF8-4C59-A465-FBEE42E4DA21,Understanding Why Adversarial Examples Exist in Deep Neural Networks,Active,,UNIVERSITY OF WARWICK
60F8F824-438B-4D6B-BECD-FCF3567CF490,IN-NOVA - Active reduction of noise transmitted into and from enclosures through encapsulated structures,Active,,UNIVERSITY OF SOUTHAMPTON
630B6FBD-CDFA-4817-AC40-FBE59A458A39,Development of a biohybrid microrobotic system: Future drug delivery,Active,,UNIVERSITY OF LANCASHIRE
061AD3B7-F7DE-4651-8640-FC2467230A3E,A Human Factors Psychology Approach to Immersive Cyber Incident Response,Active,,CARDIFF UNIVERSITY
06E454EA-AAF0-49EA-8CBF-FCFEE4D5EA44,University of Portsmouth Higher Education Corporation and Fortis IBA Limited KTP 22_23 R3,Active,,UNIVERSITY OF PORTSMOUTH HIGHER EDUCATION CORPORATION
077D6FF8-9F31-473A-9AA5-FC9A47EE76EE,SmartGauge: A digital drilling depth medical device to make fracture fixation surgery safer and faster,Active,,LONDON DEVICES LTD
099A9B45-9815-421F-8A55-FB577C27F987,Fighting Childhood Obesity to Stay Healthy all Over the Life (OBELISK),Active,,BETA TECHNOLOGY LIMITED
0A240AEF-71D9-46DE-8712-FC423F45D286,Human Hair as a Regenerative Material Resource: utilising protein fibre waste in the circular bioeconomy through interdisciplinary collaborative desig,Active,,UNIVERSITY OF THE ARTS LONDON
0B07D104-E9BD-4AB4-BC6B-FBA9BB56F5CB,LASERTEX: Laser Surface Texturing for PFAS-Free Textiles,Active,,AMPHIBIO LTD
0B58B947-D8B7-4019-9364-FC8AC96857EE,High performance deterministic radiation transport methods for SMRs,Active,,IMPERIAL COLLEGE LONDON
870A9DD1-1FCC-4B19-AE38-FD4F64CD89E2,Developing an efficient and accessible &quot;data-to-decisions&quot; pipeline for remotely sensed biodiversity monitoring data,Active,,UNIVERSITY OF ST ANDREWS
87131EB3-A002-46D8-BC2A-FB99EDBAA664,Ionospheric Outflow at Jupiter,Active,,LANCASTER UNIVERSITY
8778E655-27F5-45E6-924A-FC0E3A1D8B51,Hybrid modelling based digital technology for process flow diagram development,Active,,UNIVERSITY OF MANCHESTER
883EAA97-E238-4CF2-8BFE-FC89F18CA6C9,The Laser-hybrid Accelerator for Radiobiological Applications; Scope of work to be carried out under the ITRF Preliminary Activity,Active,,IMPERIAL COLLEGE LONDON
6C63EEF1-B036-4BD5-A5B1-FB9CEF8DD24C,STFC Leeds Physics 2023 DTP,Active,,UNIVERSITY OF LEEDS
5B3292A4-C197-4702-A134-FC55863CA7DC,"Online Platforms, Offline Consequences: Exploring online abuse against feminist activists in Kyrgyzstan",Active,,UNIVERSITY OF SHEFFIELD
5D5A4ED2-A9A1-4C16-859D-FD015807B3D2,"Nasawe'sx ya'yu'cenxi (Weaving Our Own Justice): Justice and Authority in the Nasa Communities of the Sa'th Tama Kiwe Territory, Caldono, Colombia.",Active,,UNIVERSITY OF CAMBRIDGE
47573A62-DD55-4D7B-AF92-FB8E6F76CF64,The role of digital technologies in supporting the acquisition of foundational skills in primary school children post conflict.,Active,,UNIVERSITY OF NOTTINGHAM
4762DAE8-B8DD-41E1-BB01-FC52D56BEFC7,Sustainable Glass Industry with Fuel-Flexible Technology (GIFFT),Active,,SHEFFIELD HALLAM UNIVERSITY
4800C696-7616-4B46-8AED-FB6CB0987948,Polar Ocean Mitigation Potential,Active,,NERC BRITISH ANTARCTIC SURVEY
49CD68A2-4A49-4192-90E5-FC0754B21D40,How individual is your sweat,Active,,UNIVERSITY OF SURREY
E3F97144-6507-4CBA-9757-F9A72B745888,"Ribo-MaP, a chemical biology approach for rapid transcriptome-wide profiling of translation activity",Active,,UNIVERSITY OF EDINBURGH
E6950FE0-0D48-4C6D-970E-FA83D09A66BE,Targeting surface M-like proteins of pathogenic streptococci to combat AMR,Active,,UNIVERSITY OF EDINBURGH
E6C7AEFD-F886-4B21-98C6-FB4589D05E22,Near-field optical spectroscopy,Active,,UNIVERSITY OF SHEFFIELD
EF207984-77DA-48C5-A9D0-FB34D3C17394,Investigating Factors Leading to Poor Maternal &amp; Birth Outcomes among Black Women to Inform a Culturally Competent &amp; Accessible Care Perinatal Pathway,Active,,KINGSTON UNIVERSITY
EF6BFB56-98BF-4742-90D8-F9C5D1661999,Development of barocaloric materials for next generation refrigerants,Active,,UNIVERSITY OF EDINBURGH
409EF054-117C-406F-95F0-FBAC245DADFC,ANDANTE: Accelerated nonadiabatic dynamics in photochromic molecular crystals,Active,,UNIVERSITY COLLEGE LONDON
41CCA8E9-CF74-4BA0-AF91-FCEC717F660E,Obstacles to replication: uncovering the mechanisms of macromolecular collisions,Active,,UNIVERSITY OF YORK
426E54FC-A9CE-40E1-A2BA-FC11EA557358,Beneath the surface of a 'Hydro Nation': pursuing the right to safe drinking water in Scotland,Active,,UNIVERSITY OF STIRLING
427F1B99-4782-45A0-9E89-FCCF940732A3,Engineering biology for critical metal recovery from industrial wastestreams,Active,,UNIVERSITY OF MANCHESTER
CBB170AB-FE19-46FF-A459-FA6C1FF2FA06,Identifying the drivers of reproductive failure in threatened turtles and tortoises,Active,,UNIVERSITY OF SHEFFIELD
CBDA4BCA-BF4B-4610-B94A-FAE973313999,Cumulative Disadvantage in the Criminal Justice System,Active,,UNIVERSITY OF PLYMOUTH
CD68291A-5A27-4280-BD13-F96517547A44,Scalable nanomaterial-based circuits and optoelectronics,Active,,UNIVERSITY OF CAMBRIDGE
CD72F625-1C63-4075-96C4-FAC4C436D800,An Uncertainty-Quantification-Enhanced Vision Transformer AI Model for Cancer Diagnosis,Active,,UNIVERSITY OF MANCHESTER
4B4C26A2-41F0-4031-9E22-FD0575E6830D,Carbon sequestration in BLUe EcoSystems - C-BLUES,Active,,PLYMOUTH MARINE LABORATORY
4C5CA987-32C4-42BB-B403-FCAC2BD2BBC3,Challenges facing all solid-state batteries,Active,,Unknown
4C9F6F4D-CBA1-4C8E-8AD3-FBF91F64E5D5,Exploring the adaptive landscape of multigenerational inter-specific hybrids to improve iso-butanol tolerance.,Active,,UNIVERSITY OF MANCHESTER
4036D29A-1439-4206-8D10-FC289788723B,Bidirectional biomimetic interfaces for the in vitro exploration of human physiology,Active,,UNIVERSITY OF CAMBRIDGE
D6545132-F57F-46D0-B321-F974E46714F5,Electrically Switchable Ferromagnetic Josephson Junctions,Active,,UNIVERSITY OF LEEDS
D6588C82-7684-49C4-9545-F99708F5DE7A,Teesside University and Sylatech Limited KTP 23_24 R5,Active,,TEESSIDE UNIVERSITY
D67E8AC2-6E3C-4DB0-A931-F9D1DFA81E10,"Biodiversity, Ecology and Evolutionary Processes",Active,,Unknown
D698D0E4-3A59-4CCC-B967-FAEC2B4FD49C,"Melted, Singed, Incinerated, Saved: Traumatic Materialities of the Great Fire of London",Active,,UNIVERSITY COLLEGE LONDON
D949EFBD-8984-4595-B59A-FAD3CD6912B0,Understanding the crosstalk between spatially separated RNP granules during cellular stress responses,Active,,THE PIRBRIGHT INSTITUTE
DA0728DF-8DAD-47A3-9DBC-F945A2991B47,Mathematics,Active,,UNIVERSITY OF WARWICK
59F8D935-F11E-4476-BB51-FCDA361B10B2,Integration in European Financial Markets - an Empirical Asset Pricing Perspective,Active,,IMPERIAL COLLEGE LONDON
5A88D269-EF01-4138-97AD-FCD9A58FA499,"Co-developing and piloting a peer-led, school-based intervention to support adolescent wellbeing in a diverse, low-income London borough",Active,,QUEEN MARY UNIVERSITY OF LONDON
B4FF17F6-C7A0-4AB7-BF9A-FAF330E79E07,INTEGRATED QUANTUM NETWORKS (IQN) RESEARCH HUB,Active,,HERIOT-WATT UNIVERSITY
B673126A-3DDD-4A01-AE8A-F950F2A381D8,Manipulating two-component systems to activate cryptic antibiotic pathways in filamentous actinomycete bacteria,Active,,JOHN INNES CENTRE
B73AE4E0-B942-4F8B-AE01-F9F9DBE4F8F5,A living bionic leaf to produce solar fuels and chemicals from carbon dioxide,Active,,NORTHUMBRIA UNIVERSITY
27D93AE8-A3AD-4062-9941-FB972AB526EB,Interrogating host-parasite interactomes with multiscale proteomics,Active,,Unknown
291D1E89-18B3-4990-B2E1-FBE151AA476B,Examining barriers to political engagement and participation through online multiplayer games,Active,,UNIVERSITY OF LEEDS
37CBB545-FF7E-40D4-B783-FD41BCE7DC26,ECCS-EPSRC. Acoustically Induced Ferromagnetic Resonance (FMR) Assisted Energy Efficient Spin Torque Memory Devices,Active,,UNIVERSITY OF EXETER
2B25BE18-4FC6-4C2B-8F60-FCE6CB6E9C39,Assessing the threat to Antarctic shallow marine ecosystems from hitchhikers on non-native kelp,Active,,UNIVERSITY OF HULL
393EBF3B-4AC6-494F-B3CF-FC95A13214FF,BLUEADAPT: Reducing climate based health risks in blue environments. Adapting to the climate change impacts on coastal pathogens,Active,,UNIVERSITY OF EXETER
C0A215DE-E6E2-4AE8-8273-FB07721872AF,High Throughput Laser Array Based Additive Manufacturing,Active,,UNIVERSITY OF CAMBRIDGE
C2A7665E-4E52-4049-9F71-FB3819F16C61,VUTSELA: Sustainable Farm-based Biogas Systems with Community Impact in Eswatini,Active,,SCIENCE TECHNOLOGY AND INNOVATION FOR DEVELOPMENT LTD
32D58527-0BA6-4032-8A7D-FD14BF3D88D7,Self-tuneable metasurfaces for self-powered sensing and vibration absorption,Active,,LOUGHBOROUGH UNIVERSITY
A0447641-3402-486E-A8DA-F9B51D199198,DTP 2224 Edinburgh Napier University,Active,,EDINBURGH NAPIER UNIVERSITY
2356BC3D-8BDF-4FF0-8DD2-FBF5D842D67C,Modelling the multi-scale spatial variations in the geomechanical properties within the discontinuities of the Sherwood Sandstone Group and their infl,Active,,HERIOT-WATT UNIVERSITY
242F72C1-011C-4A01-A35A-FBE193BED361,Accelerating Decarbonisation of the Built Environment with AI,Active,,BUILDING ATLAS LTD
24DAB7BA-49A9-4594-84E6-FCFF04084483,Seabed Mining And Resilience To EXperimental impact,Active,,SCOTTISH ASSOCIATION FOR MARINE SCIENCE
177BAC02-1BF3-45FD-9BE6-FCB19A79E63A,Collusion or Unreasonable Rules: Evidence from Chinese IPO Underpricing,Active,,LONDON SCHOOL OF ECONOMICS AND POLITICAL SCIENCE
17EB4604-D297-4B50-9128-FBB093F64BBA,CAMBER - Connected and Adaptive Maintenance for Safer Urban and Secondary Roads,Active,,INTERNATIONAL ROAD ASSESSMENT PROGRAMME
A887F882-52EA-4113-A9C9-FA6AED70E795,Enhancing Quantum Circuit Simulations through Structured Tensor Algebra Optimization,Active,,UNIVERSITY OF EDINBURGH
A9883C50-54A0-454B-83A0-FA70231571F9,Detecting snow under and within trees with satellite lidar for improved climate and weather modelling,Active,,UNIVERSITY OF EDINBURGH
AC0DD3ED-13E3-409D-8655-FB3A146321EC,Transitions of young workers using linked administrative data,Active,,UNIVERSITY OF SHEFFIELD
AC272BCE-1383-45DC-A893-FA49E05A9598,"AHRCMusicHub University of Southampton, Centre for Music Education and Social Justice",Active,,UNIVERSITY OF SOUTHAMPTON
AC84257B-AC0D-4409-9DDF-F971078BF3BD,Discovering the causes of three poorly understood cancers in Europe (DISCERN),Active,,IMPERIAL COLLEGE LONDON
2C1F3A8F-5E1F-43BD-AA6A-FB79614A6970,Threads of Subversion in Romanian Textile Art of the Ceausescu Era (1965-1989),Active,,COURTAULD INSTITUTE OF ART
2D2B0480-48D6-4E16-A31F-FB7556D709FD,Quantum Technology,Active,,UNIVERSITY OF CAMBRIDGE
2D599C01-756E-4569-A3D3-FC98942A894C,HORIZON-MSCA-2023-SE-01,Active,,THE POLISH UNIVERSITY ABROAD (PUNO)
2DB344BC-6E1D-4B25-B5A8-FC63703FD2F0,Probing the mechanism and physiological roles of the bacterial DedA family of lipid transporters,Active,,UNIVERSITY OF KENT
1FCA41F6-BB3F-4F6F-8013-FCAD872E821A,Coherent quantum dynamics of cavity-mediated and Forster coupled remote quantum-dot qubits,Active,,CARDIFF UNIVERSITY
1178DBF9-8944-456F-A2FD-FCC574FAE4AF,The role of SETD1B in somatic hypermutation and germinal center physiology,Active,,KING'S COLLEGE LONDON
1249A73F-7BED-49FA-9158-FCC1063CAFE2,Exploring the effects of time-restricted feeding on the immune function of obese individuals: a multi-omic approach,Active,,KING'S COLLEGE LONDON
FEE47C28-C0BD-448D-AE9C-FACE9685868D,Interconnections of Past Greenhouse Climates,Active,,UNIVERSITY OF SOUTHAMPTON
FF176350-6E38-46F5-9C55-FB2915B077BC,Understanding the effect of anti-psychotic medication on cellular metabolism.,Active,,UNIVERSITY OF NOTTINGHAM
01B7CCCD-00B0-4D34-8C9B-FC68507D6B1A,Targeting tumour-host interactions in paediatric malignant gliomas to reinvigorate immunity and improve radio- and immunotherapy efficacy,Active,,UNIVERSITY OF OXFORD
0238B0B5-D5CA-4B9A-BE38-FB62B63BC9C1,"Evaluating the impact of spreading depolarisations, post stroke, in the awake brain using graphene-enabled nanotechnology.",Active,,UNIVERSITY OF MANCHESTER
94C6E723-AF0A-4CB8-A438-F951F5B81948,The Role of Cognitive Experience in Decision and Action,Active,,UNIVERSITY OF LIVERPOOL
94FB55B4-8DBD-4820-9B8A-F99D2B2FAF2D,Dynamic axonal mRNA regulation by a major spliceosome protein,Active,,UNIVERSITY OF EXETER
954E1569-A6F9-41D7-9CA2-F9F32BCD3C5F,"Spectrally Efficient, Low cost and Energy Communication for Transport using 3D Angular Modes (SELECT-3DAM)",Active,,UNIVERSITY OF SURREY
95B335F2-DF38-424B-83DA-FB047BD9D92E,Virus Life Cycles at Multiple Scales: Virus-host interactions controlling species-specific outcomes,Active,,THE PIRBRIGHT INSTITUTE
95D8D722-4FA8-466D-80B5-FAD2636F275E,Extreme Climatic Events in the Oceans: Towards a mechanistic understanding of ecosystem impacts and resilience,Active,,MARINE BIOLOGICAL ASSOCIATION OF THE UNITED KINGDOM
95E2E622-1E60-46E3-9DE4-F948DB89CB3E,Thermal transient effects in fusion front wall/breeder blanket components,Active,,UNIVERSITY OF BRISTOL
192C072A-F956-405B-9839-FBD2005E7F08,Understanding Losses in Organic Semiconductors with Quantum Optical Single Molecule Spectroscopy,Active,,UNIVERSITY OF GLASGOW
1933349A-7576-4C1D-850B-FC969DC003CE,Mapping Memorial Books: Tracing the Commemorative Legacy of Yiddish Yizkor Books,Active,,UNIVERSITY OF GLASGOW
19F95045-9EB9-4A34-8271-FBD2A17D5588,Chamber Studies of the Oxidation of Key Atmospheric Intermediates,Active,,UNIVERSITY OF LEEDS
1A3942EE-E1ED-419C-8422-FC6E45BD3B0E,Exploiting protein import to interrogate energy transduction through the bacterial cell envelope,Active,,Unknown
1B171744-9505-4A90-8B7D-FCA54EC05F11,Vesicle trafficking: a novel transformative technology for cellular engineering,Active,,UNIVERSITY OF KENT
0B90CF9B-B38C-47F7-B487-FC06E0695381,Genomic analysis of extinction risk in birds,Active,,UNIVERSITY OF KENT
0BBEEA84-67AD-4AB4-B468-FC0FDB3BA3B4,Role of cancer cell derived extracellular vesicles in neuron development and connectivity,Active,,UNIVERSITY OF NOTTINGHAM
EB8BD694-4F44-44F7-A169-FA132FA0DF2D,Insight into the neuroprotective function of the prostaglandin receptor EP2.,Active,,QUEEN'S UNIVERSITY BELFAST
7EEB79E7-F75B-4093-8017-FAD4DBC2D63F,Leveraging genomics and artificial intelligence to develop predictive pesticide risk assessment frameworks for wild pollinators,Active,,UNIVERSITY OF EXETER
8008003E-12E7-4D1F-90E0-FB12BB6726E5,Sustainable packaging solutions for food and cosmetics based on aquatic biomass and side-streams,Active,,UNIVERSITY COLLEGE LONDON
8035A779-9A81-45B6-9680-F9F6454DF384,This project will develop a framework to assess the reliability of AI for predicting the risk of breast cancer.,Active,,UNIVERSITY OF SURREY
80846B2A-DA40-48A6-8185-FA0F1B3DA2F8,Reckless leisure? A spatial ethnography of unauthorised 'wild' swimming in London,Active,,"CITY ST GEORGE’S, UNIVERSITY OF LONDON"
03A4C4F7-0C98-4971-9753-FBEC5DBB04F6,"The Theatricalization of Class in Performance, Policy and Practice.",Active,,UNIVERSITY OF THE ARTS LONDON
044FD8A8-BD5F-491F-81CD-FBB445AE74C2,Production and diversification of potent adjuvant molecules in green plants,Active,,HOTHOUSE THERAPEUTICS LIMITED
052CAC54-EF1A-4345-B1B5-FD3A5970701B,Art and Inequality in the Post-Black Death Century,Active,,UNIVERSITY OF GLASGOW
F2D6AC48-5AD5-47B5-A029-FB228B82DD34,Structural dynamics of Augmin in the creation of microtubule branches,Active,,UNIVERSITY OF EXETER
F2FFEB2D-05CD-430F-A6D7-FAF434F4A7E5,New generation bioceramic treatment technology for orthopaedic implants with complex surfaces for the prevention of periprosthetic joint infections,Active,,BIOCERA MEDICAL LIMITED
F54EE8A8-0E14-43F9-B86A-FAC6E67EE062,SpectroMicroscopy and Spin at the Single Chemical Bond Limit,Active,,UNIVERSITY OF NOTTINGHAM
F7301A09-D3A8-46D0-A381-FAF06964A3FB,Healing the emotional wounds of children who have engaged in work illegally: A multi-country feasibility study of a co-produced arts-based program,Active,,QUEEN MARY UNIVERSITY OF LONDON
8A9D32D0-140A-4849-859B-FB109098B755,Covariant Compton Scattering in Black Hole Systems,Active,,UNIVERSITY COLLEGE LONDON
8B24F0CA-2814-44DF-A8C7-FA676EAB2C68,FCDO Tackling Infections Fellowship,Active,,UNIVERSITY COLLEGE LONDON
8C23CD81-C63D-4565-87CF-F9ADCB594B4E,The Effects of Generational Differences on the Formation Redistribution Preferences and Electoral Behaviour in Western Europe,Active,,LONDON SCHOOL OF ECONOMICS AND POLITICAL SCIENCE
8D57B72B-CBF0-47E7-B58D-F9ED2DE946BA,New Quantum Materials from High Pressure Synthesis,Active,,UNIVERSITY OF EDINBURGH
0F04A4F7-DC5A-4BBB-B40A-FCF8FFB5C884,Secure Digital Rights Management for over-the-top media services,Active,,ROYAL HOLLOWAY UNIVERSITY OF LONDON
0F497B0B-DB9A-49D8-ABA3-FC350A8FB03A,The UK Dynamic Nuclear Polarisation Magic Angle Spinning NMR Facility,Active,,UNIVERSITY OF NOTTINGHAM
EEDE4104-E0E6-4B49-8882-FAB1CAD55D4D,Newcastle Particle Cosmology Programme,Active,,NEWCASTLE UNIVERSITY
6989245D-61E3-4D4E-937A-FAC7DB3E9204,A Dimensional Approach to Bilingualism and Autism: Investigating the Impact of Bilingual Experience and Autistic-Like Traits on Theory of Mind in Scho,Active,,UNIVERSITY OF EDINBURGH
6B837BA6-FB5A-480B-8B85-F9AD5304FFE8,"Time, Light &amp; Sound: the effect of the urban environment on the movement ecology of owls",Active,,UNIVERSITY OF GLASGOW
DD1904E9-DE16-41A7-9D7E-FA88EE4BB0F8,The development of a new first-in-class cancer therapeutic for difficult-to-treat metastatic Triple Negative Breast,Active,,SPIREA LIMITED
746B1FF1-F744-40F2-BE25-FA4DE526FC29,LTLS Freshwater Ecosystems (&quot;LTLS-FE&quot;): Analysis and future scenarios of Long-Term and Large-Scale freshwater quality and impacts,Active,,BRITISH GEOLOGICAL SURVEY
751CC5E4-2CC9-40FE-84EC-FA29E097F576,Research in Exoplanetary Atmospheric Chemistry,Active,,UNIVERSITY OF LEEDS
F7B718BA-0E56-452D-B53B-FA08F4BA0325,Rational Design of Polymeric Nanoparticle for the Delivery of Biologics for Cancer Therapy,Active,,UNIVERSITY OF STRATHCLYDE
F98C6EB2-8B6C-4938-AAC1-F9E4A073CD65,"Peculiar Precarity: An Examination of Black Girls' Experiences within the Juvenile Court System and Bi-racial Institutions on the US East Coast, 1933-",Active,,Unknown
E8695A4D-91E3-4069-B9E8-FA32AD2ABFB1,Conversion of Mined Copperas to Precursor Lithium Iron Phosphate of Battery Cathode,Active,,UNIVERSITY OF LEEDS
E8A337B6-782A-4C9E-8EA6-F9A718CB1694,Oxygen sensing and adaptation to hypoxia in Medicago truncatula nodules,Active,,Unknown
E9649B95-2F0B-4AF8-94C9-F98DB30846DF,"Stemness and maintenance of CD4+ regulatory T cell (Treg) responses in homeostasis, inflammation and ageing",Active,,UNIVERSITY OF CAMBRIDGE
E9C5B4A6-DD79-47EE-AAAD-FB437F301C8A,Extending the Functionality of Single Molecule Mass Photometry with Tandem Ultraviolet Illumination,Active,,Unknown
E9C66255-7ED1-4D07-B54A-FB42AFC89FD7,Covariate Information for Dynamic Network Embedding,Active,,UNIVERSITY OF BRISTOL
D5AA8459-0757-40CA-B379-FAD968AA5124,Synbiotic supplementation to mitigate the hypercholesterolaemic effects of a ketogenic diet,Active,,UNIVERSITY OF BATH
C42738E8-3A6C-4D41-A1BB-F9A97F88473F,Deconstructing ‘home’ in crisis - understanding intersecting crises through the lens of ‘home’,Active,,UNIVERSITY OF SOUTHAMPTON
6043CE88-84C0-4D56-8269-F9C7D64B1C4B,Mobilising cultural heritage in UK marine fisheries,Active,,HERIOT-WATT UNIVERSITY
604EB26A-912A-47AC-8F8A-FADEA982D249,We are here to stay Inna Inglan: The role of Immigration Policies in the 'Un-Homing' of British Windrush Descendants.,Active,,UNIVERSITY OF YORK
6233DD71-9537-427B-9624-FA1BD55747D0,Infrastructure and Services - Technology Services Ecosystem,Active,,HEALTH DATA RESEARCH UK
DF3E6EFF-B160-4D3B-96C4-F9FD00F05EBD,Vaccination heterogeneity and social networks,Active,,LANCASTER UNIVERSITY
E096AFC3-4755-41D7-930E-FA6F58399B43,STFC Strathclyde Physics 2023 DTP,Active,,UNIVERSITY OF STRATHCLYDE
E2343205-E05F-4AB9-9B84-FA233076EA06,Score-based diffusion methods for Bayesian imaging with data-driven priors encoded by neural networks,Active,,UNIVERSITY OF EDINBURGH
CE01EEED-3462-4E4E-8D06-F9C5C06AA3CB,Understanding the Consequences of Recreational Noise Exposure,Active,,UNIVERSITY OF MANCHESTER
CE5DDEFA-FDA7-4979-8665-FAAE764BAF48,Astronomy and Astrophysics at the University of Nottingham - 2023 to 2026,Active,,UNIVERSITY OF NOTTINGHAM
CF6DBCEA-B355-47A6-B0CB-FB41488B7DFF,NERC Determining extinction correlates on geological timescales,Active,,Unknown
D042D978-674C-4FE1-9335-FAEF335E14D6,AI and machine learning assisted development of greener formulations and pharmaceutical processes based on amorphous solid dispersions,Active,,QUEEN MARY UNIVERSITY OF LONDON
D0E50365-717B-47D1-A3EA-FAA3B8F21075,"How can we move towards more equitable organisational systems in the arts by learning from familial, transcultural and diasporic formations of memory?",Active,,"GOLDSMITHS, UNIVERSITY OF LONDON"
D142D7F2-5814-42C3-BBD3-FB0B9B5942B4,Dynamic shoulder orthosis for selective restriction of glenohumeral joint motion and maintenance of mobility,Active,,IMPERIAL COLLEGE LONDON
D142E77A-12A0-444B-84C3-F9448EB15DCE,MARVEL-ous Extracellular vesicles carry RXLR effectors into host plant cells,Active,,UNIVERSITY OF DUNDEE
D153ACD4-640C-45F5-9698-F955A4C91852,Targeting soluble guanylate cyclase as a novel strategy to treat and prevent cardiac arrhythmias: efficacy and mechanisms,Active,,UNIVERSITY OF MANCHESTER
D1BE84E3-7F91-4031-A809-FAE813727435,Sweating,Active,,NEWCASTLE UNIVERSITY
ECBDC74B-5886-44CB-BA1F-F9B0824FD47F,CATCR: Central Africa Training Platform for Clinical Research on infectious diseases,Active,,UNIVERSITY COLLEGE LONDON
ED93DF84-DD21-463D-AF8B-F9D942BA5859,Development of Novel Enzymes for Improvement in Home Care Products and Fragrances,Active,,UNIVERSITY OF EXETER
B26DADEE-563A-42B1-8066-F9B4FFDD3694,Decoding Biodiversity (DECODE): Linking Fine-Scale Microbial Diversity To Ecosystem Functions,Active,,EARLHAM INSTITUTE
4A170958-3EB3-4FFE-884C-FAF5862DF947,Unlocking the Full Potential of Deep Eutectic Solvents in Synthesis,Active,,IMPERIAL COLLEGE LONDON
4DE63EA4-ACBB-4899-9100-FA333AD5D30D,Green Optical Wireless Communications Facilitated by Photonic Power Harvesting &quot;GreenCom&quot;,Active,,UNIVERSITY OF CAMBRIDGE
C638DAB5-BDFC-4735-A766-FAE6E5465768,Giant Planet Formation,Active,,IMPERIAL COLLEGE LONDON
C9F6BDD4-7E89-4524-9BC1-FB1E2A79E04F,Human sensory neuron and macrophage co-culture; developing a model to test agents capable of disrupting painful neuroimmune signalling,Active,,UNIVERSITY OF GLASGOW
CAD2E1EE-0930-47F2-B302-F9C673E16A6E,Investigating the Prognostic and Predictive Values of Spatial Cellular Interactions in Colorectal Cancer through Spatial Data Analysis and Machine Lea,Active,,UNIVERSITY OF GLASGOW
B8C9F732-9D77-4060-946F-FA3FBBBC2091,"Groups, geometry, and automata",Active,,UNIVERSITY OF GLASGOW
BB911EF6-500C-43EC-81E1-F999D44D432E,Fragmentation and flow of gas-particle mixtures in volcanic systems,Active,,LANCASTER UNIVERSITY
55E1CA62-664B-4803-9F0E-F9AB45592131,ICF: A novel dual-target gene therapy for safe and efficacious treatment of chronic non-infectious uveitis,Active,,UNIVERSITY OF BRISTOL
5703FBA2-3A92-4D86-818F-FAB8BDC89A83,The University of Leeds and Paxman Coolers Limited KTP 24_25 R2,Active,,THE UNIVERSITY OF LEEDS
57A8DC1B-7010-4B54-95C3-F94E53CDDD47,Presynaptic NMDA receptors in hippocampal long-term depression in mice,Active,,UNIVERSITY OF CAMBRIDGE
D3F0E859-AE42-4512-B8E4-FABAFFF447E0,"Performance Estimation, Assessment, Reporting and simuLation (PEARL)",Active,,UNIVERSITY OF WESTMINSTER
D43A5A78-ACA7-4031-AFB8-F9EE93627DD1,N/A: CDT in Cyber Security Student. Project defined in year 2,Active,,ROYAL HOLLOWAY UNIVERSITY OF LONDON
32853E53-2731-4E2C-8DAD-FAC61B59C98E,Sociophonetics of the Le Havre accent in production and perception,Active,,QUEEN MARY UNIVERSITY OF LONDON
329B9CDA-70EF-4147-B469-FA3F6258E825,Tackling Health Inequalities with and for the Deaf BSL-Using Communities in Wales,Active,,BANGOR UNIVERSITY
32CF160D-53FB-4C8F-BCB7-F948AC84073A,Homology of Algebras,Active,,UNIVERSITY OF ABERDEEN
33B74569-7C36-486E-9612-FB362C07B908,Developing mathematical models to incorporate microstructural heterogeneities into viscous flow,Active,,UNIVERSITY OF LEEDS
B27289CE-0A07-457E-9FA1-F93BB02C7E9A,Accelerating global regenerative cotton production using AI-powered farmer technology,Active,,MATERRA LTD
B3444BA8-C8E8-4B93-AD89-F9FAF5916180,A volumetric ultrasound imaging system for biomedical research,Active,,IMPERIAL COLLEGE LONDON
B35B2946-603F-4DDE-9F85-F9684DC1F355,"Making Chocolate in the British Atlantic World: Foodways, Consumption and Heritage",Active,,DURHAM UNIVERSITY
B3D5BC22-8B73-4BDB-9FFD-F9A363F37B0B,Autonomous Intelligent Machines &amp; Systems,Active,,Unknown
B432869E-39CC-4E8D-A1DC-F9D930B24BC6,ADAPTION TO CLIMATE CHANGE IN THE RHIZOSPHERE ACROSS THE MILLENNIA,Active,,HERIOT-WATT UNIVERSITY
A17D37C7-E829-4FA2-9F3C-FB2CBE32EFBC,Deep Neural Networks for Real-Time Spectroscopic Analysis,Active,,NEWCASTLE UNIVERSITY
A1A8519A-4C64-49F5-83DB-FADDBF9B1519,The use of meta-surfaces and functional coatings to improve Global Navigation Satellite Systems (GNSS) Anti-Jam,Active,,SWANSEA UNIVERSITY
A1CD7D72-5274-4353-B885-FAC36ADF7602,Intersections and experiences of violence growing up on the streets of African cities,Active,,UNIVERSITY OF DUNDEE
A215C1E8-107F-40F4-822B-FB43C0F1D62C,Animal behaviour in a changing world: Investigating the effects of multiple stressors,Active,,QUEEN'S UNIVERSITY BELFAST
A279F664-045B-4554-BB4F-FA7F949944CD,Reinforcement Learning for Physically-Aware Cyber Defence,Active,,UNIVERSITY OF LIVERPOOL
A35BA503-B7FF-42F4-BBC5-F97E4FB311AE,UK/US FLOATING OFFSHORE WIND UK SUPPLY CHAIN PROGRAMME UKARPA-E,Active,,OFFSHORE RENEWABLE ENERGY CATAPULT
403B4F6E-BA02-410B-9C83-F9CAD47D814D,"Advancing understanding of Cumulative Impacts on European marine biodiversity, ecosystem functions and services for human wellbeing",Active,,THE MARINE BIOLOGICAL ASSOCIATION OF THE UNITED KINGDOM
BCF6B26A-CB6C-4715-9553-F9AC58D8451A,A computational structural biology approach for the prediction of variant pathogenicity in neurodegenerative diseases,Active,,KING'S COLLEGE LONDON
BE17780F-79E0-4B7A-BF85-FB30905A1463,Bacterial flagellar motor as a multimodal biosensing chip,Active,,UNIVERSITY OF EDINBURGH
BE8AF8AB-E842-4961-B05A-FA145256264B,Silicon Photonics Inertial Navigation Systems (SPINS),Active,,UNIVERSITY OF MANCHESTER
BED74A0E-ABCD-4C4C-8568-FA3F3EAB28CB,Towards Practical Federated Analytics and Multi-Target Privacy Enhancing Technologies (PETs),Active,,UNIVERSITY OF WARWICK
AD0BF9F5-78FA-4633-A319-F96FE785356F,UDLA 2527 University College London,Active,,UNIVERSITY COLLEGE LONDON
AF42790B-EE60-4A02-AA83-FADA01A49DF8,Machine-learning guided experimental approaches for developing a robust nanoscale delivery platform for the treatment of pancreatic cancer,Active,,UNIVERSITY OF CAMBRIDGE
9CD577B9-5D1D-45F6-BAC5-FB3D6C610B9D,Variation in ageing rates in the wild,Active,,UNIVERSITY OF EDINBURGH
8E23E72F-4A67-472B-A806-F9FAA834CC68,Quantum control of magnetic processes (CDT-QTE),Active,,UNIVERSITY OF SOUTHAMPTON
9039541C-7227-4B2E-97AF-FA5148CF24C1,The UK Dynamic Nuclear Polarisation Magic Angle Spinning NMR Facility,Active,,UNIVERSITY OF MANCHESTER
26685C5B-ECE4-4BC9-BF08-F97738FCBC06,EDENT1FI: European action for the Diagnosis of Early Non-symptomatic Type 1 diabetes For Intervention,Active,,UNIVERSITY OF BIRMINGHAM
A503169B-E1D5-4295-B27A-FA51AC69D545,Dependent Types and Effects,Active,,UNIVERSITY OF EDINBURGH
A606C71B-54BF-4600-A812-F97063664D01,The University of Warwick Core Equipment 2024,Active,,UNIVERSITY OF WARWICK
A84903CB-0987-4AD4-AC55-FB40462098E0,Towards “print and use” of aluminium alloys for aviation,Active,,UNIVERSITY OF CAMBRIDGE
A84FDD62-D8B2-4B92-9D5C-FA46CA56958D,Intelligent Radiation Sensor Readout System,Active,,KROMEK LIMITED
9714136D-E1A9-4BCC-9CB2-FA0F7C0A14F5,Economics of Crime and Offender Rehabilitation,Active,,UNIVERSITY OF STRATHCLYDE
9A5C1C8B-3E59-4E59-A122-FABAA3018A1C,Development of a new approach to targeted chelation therapies,Active,,DURHAM UNIVERSITY
2FA6A43D-0EBD-418A-8A1C-F9882256E96D,"Made for the afterlife? Identifying metal craft traditions in early Egyptian funerary assemblages, from local to cross-cultural practices",Active,,UNIVERSITY OF CAMBRIDGE
2FBD4F11-74A3-4EC7-9639-FAC5AA5160C2,"MICA: How does the pedunculopone nucleus influence treatment responses in Parkinson's disease, and can it be targeted for new treatment strategies",Active,,MANCHESTER METROPOLITAN UNIVERSITY
30F29383-4A23-4551-954D-FA8D27FD5A9A,MicroPI: A micromagnetic approach to absolute palaeointensity determinations,Active,,UNIVERSITY OF EDINBURGH
1558360F-25D4-42D5-8702-FB1A9B2FA903,ESRC IAA 2023,Active,,CARDIFF UNIVERSITY
1589F05A-9DBD-4E42-AD20-FB1437D86966,&quot;Shellshock&quot; Developing methods of using chitin to reduce potato cyst nematode populations,Active,,HARPER ADAMS UNIVERSITY
15EA524F-FA22-4476-BB57-FA9149CDFE50,Utilising archaeology in the re-representation and inclusion of those experiencing homelessness,Active,,UNIVERSITY OF LEICESTER
1655CD73-6EAC-48F6-B706-F9839F91ACD3,Accelerated Methane Reduction Breeding Programme,Active,,G R WOOLLEY & CO
790C91F2-038F-4315-A4DF-F9D8F57F77F2,A Design Study for a Muon Collider complex at 10 TeV center of mass,Active,,STFC - LABORATORIES
915EFCA7-CAB4-4070-A67A-FA31A5267233,JCR: Retrofit application of spectrally selective coatings for transmission line jumper conductors,Active,,CABLE COATINGS LIMITED
916CEE94-D988-4360-9C63-F98F00A5AEAD,Enhancing INSIGHT Health Data Research Hub - The World’s Largest Ophthalmic Bioresource,Active,,MOORFIELDS EYE HOSPITAL NHS FOUNDATION TRUST
92F7BA8E-6B87-45E8-AC8A-FABE0AF7785F,Research on Very High Energy Electron and FLASH,Active,,Unknown
939B798A-77DB-4A54-965F-F94DBFBA250F,Enhancing Mitophagy to treat Parkinson's disease,Active,,UNIVERSITY OF CAMBRIDGE
1DFCF2D1-C89A-403A-AC51-F9ACD5B112EC,Engineering of broad-spectrum chimeric antibacterial lysins for use in household cleaning products,Active,,NEWCASTLE UNIVERSITY
1E8F1131-B748-478B-8A4A-F9C328CA5CF5,Functional development within the mammalian masticatory apparatus: an investigation into feeding capabilities with changing diets,Active,,UNIVERSITY OF YORK
1ED42A3F-9A99-467F-B2C3-F9FEF7025177,Superconductor/anti-ferromagnet proximity effects,Active,,IMPERIAL COLLEGE LONDON
1F870D0D-FA63-4EC5-9B32-F9470634E6BC,AI-Powered Motor Interface for Neural Decoding,Active,,AXONCTRL LTD
1FA1D368-D5AA-4F28-8CCD-FA8E3C82A65D,Delivering Sustainable Wheat: Nutritional Traits (Rothamsted Research),Active,,ROTHAMSTED RESEARCH
1FDED8D7-0777-4CB4-AC41-FAD5B7BD460C,METHYLOMIC_DNA methylation markers to predict treatment success of biologicals in Crohn’s disease,Active,,KING'S COLLEGE LONDON
819A3469-865B-48D2-A1FD-F99F0CE58135,Non-coding RNA biomarkers to predict liver injury during cancer therapy,Active,,UNIVERSITY OF LIVERPOOL
8224486C-93B4-4F65-8754-FABD71A0464B,Mapping and Modeling Land-Sea Nutrient Feedbacks to Enhance Island Ecosystem Resilience,Active,,Unknown
844606D5-8596-467B-AE7E-FAD49DA84CB2,Parental dietary vitamin B12 and folate deficiency: defining epigenetic mechanisms underlying offspring cardio-metabolic health,Active,,NOTTINGHAM TRENT UNIVERSITY
8461E378-86E3-47F5-8194-FA0BC00607CF,Exploring Solutions for Near Data Processing in a Serverless Cloud Environment,Active,,UNIVERSITY OF EDINBURGH
9A887E4A-8DBD-4680-94FF-F945034277CC,Rehabilitation with embedded mental health and diabetes services to address multiple long-term conditions among people with tuberculosis (RESTORE),Active,,LONDON SCHOOL OF HYGIENE AND TROPICAL MEDICINE
9CA4F4D1-AAEE-4DB7-95B9-F949208C6535,wEe-g: ComMERcialisation of a hiGh-sENsitivity and low-Cost gravimEter (EMERGENCE),Active,,UNIVERSITY OF GLASGOW
02DA1729-7ACA-4829-94D0-FAE167C1DD91,The evolution of material in the inner solar system: Elucidating the history of enstatite chondrites,Active,,THE OPEN UNIVERSITY
79ED4F54-9DDB-4468-918A-F9F94B3425C7,Accelerating Impact at MOLA (Museum of London Archaeology),Active,,MUSEUM OF LONDON ARCHAEOLOGY
7AD0795C-6C3E-4D27-9433-FAB814066AAC,Natural Freedom: Counter-Narratives in Contemporary Britain,Active,,UNIVERSITY OF EXETER
7B0CE674-E8FE-48C8-AA24-F9766C2D594C,Developing and Clinically Validating Self-Explaining Models for Paediatric Cardiac MRI Pathologies through Natural Language Explanations,Active,,UNIVERSITY COLLEGE LONDON
7C4436C7-2EAC-4739-9D09-FAEA023E8672,Challenging the de-industrialisation narrative: East Midlands textile workers 1980-2005,Active,,NOTTINGHAM TRENT UNIVERSITY
7CFFCCDF-E87D-43AF-9B27-FA85035350DF,Future Performance Institute - Artist-centred feasibility programme,Active,,ROYAL SHAKESPEARE COMPANY (UNITED KINGDOM)
6D06120E-5A28-446B-86CF-FB033C6CB945,Optimisation of silicon detectors for detection of thermal neutrons,Active,,UNIVERSITY OF LIVERPOOL
6E5DABFE-90B7-48CF-B9D2-FAB31689605F,Probing the effects of radiation damage in candidate Pu ceramic wasteforms,Active,,UNIVERSITY OF SHEFFIELD
6E8156BC-FFAE-4CC4-BE2E-FA3CF97F73B4,Secure Wireless Agile Networks (SWAN),Active,,UNIVERSITY OF BRISTOL
0966307D-8D7B-4837-A212-F9DFE2FB11D2,Machine learning and translational approaches to personalised care for women with high risk pregnancies,Active,,Unknown
0A3A5FFE-F162-4D2F-8BDC-FA54A6438EF1,Forecasting the Environmental Impacts of Future Photovoltaic (PV) Manufacturing with Machine Learning Techniques,Active,,SWANSEA UNIVERSITY
0AD01000-D6A2-450B-9661-F993A513D6C9,Imaging the multi-scale topography of the Earth's core,Active,,Unknown
86EBEBB0-EAB3-4770-9CFA-FB4451FFB88D,An Investigation of Matter Smart Home mechanisms to mitigate Denial-of-Service (DoS) attacks,Active,,UNIVERSITY COLLEGE LONDON
883E726D-1B80-48C0-99B6-FA29A96043E3,Functional Perovskite Optical Fibres,Active,,NEWCASTLE UNIVERSITY
1375978E-8EA9-411D-8A9B-FAACC7A3CC0A,Electric Field Control of Quasiparticle Wavefunctions in Organic Semiconductors,Active,,UNIVERSITY COLLEGE LONDON
144B4E44-16CD-401D-8D37-F9A40337045B,Aeroacoustics of Dynamic Stall,Active,,QUEEN MARY UNIVERSITY OF LONDON
5B5282AC-19CC-47BA-A0C8-FA38F39FCA6B,Programmable DNA-origami-based platform for label-free biomolecular analysis,Active,,Unknown
5C8D7BB6-C744-4FFE-B158-FAACBA979C9E,Direct printing of functionalised nanoscale polymeric membranes,Active,,UNIVERSITY OF BATH
678C4327-0091-432D-89EF-FA299A3DE4C7,Industrial CASE Account - University of Nottingham 2024,Active,,UNIVERSITY OF NOTTINGHAM
6835F776-D18C-44C4-996E-FAD6D7C1BB05,Defining A Role For DNA Phosphorylation In Maintaining Replication Fork Stability,Active,,UNIVERSITY OF BIRMINGHAM
68793816-591A-4303-A573-FAF400095B97,"The organic movement &amp; the public culture of science, 1985-2025",Active,,UNIVERSITY OF NOTTINGHAM
F74F7515-2850-4A12-882A-F83D25E35671,Assessment of cortical thickening in total hip replacement patients,Active,,UNIVERSITY OF LEEDS
F7C032F3-142D-494B-B130-F8AF9E0E05EB,New perspectives on ocean photosynthesis,Active,,UNIVERSITY OF SOUTHAMPTON
F8329F85-2DE2-464F-8696-F8714B425E4E,Metabolic refinement of sensory cell development,Active,,KING'S COLLEGE LONDON
F84485BC-5E10-4DCA-BCA1-F902C8C17FF7,Watch and Worry? How are the support needs of people living with newly diagnosed chronic haematological malignancies being addressed?,Active,,UNIVERSITY OF SHEFFIELD
63A4D61F-DD86-458A-9B9E-FA2CFB762C15,Developing supported nanoparticles based heterogeneous catalysts for the upgrading of ethanol methanol mixture via the Guerbet Chemistry,Active,,CARDIFF UNIVERSITY
63E60566-1258-47B1-B816-F9C1616D007E,Deciphering Cellular Niches and Cross-talk in Human Heart Development (CellTalkHHD),Active,,UNIVERSITY OF CAMBRIDGE
63EF371F-79D2-468E-A747-FA4F5BB62A45,Hybrid Quantum System of Excitons and Superconductors,Active,,CARDIFF UNIVERSITY
645587D7-D123-4E2A-8476-FAC1972176BE,PREDICTION OF INTERSTITIAL LUNG DISEASE IN PEOPLE LIVING WITH RHEUMATOID ARTHRITIS,Active,,UNIVERSITY OF GLASGOW
64DB3E0C-2A51-4368-97D8-FAE77131B53D,GEORGE: Next generation multiplatform Ocean observing technologies for research infrastructures,Active,,UNIVERSITY OF EXETER
65659E76-DA9F-4985-BF0E-FA90BBC513B6,Museum Exhibitions 'in Flight': Displaying &amp; Conserving Aircraft as Suspended Objects,Active,,NEWCASTLE UNIVERSITY
65883398-43F7-4E75-8461-FADB8AAAEE65,Probing Neutrino Mixing with the T2K and Hyper-Kamiokande neutrino experiments in Japan,Active,,KING'S COLLEGE LONDON
6FD0EB9F-8731-4C96-97F8-F9F3FE79150B,ICF: mTOR Pathway Diseases node,Active,,KING'S COLLEGE LONDON
713AD293-A210-46F8-9AA0-FA0B638BC5D5,Enhancing Data Security and Compliance in Cloud Infrastructure Deployments,Active,,UNIVERSITY OF BRISTOL
01832810-E070-4E29-8E1F-F980A1C4F611,Reducing the Global ICT Footprint via Self-adaptive Large-scale ICT Systems,Active,,LANCASTER UNIVERSITY
01CBE353-33D6-4452-854B-FA0AAD9484E6,Generalizability and transportability in clinical trials,Active,,UNIVERSITY COLLEGE LONDON
42C1CF8D-22AF-45C0-8B20-FA3B3F0A9692,"New science in Radio Astronomy: applying cutting-edge technology to enhance the entire data chain, from receiver to final output",Active,,STFC - LABORATORIES
E04804A2-A425-43D0-86E1-F8B5296A0CEC,Genetic and management solutions for lameness-associated endemic diseases in dairy cattle,Active,,SCOTLAND'S RURAL COLLEGE
E053AB94-A79A-4B30-977C-F8610AFAAE74,Tackling antibiotic resistance through blocking of signalling pathways,Active,,UNIVERSITY OF BATH
E093EC17-8D64-4B2D-9AAD-F886410AC343,Transit spectroscopy of temperate exoplanets,Active,,CARDIFF UNIVERSITY
E17EDC56-BE94-4F40-B9DA-F905B898090B,Geochemical impact of CO2 and H2 injection on geomechanical and petrophysical properties of caprock to ensure safe containment: an experimental and an,Active,,UNIVERSITY OF LIVERPOOL
E18E15B1-1DB8-4458-9ADD-F8C4E630BBF4,Investigating causal effects of mental healthcare provision on labour market outcomes: a case study of Talking Therapies in England,Active,,UNIVERSITY OF MANCHESTER
E19EE97B-8F0B-4955-973B-F7991C2C8232,Neuronal Arginine Metabolism in Health and Disease,Active,,UNIVERSITY COLLEGE LONDON
E21A536F-208B-4E53-8823-F8B6A9B7A1E4,EPSRC Centre for Doctoral Training in Inorganic Chemistry for Future Manufacturing (OxICFM),Active,,Unknown
5CA29E9C-B298-4B43-B7F1-FAF6138F5E9E,Dimensionality tuning and quantum engineering in new 2D materials,Active,,UNIVERSITY OF BIRMINGHAM
5D418AA8-143F-4556-AB09-FA216EC9A2FC,"Wind energy, biomimicry, 3D woven composites, topology optimisation, fracture and fatigue resistance",Active,,DURHAM UNIVERSITY
5DA5E02D-A3CF-4EE2-882F-F9D2D53241C9,An investigation into student experiences of the transition between secondary and university learning environments with a focus on academic literacies,Active,,CARDIFF UNIVERSITY
5DF889F7-D58E-420A-81A0-F971C6B17414,Fundamental understanding of turbulent flow over fluid-saturated complex porous media,Active,,UNIVERSITY OF SOUTHAMPTON
5E07AA1B-3BA6-4D4A-8DC1-F9C85DEAE52F,Understanding the role of protein dynamics in developing anticancer therapeutics,Active,,UNIVERSITY OF MANCHESTER
5E57DAA2-E037-4916-9D7C-FB1A8C3B1229,DUNE-UK: Reconstruction Software and Distributed Computing Stage 2 Project,Active,,UNIVERSITY OF WARWICK
5E680289-0464-49F3-B76E-F9644787476D,Precision Measurement of the Mass of the W boson,Active,,UNIVERSITY OF LIVERPOOL
5EA65BA5-9A12-43D3-B265-FA76F652376E,Tees Valley Hydrogen Vehicle Ecosystem (HYVE),Active,,"EXOLUM VENTURES, LTD"
4EB2800D-F430-4B9B-A973-FADCDB7A2941,Lung-gut axis: Inter-organ Communication during Acute Respiratory Infection,Active,,THE FRANCIS CRICK INSTITUTE
4F739F5B-4064-4DDC-B198-FB2B85C4E14A,Enabling the Roads Metaverse: Visualisation &amp; Human Interaction,Active,,UNIVERSITY OF CAMBRIDGE
4FE9EE5C-9AE9-4C07-9301-FA8E4F73091D,Securing reactive nitrogen for high value food and feed production in integrated bioremediation and energy generation systems,Active,,SCOTTISH ASSOCIATION FOR MARINE SCIENCE
51101081-645A-4F23-9C10-FA7DC59786AF,Programmable gene silencing: non-disruptive miRNA harnessing in the design of a candidate cell therapy,Active,,LAVEROCK THERAPEUTICS LIMITED
519AF1FA-6A2E-4585-8274-F9F2B4A78AD1,Uncertainty quantification for machine learning models applied to photoplethysmography signals - 22HLT01 QUMPHY,Active,,NPL MANAGEMENT LIMITED
51FEB6C7-E79C-4033-B986-F9DD0018932C,FER (H&amp;L) AMR PACE (A-0438) grant funding agreement,Active,,MEDICINES DISCOVERY CATAPULT LIMITED
52ACAB52-99EB-4ABA-BA8F-FA27C14A5A2C,"Art, Activism, and the AIDS Crisis in Britain (1987-1996)",Active,,UNIVERSITY COLLEGE LONDON
52D43D66-C868-4735-889A-F9A29232E820,What happened one picosecond after the Big Bang? [Novel ML and edge-AI techniques to search for Higgs pair production at the LHC],Active,,UNIVERSITY COLLEGE LONDON
E952D280-9DA7-4568-A134-F7B9DED25151,Victims' Emotional Attachment to Their Perpetrators- New Perspectives,Active,,UNIVERSITY OF CAMBRIDGE
E95CFF6B-29E7-4F90-9B46-F853894E4CA4,Advancing Thermicare: Embedded Firmware and Pre-Compliance Testing for at-home Diabetic Foot Health Monitoring,Active,,RAIDMED LTD
EB0E12CD-82DF-4989-9037-F88D62A9A687,"Designing a digital, parent-led cognitive behavioural therapy-based intervention for young people with mental health problems in low-income settings",Active,,Unknown
EB822776-52FA-4B7B-A65D-F73248394784,Causal Survival Analysis in Limit Order Books: Estimation Fill Probabilities,Active,,Unknown
595C9760-F29E-413E-B25F-FA9D2E433E74,Clustering Techniques and Network Analysis for High-Dimensional Nonlinear Data with Financial Applications,Active,,Unknown
5A30A53C-2CD4-488C-ACED-FA5113406E2B,CarbonTrack AI: Edge First Carbon Sequestration Intelligence,Active,,TAKE ROOT BIO LIMITED
5B12D874-C6BE-4CF2-84AD-F9586C1EF9BE,A study of the associated production of a vector quarkonium and a photon with the ATLAS experiment,Active,,LANCASTER UNIVERSITY
5B414C32-0CB2-4EFF-9115-F97AAF4F9A01,New paradigms in fibroblast-immune cells coordination in matrix homeostasis in health and disease,Active,,UNIVERSITY OF MANCHESTER
CE810FDE-8B9F-4A5F-88B2-F808A5BB0E64,"Analysing the forces, biomechanics and molecular mechanisms that drive cancer metastasis in vitro.",Active,,SWANSEA UNIVERSITY
45C1B4F7-23B2-42A7-8A0E-F9F0747C48C5,Black Hole Outbursts and Major Mergers in Galaxy Clusters,Active,,UNIVERSITY OF NOTTINGHAM
4714E392-F0A1-4632-AA5E-FAE4C6FF4C88,Genetic Meshing: Including Ability to Mesh as a Design Constraint tp Support Virtual Certification,Active,,QUEEN'S UNIVERSITY BELFAST
D6E2FB82-26A4-400E-ABAD-F845F4BA955A,Unexpected salt formation in 20th century oil paints,Active,,IMPERIAL COLLEGE LONDON
D7620514-1750-4EC5-8E03-F800A03BE1CF,"Enhancing the design, conduct and analysis of Adaptive and Platform Trials through consensus-driven Statistical Analysis Plan guidance (APT-SAP)",Active,,UNIVERSITY OF SHEFFIELD
D9988D03-65C0-44D3-B706-F78A7F467D11,"Oppression, Resistance, and Affective Narratives: Understanding the Impact of Cultural Artefacts on Public Opinion about Race and Politics.",Active,,UNIVERSITY OF SHEFFIELD
34838486-33A0-466B-AD64-F9DC5B6FC4BD,Wave Energy Demonstration at Utility Scale to Enable Arrays,Active,,GREEN MARINE (UK) LIMITED
35E2C0EC-8259-4EBD-9A82-F96A45F89671,Autonomous Bio-nutrient Recovery from Organic Waste (ABROW),Active,,INTELLIDIGEST LTD
36212CF4-B3B2-4A0E-9A4E-FB11A3492D8E,Accurate prediction of the melting curves of alloys with quantum molecular dynamics,Active,,UNIVERSITY COLLEGE LONDON
36A22BF8-BDFB-4265-BA56-FB263CDDCA47,Gravitational Waves Produced during the Inflationary Epoch,Active,,QUEEN MARY UNIVERSITY OF LONDON
36B5E5DC-75C2-49BA-9EF1-FADD79FC1292,to follow,Active,,Unknown
36E00C6F-002F-4FD2-9EF2-FA0F4C9AA54F,Diaspora Social Media Use and State Legitimacy in Nigeria,Active,,KING'S COLLEGE LONDON
372DD6DF-A048-488C-A66E-FA0A30805745,"Reimagining Food Systems for Climate Change Adaptation, Mitigation, and Social Justice",Active,,UNIVERSITY OF ESSEX
539ACA79-DBF7-45C2-A911-FA8B93E04E54,SAFIR-Ready,Active,,CRANFIELD UNIVERSITY
53AA89EB-5155-407F-9ABE-FA6D701A5A77,Cholinergic modulation of limbic cortico-striatal circuitry,Active,,UNIVERSITY OF CAMBRIDGE
53C41F7C-73A1-4621-A061-F9581843F696,Fuel poverty and child mental health: exploring underlying mechanisms and experiences in order to reduce inequalities,Active,,UNIVERSITY OF YORK
53CCDB02-E026-4746-9940-FA33639AF31E,"Computational Ergodic Theory, Hyperbolic Geometry and Spectral Theory",Active,,UNIVERSITY OF WARWICK
54324560-FC44-4288-BC90-FB2AA3EFA7A2,Suggestibility and False Memory Formation in Psychopathology,Active,,UNIVERSITY OF WARWICK
546F8AF3-9DBA-48B5-B4E4-FAF1C99260D1,EPSRC Capital Award for Core Equipment 2024/25: National facility for Ultra-high Field (11.7T) Human MRI Scanning,Active,,UNIVERSITY OF NOTTINGHAM
54F565E0-51D7-4F86-BCBB-F9FE212A77B5,Developing a comprehensive management approach to the tragedy of the commons that PFAS have become.,Active,,BRUNEL UNIVERSITY LONDON
55A2B5C2-3D9E-4AE7-9533-FAF768690E8A,Modeling Formulaic Language: Processing and Acquisition,Active,,UNIVERSITY OF NOTTINGHAM
55A58A1E-8760-4EE5-A2E3-FAE53500F107,DRivers and Impacts of Ionospheric Variability with EISCAT-3D (DRIIVE),Active,,UNIVERSITY OF LEICESTER
405C08CA-DF7F-412E-A73A-F982FB346704,Imperial College Particle Physics Experiment Consolidated Grant,Active,,IMPERIAL COLLEGE LONDON
2EF97F21-C670-4135-8053-FB37385AFB81,"Climate Tipping Points: Uncertainty-aware quantification of Earth system tipping potential from observations and models and assessment of associated climatic, ecological, and socioeconomic impacts",Active,,UNIVERSITY OF LEICESTER
2091A293-79F7-46F9-9F76-FB491021B5B4,Trained immunity: using controlled human infection to study non-specific beneficial effects of vaccination,Active,,LIVERPOOL SCHOOL OF TROPICAL MEDICINE
20E712A3-25B4-48E0-B960-FB0711F29E65,Exploring intelligent immersive systems for field service operations,Active,,CARDIFF UNIVERSITY
21DF352F-CB67-4265-9476-FAA8C7453CA6,Efficient computational technologies to resolve the Timetree of Life: from ancient DNA to species-rich phylogenies,Active,,UNIVERSITY OF BRISTOL
BF6A48D4-F208-4B6B-8240-F80BACA50BC7,Teesside University and D K Jones Limited KTP 23_24 R3,Active,,TEESSIDE UNIVERSITY
C03A4ED0-00CA-4505-9E40-F8D03C752937,Using computational modelling to characterise and plan treatments for schizophrenia,Active,,UNIVERSITY COLLEGE LONDON
C083954B-1724-4C9B-803C-F8E609CE4B4B,Understanding regulation of biosynthetic gene clusters to facilitate production of secondary metabolites,Active,,UNIVERSITY OF MANCHESTER
C0FD1B3F-6E5C-4AB0-B7CB-F90DF35D6EC4,R1: Investigating the role of the KRAB-ZFPs ZNF561 and ZNF562 in response to DNA damage,Active,,UNIVERSITY OF CAMBRIDGE
C11BC11E-5525-4962-8BC8-F801E0C58FA6,BlueRemediomics: Harnessing the marine microbiome for novel sustainable biogenics and ecosystem services,Active,,UNIVERSITY OF ABERDEEN
396135CA-C888-4511-9126-FAFFFEB6E115,PhD Human Geography: Multi-species justice: exploring the development and application of a transformative concept,Active,,UNIVERSITY OF PLYMOUTH
3B140452-896C-4E25-BBF1-F9DCD7D3AD50,Modelling the corneal microbiome to improve identification of pathogenic microorganisms,Active,,UNIVERSITY OF LIVERPOOL
29C5B668-3C0F-49EB-82CE-F991C46E8D4D,The Platform Adaptive Randomised Trial for NEw and Repurposed Filovirus treatmentS (PARTNERS) trial,Active,,Unknown
29EA4BF9-BD9F-43D8-9777-FA48F21C82EF,Using Next Generation Nitrogen Sources For Producing Spring Malting Barley and its Impact on Yield and Grain Malt Quality,Active,,UNIVERSITY OF NOTTINGHAM
2A3750C1-4E46-4480-AD11-FA1DC4655AAE,Optimal Control and Control Systems Design of Energy Storage Systems Under Uncertainties,Active,,IMPERIAL COLLEGE LONDON
2BCE5DAB-8707-480D-B427-F94F38639465,Integrated SERvices supporting a sustainable AGROecological transition (AgroServ),Active,,UNIVERSITY OF READING
2BE836F1-FE0E-4EA2-B044-FA0C2570B501,1st year MSc (Interdisciplinary Biomedical Research). The student will be assigned to a PhD project prior to the 2nd year of study.,Active,,UNIVERSITY OF WARWICK
CC47B526-8B32-4109-8AEC-F81209AEDFBA,The role of sexual signal evolution in speciation and species coexistence,Active,,UNIVERSITY OF SHEFFIELD
CD57A356-312E-4F3D-9686-F7FCC3AFC828,Engineering biomass feedstocks for efficient biomass-to-fuel conversions,Active,,UNIVERSITY OF WARWICK
0F8AEF49-4C5E-40E9-8D64-F9AF88870D3D,Motion-Capture Database and its Applications,Active,,UNIVERSITY OF PORTSMOUTH
0FF794CF-E414-48CF-8CC0-F93E6F99BF65,The Hidden Presence and Influence of Thai Buddhist Meditation Practices in the UK,Active,,Unknown
A5C2A4EA-DE3E-4DD1-9158-F8917576E9CD,AHRC: Southampton IAA (2022-2025),Active,,UNIVERSITY OF SOUTHAMPTON
A653B9AC-C2C0-401B-BD0D-F8458D9464EA,Novel Heat Treatment Of Reduced Activation Ferritic/Martensitic Steel Welds,Active,,UNIVERSITY OF MANCHESTER
A7373CC0-F63D-444C-9773-F82A4E8A5494,Multi-skyrmion materials,Active,,UNIVERSITY OF LEEDS
A7E33AD8-9E0A-4556-B7FD-F8ED172C4370,Computational Refractive Index Light-sheet Microscopy (CORILIM),Active,,UNIVERSITY OF DUNDEE
A8071231-ACFF-4F0E-8714-F7BE9E3B6B1A,"Venus, volcanoes and vacuum cleaners: understanding triboelectric aerosol charging",Active,,UNIVERSITY OF BRISTOL
AA26E6BB-D2B6-44DB-B454-F7C847B4B124,CEA-FIRST - Consortium Europe-Africa for Research and Innovation on Food Systems Transformation,Active,,ASSOCIATION OF COMMONWEALTH UNIVERSITIES
23538102-A4BF-4B37-AEEE-F9F164D811C7,"Multi-scale modelling of COVID-19 transmission, with application to new and on-going vaccination strategies",Active,,UNIVERSITY OF BRISTOL
23674693-F59D-49E9-A1F7-FA3543378853,LEAP (Leadership Engagement Acceleration &amp; Partnership) - an EPSRC Digital Health Hub,Active,,UNIVERSITY OF BRISTOL
24CD7BEC-7B1C-4A40-A218-FAD58B06E1C8,GHz spectroscopy probe on physical reservoir computing hardware based on magnetic skyrmions,Active,,UNIVERSITY COLLEGE LONDON
1873D0FE-2017-4A35-9941-FA2B58A5D779,University of Manchester and Dover Harbour Board KTP 23_24 R5,Active,,THE UNIVERSITY OF MANCHESTER
B0A4B86D-4C4F-4DF7-AE42-F929015D1348,ESRC IAA 2023,Active,,SOAS UNIVERSITY OF LONDON
B2EFFB39-7D14-4D30-9706-F8A8A87DC526,The development of salen-based artificial metalloenzymes for sustainable chemistry,Active,,UNIVERSITY OF EDINBURGH
B36B5A7B-F633-497C-BE2B-F75FCDAF333F,Footprints of amyloid aggregation in vivo,Active,,UNIVERSITY OF LEEDS
2D0D5804-4D31-4812-82A9-F95A23C9DB99,Pain feedback for reactive and embodied prosthetic limbs,Active,,IMPERIAL COLLEGE LONDON
2E4BA430-1909-427A-92B0-F981965F700C,Working with rather than for partner organisations: re-defining the role of youth work in safeguarding young people from extra-familial harm.,Active,,DURHAM UNIVERSITY
93644B6B-38FB-41C5-AD51-F89796916822,Synthesis of antiviral natural products and derivatives,Active,,UNIVERSITY OF NOTTINGHAM
10491A43-5A8E-43E5-BE7B-F9CB4E8C988E,GLobal Insect Threat-Response Synthesis (GLiTRS): a comprehensive and predictive assessment of the pattern and consequences of insect declines,Active,,NATURAL HISTORY MUSEUM
107F0C59-1346-42F2-8137-F9393D8C424A,Discovering novel phages and exploiting their therapeutic and diagnostic potential.,Active,,ROYAL VETERINARY COLLEGE
108E8B85-7BD2-4EE2-A7A2-FA24B2A9352F,BBSRC IAA University of Surrey,Active,,UNIVERSITY OF SURREY
1105787E-895A-4B0A-995A-F98D9C6936AA,"QuickH2: safe, competitive, and compliant small-scale hydrogen power generation to disrupt domestic and international diesel generator markets",Active,,HYDROLOGIQ LTD
11D3ABF2-EB4D-4955-90EA-F9F4C8C2E420,Greenland Ice Sheet - Ocean Interactions: Using satellite data and AI to understand ice dynamic change,Active,,UNIVERSITY OF LEEDS
12215EDB-7E1A-478F-BC5E-FB0D5B33699C,Machine assisted design and synthesis of greener molecules for consumer products applications (Green MoDe),Active,,THOMAS SWAN & CO.LIMITED
12E60204-A906-43F3-B1A6-FAC9A7490DCD,"MaGPIE - A comprehensive, universal human rights framework for Mass Grave Protection, Investigation &amp; Engagement",Active,,BOURNEMOUTH UNIVERSITY
12E89335-E22B-4AC2-84A5-F99C341DFFEF,"Ottoman Auralities and the Eastern Mediterranean: Sound, Media and Power, 1789-1922",Active,,UNIVERSITY OF CAMBRIDGE
13241636-69C1-4CE9-9778-F93986C9EDC7,Industrial CASE Account - Cranfield University 2024,Active,,CRANFIELD UNIVERSITY
03A0ACB9-5544-46E9-B65C-FB1217D1FEF9,Sustainable Remanufacturing solution with increased automation and recycled content in laser and plasma based process (RESTORE),Active,,TECHNOVATIVE SOLUTIONS LTD.
03E8DB85-7C62-4785-B4F9-F94D171A0087,DEFIANT: Drivers and Effects of Fluctuations in sea Ice in the ANTarctic,Active,,NATIONAL OCEANOGRAPHY CENTRE
058DE619-F70E-43BE-B668-F97CC0FA5012,Investigating the origins of cross-cultural variation in kinship terminology with artificial language learning,Active,,UNIVERSITY OF EDINBURGH
9D090A95-27CF-49C8-8E4D-F7CE0DBB1440,Enhancing global prediction of PFAS pollutant fate in sediment,Active,,CRANFIELD UNIVERSITY
9EB1637A-43F2-40BB-B55D-F85EA0BFFB24,"ECCS-EPSRC: A new generation of cost-effective, scalable and stable radiation detectors with ultrahigh detectivity",Active,,Unknown
9EDCD7A6-1652-4407-A53B-F7EAA2BB416D,Semantics-Directed Compiler Construction: From Formal Semantics to Certified Compilers,Active,,UNIVERSITY OF NOTTINGHAM
9F1D2795-0403-4935-8BFF-F89F8A4C8F83,Decarbonization Project Management Platform for Industries and Businesses (DECARBiz),Active,,FARADAI LIMITED
9F38A7CA-556D-474F-BF7B-F9075269D50A,Ecological Knowledge Games,Active,,UNIVERSITY OF STIRLING
1C0A875A-59B5-4BFF-84FE-FA708FFC96BC,The MRC Addiction Research Clinical Training programme: MARC,Active,,IMPERIAL COLLEGE LONDON
1C8F6136-D4F0-447D-9F0B-F9F654C817A3,Formation mechanisms for the vortex crystals at Jupiter's poles,Active,,UNIVERSITY OF EXETER
0DC39741-5A5A-4D2E-A2C6-FAFDC3AB9D8F,HEAVEN: Hydrogen Engine Architecture Virtually Engineered Novelty,Active,,UNIVERSITY OF SHEFFIELD
0E5F359F-CEBB-472A-BD4A-FA820D042F59,How to build a protein factory? Linking structure and function of the plant endoplasmic reticulum,Active,,OXFORD BROOKES UNIVERSITY
FC1F4F31-7F9F-4BB4-B137-F91B51D4EB50,Challenging the Unchallengeable: Revisiting the Soil Mechanics Paradigm,Active,,UNIVERSITY COLLEGE LONDON
FF152FD3-5060-47E2-929A-F88C1BFFA374,Nitriles: from prebiotic peptides to synthetic applications.,Active,,UNIVERSITY COLLEGE LONDON
EC629B4C-16F0-4B95-88A9-F8FEA5D25D4B,The role of English in multilingual online transgender communities,Active,,UNIVERSITY OF NOTTINGHAM
ED49B1D9-C99B-4780-AFE8-F8174901DD3D,MOBIUS,Active,,JAGUAR LAND ROVER LIMITED
EEA3D6FE-A1BB-4D37-9C05-F7D83D902C6B,To co-produce or not to co-produce? A critical examinationof the translation of IPCC climate science into nationaladaptation policies,Active,,KING'S COLLEGE LONDON
EECE056E-F0CC-4CAD-A169-F8A6B8AF171D,Sustainable Synthesis of Next Generation Cooling Technologies,Active,,UNIVERSITY OF KENT
062C6BA5-7976-4DC9-8144-FA4CEDDBCB9E,Mud to muscles: Dinosaur-bird locomotor evolution from fossil footprints,Active,,LIVERPOOL JOHN MOORES UNIVERSITY
06315D5E-09E1-491C-994B-FB0F8ABC9DB6,"Microbial Survival in the Makgadikgadi Basin, Botswana",Active,,THE OPEN UNIVERSITY
068A4EC0-946C-446D-949A-FB33EE60D50C,"NMR at 1.2 GHz: A World-Leading UK Facility to Deliver Advances in Biology, Chemistry, and Materials Science",Active,,UNIVERSITY OF NOTTINGHAM
06C2CC33-AD41-4616-9367-F9FE3FA3FC20,HK Construction WPs 2-6 Sept.2023,Active,,KING'S COLLEGE LONDON
077E879B-C162-491E-9E49-FAB6E45088EC,Bringing Cultural Heritage to Life,Active,,PANIVOX LIMITED
08951601-8DEF-468A-8E23-F9E31B32279B,MonitoRing the Effect of TRAnscutaneous neuro-electrical muscular stImulation of the common peroneal Nerve using the geko device on cerebral haemodynamics in patients with ischaemic strokes: RETRAIN,Active,,FIRSTKIND WOUNDCARE LTD
F89E7B58-F5B2-44BC-AE9C-F85C0A31144D,Optimising invasive species control to reduce zoonotic disease risk and agricultural losses in Madagascar,Active,,UNIVERSITY OF ABERDEEN
F9199202-4F89-4AB6-98DF-F92995E676E5,CANMILK: Carbon Neutral Milk - Horizon Europe Guarantee,Active,,DURHAM UNIVERSITY
90A2C8CA-0FB0-40A7-B961-F851656E2000,Topology Optimisation and Laser-based Manufacture of Micro-Actuators for Medical Micro-robotic Applications,Active,,HERIOT-WATT UNIVERSITY
930BEC3A-EFF2-4837-B7BE-F74DD7498AE5,Towards dynamical black hole masses at cosmic noon,Active,,UNIVERSITY OF SOUTHAMPTON
E8F360FC-CBB6-45E2-89AA-F73F634CED1B,The Physical Climate System,Active,,Unknown
DAE05E08-3C77-4EAE-96B6-F90E17443837,Clocks and singularities in quantum gravity and quantum cosmology,Active,,UNIVERSITY OF SHEFFIELD
DC33B5D3-15BE-4056-92B5-F750D27031AF,Disrupting hierarchies and constraints in children's experience of reading in primary school,Active,,UNIVERSITY OF STIRLING
7A6184F2-3E86-452C-AE3A-F91099C74E8F,Sustainable Motor Drives,Active,,NEWCASTLE UNIVERSITY
F0E8BBE7-6EB6-4E64-A1AB-F7FA55A56516,ESRC IAA 2023,Active,,UNIVERSITY OF SOUTHAMPTON
F1641B7C-A8E0-4ACF-A130-F86D3286FDEB,Constructing conceptual knowledge in ageing: how cognitive mechanisms of learning and memory change with age,Active,,ROYAL HOLLOWAY UNIVERSITY OF LONDON
F1859A18-72CE-419E-9C61-F8310B387926,UMBRELLA - UM Boundary Layer Representation including land-atmosphere interactions,Active,,CENTRE FOR ECOLOGY & HYDROLOGY
F300F2B3-77D6-40CA-A34C-F79607035C0A,BESPOKE MOUSE MODELS OF HUMAN PRION DISEASE AND RESOLVING DETERMINANTS OF PRION STRAIN DIVERSITY,Active,,UNIVERSITY COLLEGE LONDON
F3EA174E-F085-476A-BD18-F7F0E8DE380D,Community Distribution Modelling: Predicting how temperate forest communities will respond to climate change.,Active,,UNIVERSITY COLLEGE LONDON
F46E55CE-AF71-455F-B2F6-F86CFFD6FDEF,Translating Agustin Espinosa,Active,,UNIVERSITY OF WARWICK
E2E47344-757E-48DF-8FA7-F80B4A162E78,Depolymerizable bio-based multifunctional closed loop recyclable epoxy systems for energy efficient structures,Active,,AEROGEL CORE LIMITED
E3B64693-16C4-4A7A-967D-F858DF166264,DEFIANT: Drivers and Effects of Fluctuations in sea Ice in the ANTarctic,Active,,UNIVERSITY COLLEGE LONDON
84B92464-EFFA-4A7D-A98A-F88493D08D09,Nonequilibrium transport in ultracold Fermions,Active,,UNIVERSITY OF NOTTINGHAM
85E024C5-38D3-4D36-A6CF-F9252D459AA5,Developing new 3D-hydrogel models of the human mammary gland to investigate breast cancer initiation,Active,,UNIVERSITY OF MANCHESTER
63E0F4C3-ACB2-4EC5-A695-F7A21BF93075,DTP Bid Led by University of Southampton,Active,,UNIVERSITY OF SOUTHAMPTON
6598CA99-B65C-411C-BBBC-F7855BF23045,Cluster Management for the agri-tech and food-tech innovation cluster in Eastern England,Active,,LINCOLNSHIRE COUNTY COUNCIL
67BBD74B-D4BA-4CB2-A072-F79720F277EA,Meet Future Needs of Antenna Measurements and RF Characterization for Changing Research Culture (MUSCAT),Active,,QUEEN MARY UNIVERSITY OF LONDON
DC8D6845-6912-457D-A86C-F7AE3A699853,Singing the World: towards a Phenomenology of Nineteenth-Century Lied,Active,,ROYAL HOLLOWAY UNIVERSITY OF LONDON
DDCC8809-5044-4575-A698-F7C57D5D22D9,Unravelling the matrix: how are extracellular matrix fibrils formed by cells,Active,,UNIVERSITY OF MANCHESTER
DDEBB6C8-77F7-4A31-A65E-F8022A0F2671,And Nothing But a Truth: Documentary Crime Fiction and Authenticating the Fictional,Active,,QUEEN'S UNIVERSITY BELFAST
DE0B1C51-0B06-451F-81A1-F85E40AD2544,MesonEx at CLAS12,Active,,UNIVERSITY OF YORK
DEC90EE2-FECA-4169-BD45-F730EED7BD3F,COMMUNICATE: Understanding the evolution and ecology of viral communication,Active,,UNIVERSITY OF EXETER
CFFAFB9C-2DF6-4300-9F11-F90F6E08B2A6,Weightless Memory,Active,,Unknown
D19605D9-E44C-4F54-958A-F7D435A3F1B8,Procedural Generation as Generative Archaeology,Active,,QUEEN MARY UNIVERSITY OF LONDON
D1F1C9D3-3AD0-4F8A-9FD1-F734EFA72574,Investigation of brain-on-a-chip devices for functional testing of novel drug compounds,Active,,LOUGHBOROUGH UNIVERSITY
D1F9812A-961E-4B07-9769-F8AD442A596C,Testing a Bayesian model of auditory verbal hallucinations in the adolescent brain,Active,,UNIVERSITY OF MANCHESTER
6E00E670-4567-4BE5-A2FE-F79ABD56B8B5,Optimising salt morphology and maximising oral perception of salt through DEM and DEM CFD techniques,Active,,UNIVERSITY OF EDINBURGH
6EBAC0F8-6D13-44E0-A2FC-F75A03A9695C,cPTM-display: An encoded platform for the identification of chemically diverse cyclic peptides,Active,,IMPERIAL COLLEGE LONDON
6EBEEE0C-D31B-4C98-9F97-F8B3EED70864,The role of NPFF-expressing excitatory interneurons in spinal pain mechanisms,Active,,UNIVERSITY OF GLASGOW
6F97FF09-1DC9-475C-9682-F76218A147FA,Resilient Civil Society Project (ReCiv),Active,,QUEEN'S UNIVERSITY BELFAST
6FD3676D-A3BC-46ED-AD4F-F8037DCFF5F1,Application of System Theoretic Process Analysis to understand safety requirements for a domestic robot,Active,,Unknown
E680D30B-AD01-4584-87F6-F8E10456F687,Arts and Humanities UK Parliament Thematic Research Lead,Active,,UNIVERSITY OF NOTTINGHAM
CA11C3A5-83FD-4FC7-8638-F9304559C2ED,The use of machine learning techniques for the optimisation of fringe projection measurement,Active,,UNIVERSITY OF NOTTINGHAM
4F38C9C6-516B-41C3-BF4D-F8BAF6695EC6,Digital Genetic Counselling App: an AI-Driven Solution to address the Genetic counselling Bottleneck,Active,,MOLMART LTD.
4FF01B64-99DE-4FB3-8C64-F7A365984C84,Disruptive development of van der Waals semiconductors by enabling anion-controlled functionalities,Active,,NEWCASTLE UNIVERSITY
5048CC63-BC86-48C8-96BA-F84FECDE1593,Understanding autoimmunity: Why do B cells sometimes attack our tissues instead of protecting us from infections?,Active,,UNIVERSITY OF YORK
B652EB63-179A-475A-8F7C-F86A7FC1E8EB,FedN: A Federated North,Active,,UNIVERSITY OF LIVERPOOL
B6A92C6F-44C5-4EAB-8831-F86516443386,In situ gas analysis in interim spent fuel containers,Active,,UNIVERSITY OF MANCHESTER
B8573536-7F38-4823-AA9D-F7C729F18BF4,Urban Big Data Centre,Active,,UNIVERSITY OF GLASGOW
B86030E5-0ACA-4F01-A280-F780AFC03AFC,Develop single-crystal materials for healthcare and green energy applications,Active,,QUEEN MARY UNIVERSITY OF LONDON
5A2B08F7-41E7-4DD8-A8B6-F81586A60E9F,Ibn Taymiyya &amp; Natural Theology: A Fitra-Based Approach,Active,,UNIVERSITY OF BIRMINGHAM
5AA64EEA-1B13-4E0B-A33C-F77D4D7D5BC6,"Navigating Public Space in Iranian Cinema: Fl&acirc;nerie, Urbanophobia, and Gender.",Active,,UNIVERSITY OF BRISTOL
D34BA01C-4418-46FD-B1C6-F7C57B0403D4,Fully Bayesian 3D PET-MR Neuroimaging Reconstruction,Active,,KING'S COLLEGE LONDON
C30B5646-AB1E-4503-82EF-F82B12583394,Exploring indigenous peoples' participation within climate solutions through indigeneity narratives: a comparison between Peru and Bolivia,Active,,"GOLDSMITHS, UNIVERSITY OF LONDON"
C4314FDB-3A6B-4A21-8328-F7BF7B22A167,Restoring biodiversity and functional connectivity in Sumatra's community managed forests,Active,,UNIVERSITY OF KENT
C43AE09B-CA38-4579-94E3-F903E48CE240,Studies of the Higgs and di-boson decays involving leptons with the ATLAS experiment in LHC.,Active,,UNIVERSITY OF SHEFFIELD
C4D0EA38-B2F4-4AC0-9A87-F77FA3942B72,"Chinese Wallpaper at the Royal Pavilion, Brighton: A complex collage of cultures",Active,,UNIVERSITY OF SUSSEX
3970C70D-EA80-4C19-9DB8-F79AA2CB3345,Digital twins for building decarbonisation: novel framework for efficient building operations and effective retrofit pathways,Active,,UNIVERSITY OF EDINBURGH
39C880DC-0627-4D81-BA48-F8EA6FC82FC5,Integrating cell image analysis into sorting approaches to revolutionise cell biology at the University of Manchester,Active,,UNIVERSITY OF MANCHESTER
3AE06C33-E75C-4BB5-88CC-F93904BC958D,"Taking the bait: exploiting new tools to capture, identify, and visualize active proteinases in osteoarthritic cartilage destruction",Active,,UNIVERSITY OF LIVERPOOL
AAD5FDF6-5052-4EDF-8033-F933D8DB3235,Verification and Validation of Responsible Generative AI in Automative,Active,,UNIVERSITY OF WARWICK
AADE5BAA-351B-45E9-AB44-F84BE260A156,Cryptographic privacy-preserving enterprise solution to prevent impersonation phone call fraud,Active,,LASTINGASSET LIMITED
ABA28918-CCE0-4F95-B4C8-F785F54964A5,Atomic-Level Insight into Photoinduced Transformations in Perovskite Optoelectronics,Active,,UNIVERSITY OF BIRMINGHAM
BDF095E4-184E-403E-91CE-F85DCB5B3798,Europe-America-Japan Accelerator Development and Exchange Programme,Active,,Unknown
43251134-6715-4081-A1A0-F7BE3F4B04F4,Understanding the mechanistic link between transfer RNA (tRNA) regulation and biological ageing,Active,,KING'S COLLEGE LONDON
4768421E-B548-48D1-A642-F8763C3F40CE,UK Involvement in LSST: Phase C (Edinburgh component),Active,,UNIVERSITY OF EDINBURGH
C7150717-2763-463B-BC33-F81D9868ADC9,Critical Non-Gaussian Tests of Inflationary Cosmology,Active,,UNIVERSITY OF CAMBRIDGE
C87820BD-BB38-4B72-8DD2-F8A8EF090609,Scalable production of cultivated meat,Active,,UNIVERSITY OF WARWICK
C9370052-3868-4722-955E-F791706A5EF3,Parasites in stress: How Toxoplasma gondii responds to iron deprivation,Active,,UNIVERSITY OF GLASGOW
9461A0E3-AD47-4558-BED9-F7C00CCC2B26,Exploiting the PEG Dilemma to Innovate Advanced Healthcare Materials,Active,,UNIVERSITY OF NOTTINGHAM
950EB02E-4C84-4F07-9FAB-F82AA87A5757,TBC,Active,,UNIVERSITY OF BRISTOL
96E9BDF2-5237-4D57-9D7C-F85BBE864333,Metal-containing scaffolds as lethality drivers to induce redox-related bacterial killing,Active,,IMPERIAL COLLEGE LONDON
A2049594-A480-4452-97CA-F7649E15F460,Smart Integration of Waste and Renewable Energy for Sustainable Heat Upgrade in the Industry,Active,,NEWCASTLE UNIVERSITY
A24136D7-A928-479B-B073-F7ECB5399168,"The effect of offshore windfarms on the distribution, behaviour, and abundance of fish",Active,,HERIOT-WATT UNIVERSITY
A309E688-E83F-496A-9EA1-F807C6326AC6,How repeatable is the evolution of antibiotic resistance in different bacterial habitats?,Active,,UNIVERSITY OF WARWICK
2E80A888-AE10-4D68-BF9A-F857D2C8A771,EPSRC-Chemistry (CHE) Synthetic Molecular Compasses,Active,,Unknown
2F16D38F-032C-4545-A4FB-F77A0699CDEA,Large scale robust quantum computation on superconducting qubits with fixed coupling Project.,Active,,UNIVERSITY OF SURREY
2F99C07E-776B-4D90-95E4-F7D738D302F5,Mapping ubiquitin-like protein interactions using tailored photo-crosslinking chemistry,Active,,UNIVERSITY OF MANCHESTER
2FA4F6D0-1D62-493E-AFDA-F7CE85F6A461,Bio-Electrochemical System for Product Recovery from Spent Substrate Coffee waste,Active,,UNIVERSITY OF SURREY
2FB081A9-658C-41C7-ACB8-F8B02E0C5D1A,"Live long and prosper: probing the mechanism of a transporter family linked to lifespan extension, protection from diabetes and obesity, and cancer.",Active,,UNIVERSITY OF KENT
9FECB34D-F19E-43B0-B107-F8BD500A4850,NERC Freshwater Quality Champions: understanding changes in quality of UK freshwaters,Active,,UNIVERSITY OF LEEDS
A0907B7D-E1E1-4820-8FBF-F8E4E40CAB97,Health Outcomes following childbirth for women who use opioids: An administrative data study,Active,,UNIVERSITY OF DUNDEE
A18207F3-D727-4A57-AAED-F92E26ED8886,TARS: The Next Leap in Diabetes Care,Active,,HALO HEALTH LTD
A1F2B75D-2B85-4E25-92FB-F922C664FC09,The state and fate of mountain permafrost and implications for debris supply in glacierised catchments,Active,,NORTHUMBRIA UNIVERSITY
ADC3D2AC-C2BD-48A1-9CB7-F86CAC454C08,Discovering new components and functions of plant oxygen sensing,Active,,UNIVERSITY OF NOTTINGHAM
AE07B4E1-82BE-4A69-9051-F7F5FFD3A391,Improving BEV efficiency through online adaptative optimisation of thermal controls,Active,,LOUGHBOROUGH UNIVERSITY
AE1ECE14-DAB8-4039-9623-F91AF21DDE52,Controlling and integrating 2D magnetism in epitaxial van der Waals heterostructures,Active,,DIAMOND LIGHT SOURCE
AE2D5996-79D4-42F4-8120-F92D7D94DD5D,University of Bristol and Hello Bio Limited KTP 23_24 R1,Active,,UNIVERSITY OF BRISTOL
AE42AA33-29BC-43C0-B6E7-F84878C3A280,The impact of environmental change on the ecological and evolutionary dynamics of symbiotic sponge communities.,Active,,UNIVERSITY OF ABERDEEN
8FAA8B7D-1FFA-47D8-8443-F7BEEDABA6D1,Exploring the impact of trauma informed schooling on students in UK secondary schools,Active,,BANGOR UNIVERSITY
7D5907A9-3195-4C7B-847E-F83803F305F8,Autonomous Intelligent Machines &amp; Systems,Active,,Unknown
7D5E57BE-8180-48F4-9243-F78904520BBF,Mapping Environmental Health Crises – Public Understanding through Myths and Science (CHANSE-CR-258 CHRYSES),Active,,UNIVERSITY COLLEGE LONDON
7DE77908-FF58-4488-9A95-F8C8F0643E4D,Re-evaluating the Status of Prints at the British Library,Active,,"BIRKBECK, UNIVERSITY OF LONDON"
7EF4FAFA-020A-49AA-A6FC-F7957EE47861,Memory trace formation at and beyond individual synapses in the intact brain,Active,,UNIVERSITY COLLEGE LONDON
17251B50-FBA9-49E2-97DB-F755319A10C6,Searching for fluctuation-driven superconductivity,Active,,UNIVERSITY OF CAMBRIDGE
1790726E-D40F-44C6-92E2-F9380EF200FE,Putting a finger on peripheral nerve injury: Developing a core outcome set.,Active,,BANGOR UNIVERSITY
8A63BFDD-32C0-4DD1-A266-F776C71F49D1,Using NLP to Target Patient Led and Scalable Primary Care Interactions,Active,,EVERGREEN HEALTH SOLUTIONS LTD
8C20FF76-1C26-49F7-A11E-F7B9B7B2B11C,RAL Studentship at RHUL 2022,Active,,ROYAL HOLLOWAY UNIVERSITY OF LONDON
98BA494F-FB04-4804-8425-F7C59E8BA8E0,Understanding The Eco-evolutionary Drivers Of Antifungal Resistance In Opportunistic Fungal Pathogens,Active,,THE OPEN UNIVERSITY
990ABBA5-2952-4C46-A7C6-F877B8F68335,Families on the move: language and identity amongst internal migrant families in China,Active,,UNIVERSITY OF SOUTHAMPTON
9B591A36-BB23-47BC-8F8F-F77327840012,iCASE Project: &quot;Developing translatable TetraVecta-enabled allogeneic regulatory T cell therapy&quot;,Active,,Unknown
23757FBC-44E5-4D0C-806D-F76F093F1C7D,"From Viv Anderson to Black Lives Matter: Racism and Anti-Racism within British football fanzines and fan websites, 1970-present",Active,,TEESSIDE UNIVERSITY
24433C4B-C767-4D2C-B182-F8CB6850C08B,Engineering grain structure in metals through on-line laser ultrasonic imaging,Active,,UNIVERSITY OF NOTTINGHAM
2463FBEE-C660-4B47-BCA1-F830AADD8A45,Divergence and parallel evolution of boldness in guppies,Active,,UNIVERSITY OF EXETER
69819C14-19E6-4762-B32C-F9345500CC92,Design of therapeutic agents to target hypoxic tumours,Active,,UNIVERSITY OF HUDDERSFIELD
034F9EE9-B4F8-41A7-838F-F877DD68D947,A MISSING LINK between continental shelves and the deep sea: Addressing the overlooked role of land-detached submarine canyons,Active,,SCOTTISH ASSOCIATION FOR MARINE SCIENCE
8068098F-C129-4BB1-8C14-F908319B7653,Learning strategies of adult refugees,Active,,UNIVERSITY COLLEGE LONDON
80D5C697-1EEC-4E09-90B4-F744C3F448D1,Using virus induced gene editing in potato to genetically dissect plant microbe interations,Active,,UNIVERSITY OF CAMBRIDGE
8174255B-E1B6-4AF8-9634-F874DE40C41D,Aston University and Newtown Packaging Limited KTP 23_24 R6,Active,,ASTON UNIVERSITY
8193E75C-18E8-4138-96FD-F73A3B5E6199,Population Research UK Coordination Hub,Active,,UNIVERSITY OF BRISTOL
8382D11D-2007-483E-B3CA-F8D7BED24E06,A high-throughput tissue engineered model for investigating age-related muscle diseases,Active,,NOTTINGHAM TRENT UNIVERSITY
847B5F4E-D40A-4A2E-9F20-F7A55BD24689,Saint Cuthbert and the Anthropocene: A New Opus Geminatum for the 21st Century,Active,,NEWCASTLE UNIVERSITY
73AF8BE3-A640-47B3-BF94-F852F2BDADE9,Management approaches and tools to empower fishing communities,Active,,BANGOR UNIVERSITY
73E6289F-820E-4EFC-A7A6-F7ACDB9714B0,"Voices in Slavery’s Archive: Law, Place and Testimony in British Guiana",Active,,UNIVERSITY OF EDINBURGH
7484021C-D742-48F9-9D90-F7AB98FEF193,Emapunil for pulmonary arterial hypertension,Active,,IMPERIAL COLLEGE LONDON
74ADD9B2-926D-4255-9D57-F7DD206F88F3,"Art, environment, energy: ecocriticism and anti-nuclear art",Active,,COURTAULD INSTITUTE OF ART
0D14BBB5-E9D3-4791-AC6F-F8FA3996673F,"Phase III, Multicentre, Randomized, Double-blind, Placebo-controlled Study to Evaluate Efficacy of Probiotic Supplementation for Prevention of Neona",Active,,INDIAN COUNCIL OF MEDICAL RESEARCH (ICMR)
0E2AB0FD-7445-424B-B390-F7D4E66DED75,Starting School Study: Smartphones and Adolescent Risk and resilient factors for wellbeing when transitioning school,Active,,UNIVERSITY OF BIRMINGHAM
0F0281C4-83D6-45A9-98C8-F85B14971A25,Driving a step change in physico-chemical interrogation of biological systems with Leica's Stellaris Stimulated Raman Scattering imaging platform,Active,,Unknown
8D10BDDD-F3AC-4A6C-85B6-F7515AFBB465,Psychosis Immune Mechanism Stratified Medicine Study (PIMS),Active,,UNIVERSITY OF BIRMINGHAM
F33DC3CC-1D24-429F-BD73-F68F4F186335,The University of Essex and PFE Express Limited KTP 22_23 R3,Active,,THE UNIVERSITY OF ESSEX
6AA6B6B4-C4D6-42F7-A184-F7E3DF4EA133,Sensing On Urban Noise: Distributed Sensing For Collaborative And Sustainable Cityscapes And Living Environments (SOUNDSCALE),Active,,UNIVERSITY OF SOUTHAMPTON
6CB2A196-4BDA-4453-B409-F793F22A45A9,Generative AI and Foundation Models in Multimodal Biomarkers Exaction and Analysis,Active,,IMPERIAL COLLEGE LONDON
6CB64E0C-5573-4373-9FA3-F88A1319C03D,Development of Galleria mellonella as a replacement preclinical model for snakebite envenoming to reduce the need for murine models.,Active,,EDGE HILL UNIVERSITY
5E0FBDF8-159A-426E-BFC0-F75D111D2D1B,Telling China's Story Well: China's Changing Soft Power Acquisition Strategy,Active,,ASTON UNIVERSITY
5E538ADB-F4E6-4CB5-96CC-F8695D329593,Brauer groups and Picard groups of affinoid p-adic spaces (Ref: 4342-6),Active,,UNIVERSITY OF EXETER
F8E2EDC1-FBCC-4A62-973F-F5E9538BD943,Development of somatosensation in preterm infants: a neonatal precursor of sensory processing disorders in childhood,Active,,UNIVERSITY COLLEGE LONDON
F9B6E8F8-016E-4925-9371-F6F3CCC404EA,Climate-linked microbial interactions in green tide causing seaweed,Active,,UNIVERSITY OF EAST ANGLIA
FA5AC5EA-999A-408E-B35F-F665643ABE85,The blue mussel Mytilus edulis as an indicator species for modelling marine connectivity in Scotland,Active,,UNIVERSITY OF STIRLING
FA9BC095-7B0F-48CB-802D-F62C71E34D79,PhD projects to be confirmed on completion of the training year.,Active,,UNIVERSITY OF BIRMINGHAM
FBA7E095-5D7F-4E58-95B9-F5C02E1AEB5C,"Structure-function studies of the malaria drug target, mitochondrial respiratory complex III",Active,,UNIVERSITY OF GLASGOW
FBCB1ECB-C7D7-47D4-ADFF-F54BF62EC52B,Project to be confirmed after rotation year,Active,,UNIVERSITY COLLEGE LONDON
75B1CC63-3DBC-41FB-B61B-F7B271CC077B,Accelerating digital twin technology to deliver a prosperous net zero,Active,,UNIVERSITY OF LEICESTER
693A6116-429B-415F-8205-F7FCEF4C1D32,Usable privacy for e-health data of vulnerable users,Active,,UNIVERSITY OF PLYMOUTH
6944B7CF-9174-437D-8D81-F8BEE7718F76,An examination of the relationship between engagement in criminal activity and educational attainment,Active,,UNIVERSITY COLLEGE LONDON
573A0130-7786-413D-AEE0-F85B2637FF3B,Emergence of partons in topological quantum matter far from equilibrium,Active,,UNIVERSITY OF LEEDS
48D339BD-6B72-4DF9-94E6-F899279115C7,Reading concordances in the 21st century (RC21),Active,,FRIEDRICH-ALEXANDER UNIV OF ERLANGEN FAU
48F2F7DF-F557-423E-964D-F859BD0D68F2,TEMPEST: Next Generation Multiple Architecture Battery Systems for Industry,Active,,UNIVERSITY OF BATH
49DA5722-F1D9-43AD-B036-F78CDE29AF16,"Transformation of UK food system outcomes with beans, peas and pulses: The role of the retail sector",Active,,"CITY ST GEORGE’S, UNIVERSITY OF LONDON"
4A541B2C-726E-419E-B75E-F72ED371FDD4,Free Extensions of Second-Order Algebras,Active,,UNIVERSITY OF EDINBURGH
4AB4D113-D14A-4812-B804-F7A0A5BCB0C2,Resolving mechanisms regulating carbon storage in forest soils,Active,,LANCASTER UNIVERSITY
E726A1B0-1211-4CAC-B972-F5D37EE2D5D9,Capturing the spectral fingerprints of errors in weather and climate models,Active,,IMPERIAL COLLEGE LONDON
E878D6C2-AC02-4841-A184-F664FE59F225,BladeUp: Secure Upscale of Wind Turbine Blade Production Capacity (Route 2),Active,,UNIVERSITY OF BRISTOL
E90AD49A-56EF-47AF-839F-F70527FDDCC8,A hybrid Deep Learning-assisted Finite Element technique to predict dynamic failure evolution in advanced ceramics (DeLFE),Active,,"CITY ST GEORGE’S, UNIVERSITY OF LONDON"
EA13BC1E-3BF9-49A0-8946-F701C881BFC0,"easuring the wear of a new, all-polymer PEEK-OPTIMA femoral knee component for total knee replacement",Active,,UNIVERSITY OF LEEDS
EA4D128E-DE10-4637-92D7-F6492591D385,TBC,Active,,UNIVERSITY OF BRISTOL
EAC2F2A1-8B3E-4CE9-B1AD-F519B225E23D,Technologies for optogenetic neural interfacing,Active,,UNIVERSITY OF STRATHCLYDE
60763987-A18E-47D8-9977-F7F6A8033A79,Hoverfly use for pollination of commercial soft fruit crops,Active,,UNIVERSITY OF GREENWICH
611FBDFB-3762-447D-BB95-F8C5BEA64EE4,Repurposing sodium phenylbutyrate as a novel therapeutic agent to manage type 2 diabetes via alterations in circulating branched chain amino acids,Active,,UNIVERSITY OF NOTTINGHAM
63113502-790B-455F-B845-F7E4AA7FEDE6,Engaging Year 10 students through Particle Physics Workshop Activities,Active,,KING'S COLLEGE LONDON
52B312CB-6517-4A96-BF90-F8B4C2B4BD81,Skinakin Proof of Concept,Active,,SKINAKIN LTD
53645AD6-BDB8-471F-8C5C-F8D18A8E2565,From Jantar Mantar to Mechanical Clocks: Temporality and Time Keeping Practices in India and Britain (18th - 19th centuries),Active,,UNIVERSITY OF MANCHESTER
5425EBDB-F324-41B4-B723-F8466875B7AC,A Fast and Accurate wave propagation solver using the Modified Born Series.,Active,,RAYFOS LTD
54AE2C48-2A1C-440D-B4A5-F88BEE189BB3,Optical quantum link,Active,,UNIVERSITY OF NOTTINGHAM
F12677F3-E551-4EA0-B875-F5C27A688811,The Medical Research Council Centre for Medical Mycology 1+3 MRes-PhD studentships,Active,,UNIVERSITY OF EXETER
333410BB-2065-4011-942F-F7CC00191C80,Rapid flavour profiling for sustainable food product development,Active,,UNIVERSITY OF YORK
337F2278-345F-4A32-A562-F7C1C99A3CBE,Understanding reward and withdrawal mechanisms underlying habitual caffeine use,Active,,UNIVERSITY OF SUSSEX
D3ABEF95-2941-49B6-9011-F65DE1EC1CE4,The role of chromatin remodeling ATPases in regulating plant immunity against fungal pathogens,Active,,UNIVERSITY OF WARWICK
D3B4DA4C-EA26-4637-BAB6-F60247089E9E,Is Generative AI Reinventing the Language of Science?,Active,,UNIVERSITY COLLEGE LONDON
D5AA7A16-7BFF-4EF3-8491-F705CA823535,European Eddy-RIch Earth System Models (EERIE),Active,,UNIVERSITY OF OXFORD
D5B7C258-1B0F-4F82-9C87-F5747DFFEFB9,The South East Network for Social Sciences (SeNSS) Doctoral Training Partnership (DTP),Active,,UNIVERSITY OF ESSEX
D66F6E58-C0DC-44F7-B984-F6729493FC64,Sychronizable laser pulse sources for multi-photon imaging applications,Active,,UNIVERSITY OF STRATHCLYDE
D6A2BB7B-4EEA-4D5C-A3BF-F657002C2ECC,Shifting away from the donor-driven UN: an assessment of the pooled funding mechanism,Active,,LONDON SCHOOL OF ECONOMICS AND POLITICAL SCIENCE
D6BC828B-06C7-4446-ADB6-F5FFB78EC2E3,Ottoman Lands: The Kemalist Bid for Syria and Iraq (1918-1927),Active,,Unknown
4B9DDE00-570A-498D-8B39-F7A5AC4508F3,Resolving Biological carbon Export in the Labrador Sea (ReBELS),Active,,NATIONAL OCEANOGRAPHY CENTRE
4D89DD32-F625-4735-8E98-F74F8520E89D,Synthesis and Application of Photocaged DNA and RNA Technologies,Active,,UNIVERSITY COLLEGE LONDON
3B4C8FF4-6ADB-44C9-BE3B-F9385C50C495,Industrial CASE Account - University of York 2023,Active,,UNIVERSITY OF YORK
3BD75E53-A5CF-4081-AAEB-F8683E98109B,FORCEBIND: Mechanochemical Regulation Of Focal And Fibrillar Adhesion Proteins,Active,,KING'S COLLEGE LONDON
3C84C430-FB4A-4754-9C8D-F79579044E3D,Understanding the role of the Type II MLA system in OMV biogenesis: towards developing an effective vaccine against Campylobacter jejuni in poultry,Active,,LONDON SCHOOL OF HYGIENE AND TROPICAL MEDICINE
3C84CA87-DB55-4622-983F-F854A09190AB,Preference elicitation and aggregation in participatory budgeting,Active,,UNIVERSITY OF WARWICK
3CC0DC7F-3B21-468A-9A7D-F760FE268377,Creating research-ready data by linking Census data to ASHE,Active,,"CITY ST GEORGE’S, UNIVERSITY OF LONDON"
3D625398-1B05-4770-99EC-F84D0271EB43,Theory of Spintronics,Active,,THE OPEN UNIVERSITY
DE2043E2-001A-4497-9C6B-F616AA2ECCC0,UDLA 2527 University of Birmingham,Active,,UNIVERSITY OF BIRMINGHAM
E086D3BC-1689-45B2-B54E-F7251952FED4,Screening Porous Materials for Direct Air CO2 Capture Under Realistic Conditions,Active,,UNIVERSITY OF STRATHCLYDE
E0909342-AE62-450C-8EB3-F68A2ABB0D6D,PROMETHEUS: Enabling a Data Rich Additive Manufacturing Process,Active,,WAYLAND ADDITIVE LIMITED
55BDA38C-8FC5-4438-814C-F910A49FDA9A,Understanding national curriculum enactment: Choice and constraint in the Welsh school system,Active,,CARDIFF UNIVERSITY
566A83CF-3CAA-405D-97DD-F9320F9F457A,The indirect impacts of COVID-19 on the sexual and reproductive health of women in Wales,Active,,SWANSEA UNIVERSITY
35FB786E-BEF8-45BB-9AB1-F8126BE09D58,Forming Ahead with Deep Learning for Composites Manufacturing,Active,,UNIVERSITY OF BRISTOL
CA679C69-93E5-4248-820C-F5B9269955EA,"Engineering with Nature: combining Artificial intelligence, Remote sensing and computer Models for the optimum design of coastal protection schemes",Active,,UNIVERSITY OF LIVERPOOL
CAD36DE4-A95D-4B7F-8E21-F5AE1B8991F2,Portable molecularly imprinted sensors detecting per- and poly fluoroalkyl substances (PFAS),Active,,UNIVERSITY OF BATH
CBE84F38-23BC-4C5B-B039-F6248B1F653A,The shaping of mental health and the mechanisms leading to (un)successful transitions for care-experienced young people,Active,,UNIVERSITY OF SUSSEX
CC9E5904-7FD7-4DAA-A3B3-F5DCCCDA8344,Cognitive perceptions in Cybersecurity: Improving Compliance and User Experience in organisations&quot;,Active,,ROYAL HOLLOWAY UNIVERSITY OF LONDON
2579BFDA-B23A-4450-BD59-F88907643511,Embryonic zebrafish models of HACD1-deficiency to replace mammals in congenital myopathy and lipidomic research,Active,,UNIVERSITY OF LIVERPOOL
25A572F9-6250-4DC0-A124-F89F0859936B,"Towards non-invasive, personalised diagnosis and assessment of stenosis",Active,,KING'S COLLEGE LONDON
26746D5B-F675-473D-97B7-F792930E4F3A,developing and validating advanced Bayesian optimization algorithms,Active,,UNIVERSITY OF MANCHESTER
28A3822E-C857-4BB0-AECE-F72E203AC1BC,The role of GABAergic inhibition in the function and dysfunction of the human binocular visual system,Active,,Unknown
296286A7-2523-48E7-B344-F89427BB59CE,Powered by Life: Bio-Engineered Coin Cell Alternatives for Wearables,Active,,ENERGY DIAGNOSTICS LIMITED
29800AC6-805D-425F-B45B-F828DA3FB6B0,Exploration of Niab synthetic wheat as a new source of resistance for effective genetic control of Septoria tritici blotch disease,Active,,UNIVERSITY OF NOTTINGHAM
29A4E352-F8A5-4C9E-B0C4-F83A6411E7A0,"Women collectors of South Asia: gender, material culture and empire",Active,,UNIVERSITY OF LINCOLN
3FEFEFF6-545F-46CC-9EFE-F7FEF2763304,Synergizing traditional and novel forms of vector control: insecticides and gene drive,Active,,LIVERPOOL SCHOOL OF TROPICAL MEDICINE
4027B1C5-3DC7-4BB6-B42B-F76CEFBB54F4,Designer DNA for Data Storage and Nanomaterial Applications,Active,,NEWCASTLE UNIVERSITY
40FF4774-E099-4F89-A699-F90E21EA81F1,Advancing holistic risk assessment for measures to address climate change,Active,,IMPERIAL COLLEGE LONDON
421C7C97-7536-4A89-93E8-F8BEF61AE2CE,Learned Quantitative Stochastic Imaging,Active,,HERIOT-WATT UNIVERSITY
30566FBD-147F-4C34-8B16-F933D2B93453,Building Virtual Worlds that Follow Universal Laws of Physics,Active,,UNIVERSITY OF SOUTHAMPTON
30B8BAB2-B373-4E32-B557-F8265C477ACA,Hunger And Thirst Guided Decision Making Via Hippocampal Encoding Of Internal State,Active,,UNIVERSITY COLLEGE LONDON
318690C5-8842-43B1-A132-F7B11876577C,Understanding the spatio-temporal variability of soil moisture and its feedbacks across scales,Active,,UNIVERSITY OF SOUTHAMPTON
31F6929E-072F-4B4B-B836-F86DBF25611D,Enhancing anti-tumour t cell function by controlled inhibition of checkpoint receptor signalling,Active,,Unknown
20FA69B2-A8D1-426A-BE8A-F8AE6A3AAF85,Hospitality and the Common Law: A Symptomatic Study of Legal Judgments,Active,,Unknown
226418D3-3702-47AE-BE07-F7421FB801EA,Picophotonics and metamaterials driven by light,Active,,UNIVERSITY OF SOUTHAMPTON
B4A742D4-6FE5-4FE9-9EBA-F5DB98039B9D,Development of condition monitoring techniques for SF6 alternatives in high voltage plant,Active,,UNIVERSITY OF MANCHESTER
B80BDC55-FC51-4C3F-83FD-F550AFCFCFAB,ount Me In! Developing and analysing the efficacy of pedagogical strategies for those providing music education to children with special abilities,Active,,UNIVERSITY OF ROEHAMPTON
10C74AAB-B4EF-4869-9C16-F934FCB4AB68,"Identification of chemical and biological determinants, their sources, and strategies to promote healthier homes in Europe",Active,,UNIVERSITY OF BIRMINGHAM
121B440D-6CED-48E5-BCA9-F8020EC1717F,Physical and mental health multimorbidity across the lifespan (LIfespaN multimorbidity research Collaborative (LINC)).,Active,,CARDIFF UNIVERSITY
29D1408D-13BB-49DA-989A-F77F9B3CD774,Innovative energy-harvesting technologies to promote active travel,Active,,UNIVERSITY OF GLASGOW
2C270EAE-29C6-4A44-A290-F7A30367056B,Beyond Linear Dynamical Systems,Active,,Unknown
2D5DFD0E-6FB5-4319-8BE8-F83A82148F7C,Understanding the genetic basis of reproductive strategy in a parasitic nematode system,Active,,UNIVERSITY OF BATH
C1E6AE1F-AF41-45F9-907C-F553F24BA63B,THE EVOLUTION OF GLOBAL FLOOD HAZARD AND RISK [EVOFLOOD],Active,,LOUGHBOROUGH UNIVERSITY
C2F53301-08E2-4BFE-AB49-F6854B7F0C1E,Interoperable applications suite to enhance European identity and document Security and fraud detection,Active,,HOME OFFICE BORDER FORCE
1A13213F-0F22-4D0D-BF52-F92A5C7218B7,NEWBORN,Active,,HONEYWELL UK LIMITED
1ADE4C44-51C1-4C97-A539-F932722BB588,New Horizons in the Atomistic Simulation of Charge and Exciton Transport in Optoelectronic Materials,Active,,UNIVERSITY COLLEGE LONDON
1AEA2F46-0B33-4161-B3D4-F7C6B405523E,Socially-Acceptable and Trustworthy Human-Robot Teaming for Agile Industries,Active,,UNIVERSITY OF YORK
1B418358-9CC5-49EF-9476-F8D6285BDFE2,Representation Theory of Quantum Symmetric Pairs,Active,,NEWCASTLE UNIVERSITY
A2C39679-C1E2-4449-B2E2-F673EC469431,Manipulation of skyrmions with tailored acoustic potentials,Active,,UNIVERSITY OF LEEDS
FCD30EC7-4D22-4A56-86A5-F55BE9055785,High harmonic generation in solids and quantum materials.,Active,,KING'S COLLEGE LONDON
FE0A7AAF-5886-458B-BDA2-F5CC2FDDBC7D,Combatting Witchcraft-Related Violence through Song,Active,,NEWCASTLE UNIVERSITY
FFBC0EBB-7DEE-440A-991E-F52B46CE8CE2,Transient Visuals: Hand-Held Ephemera in Nineteenth-Century Peru,Active,,UNIVERSITY COLLEGE LONDON
001BC322-BEB8-4487-98C3-F7F6EFF9F752,Development and Innovation of mRNA Vaccine &amp; Therapeutic Production Processes,Active,,UNIVERSITY OF SHEFFIELD
14D589E0-F372-4348-BEE0-F7406ED8DC70,Interpretable Machine Learning Modelling of Future Extreme Floods under Climate Change,Active,,SWANSEA UNIVERSITY
1508E725-7E86-403E-A202-F7D9B51101C0,"Entrepreneurial infrastructure, genders and sexualities in the off-grid city: water and energy entrepreneurship in Nigeria and South Africa entreprene",Active,,UNIVERSITY OF CAMBRIDGE
1527E434-BDBE-43ED-9127-F856D81E5FA0,Circular Economy of Additive Manufacturing Products,Active,,LOUGHBOROUGH UNIVERSITY
158E556E-8A1E-474E-94E3-F8A59E80AE6D,Writing Pre-Conquest England: A New History of Old English Prose,Active,,Unknown
AC2E9E6A-EE80-4F55-94F7-F67ACAD68155,Electrically driven maser-based quantum amplifiers for compact and ultra-low-noise detection of microwaves,Active,,IMPERIAL COLLEGE LONDON
AD905DC0-AE6B-4BD5-98D4-F63B47C8FF2E,Blasphemy and Apostasy in the UK Asylum System: Policy and Practice in Asylum Cases Submitted Under Grounds of Non- Religiosity,Active,,UNIVERSITY OF YORK
05BA6E0C-203A-46E2-B314-F7D368417FCE,Developing bovine immune organoids for the screening of vaccine candidates,Active,,Unknown
05CC4E23-4846-4236-9715-F835E4A0E1FF,BIOSCIENCE FOR RENEWABLE RESOURCES AND CLEAN GROWTH - Expanding Synthetic Biology using Biocompatible Reactions,Active,,UNIVERSITY OF EDINBURGH
07B5A5C2-27B8-4486-9102-F8BF8EBF1B6C,DIGINTRACE:A Digital value chain Integration Traceability framework for process industries for Circularity and low Emissions by waste reduction and use of secondary raw materials,Active,,BRUNEL UNIVERSITY LONDON
08946251-CBDB-41F2-A37E-F822BA3E500A,Gaming Ecosystem as a Multilayered Security Threat (GEMS),Active,,UNIVERSITY OF WARWICK
1E8F5313-F383-44A7-85E1-F9239864B029,GendAge Weight Loss Study,Active,,UNIVERSITY OF ABERDEEN
1ED3DEAB-6C84-44D4-AA63-F91DB349E761,STRONG-AYA: THE STRONG-AYA INITIATIVE: IMPROVING THE FUTURE OF YOUNG ADULTS WITH CANCER,Active,,UNIVERSITY OF LEEDS
2053E379-7B55-4266-9AF9-F77C3B7C1E94,Seabed Mining And Resilience To EXperimental impact,Active,,NATIONAL OCEANOGRAPHY CENTRE
8B940BD0-3A16-4A1C-9D96-F6720DC830E8,Unworlding the wider audience: Artists moving image investigation of behind-the-scenes opera production,Active,,UNIVERSITY OF DUNDEE
0075E7BA-801C-4C46-8F02-F8DB17F00E59,The nature and norms of confidence in reasoning and action,Active,,LONDON SCHOOL OF ECONOMICS AND POLITICAL SCIENCE
00771B55-12A4-4C3F-AE4F-F8C4F0656978,Becoming Regenerative: Innovation for renewal through entrepreneurship and interspecies creativity (B-Regen),Active,,LOUGHBOROUGH UNIVERSITY
00C3E9D0-8C0D-42AD-A6C9-F905466BF1F5,EuPRAXIA — HORIZON,Active,,QUEEN'S UNIVERSITY OF BELFAST
012BF9D8-44E3-47D7-881F-F7EB20989C7E,Under attack by a cereal killer: the hunt for disease susceptibility factors,Active,,UNIVERSITY OF EAST ANGLIA
01A19F12-DAFB-484B-88BD-F86F563588B7,Social Institutions as Human Rights Interlocutors: An Examination of Community By-laws for Addressing Child Marriages in Malawi,Active,,UNIVERSITY OF ESSEX
9576DDE7-E2FA-4427-96A2-F57B9A7B59FA,Forecasting Eruptions at Volcanoes after Extended Repose,Active,,UNIVERSITY COLLEGE LONDON
965A00BB-51D7-4536-8358-F5A557733F8C,Understanding adult stem cell-niche interactions using the Drosophila intestine,Active,,UNIVERSITY OF KENT
96A39619-AEF8-4217-A07D-F5FBE8C78D58,A UK platform for the control of Bovine Viral Diarrhoea:Application of a novel disease simulation model to guide programme development &amp; policy design,Active,,SCOTLAND'S RURAL COLLEGE
97D61FC8-C530-4C14-8AE8-F582999B0AA9,CDT year 1 so TBC in Oct 2025,Active,,UNIVERSITY OF BRISTOL
993CA070-8418-4460-A051-F6DB37AD513E,Understanding the pathways linking childhood trauma to cardiometabolic risk among low-and-middle-income youth: a mixed methods investigation,Active,,UNIVERSITY OF BATH
F36B5800-05F6-4816-9E2C-F67F2871B444,KitNewCare - Developing a framework/model to environmentally sustainable and climate neutral health and care systems using the Kidney care pathway,Active,,THE CENTRE FOR SUSTAINABLE HEALTHCARE LTD
0997443B-8C8E-4C7F-A081-F7E773D54F2C,Topics in Number Theory,Active,,UNIVERSITY COLLEGE LONDON
09A816F7-A8E6-49B1-BAD5-F84AD78C406F,Statistical Applied Mathematics,Active,,UNIVERSITY OF BATH
09E0B69D-7735-4B0C-8211-F8FBE5F86FEC,Health by Stealth: reformulation as a targeted approach to improve the nutritional quality and sustainability of ready meals within the UK.,Active,,UNIVERSITY OF GREENWICH
9FFE3C7F-3FE8-46B9-88B9-F552F769B85D,Learning Physics and Physiology Based Cardiac Activation Imaging,Active,,IMPERIAL COLLEGE LONDON
A070E693-F96B-499F-99B7-F6E939A9A9BB,A novel hydrogen isotope proxy for trophic behaviour in phytoplankton,Active,,Unknown
A142EE57-A505-4383-97D0-F5A9C5D333C5,"Canonical Singularities, Generalized Symmetries, and 5d Superconformal Field Theories",Active,,Unknown
EF50CCB9-04E9-4DC4-87A6-F65AF36A6A68,Fairness in Brain MR Image Analysis,Active,,KING'S COLLEGE LONDON
F0654B97-C46B-470C-96FB-F71EEC42C6A6,PhD (Management) - 1+3/How do social movements use training to deconstruct power and privilege dynamics? Are they effective?,Active,,UNIVERSITY OF BRISTOL
80E8149F-E0DE-4BAC-A762-F6394A30992D,Accelerating New Physics Discovery with Foundation Models,Active,,UNIVERSITY OF CAMBRIDGE
81555440-FB1D-4C28-863E-F6DFFE8CA43C,Profiling impunity for human rights violations against journalists: A systematic account of state-based harm and practices of resistance,Active,,UNIVERSITY OF SHEFFIELD
F5E4FFD1-FF70-40C1-8EC8-F715AA98C666,Project will be added after 6 months of ITP,Active,,UNIVERSITY COLLEGE LONDON
F65E079E-C3C7-4E9B-968B-F5B0071119FC,RADIOBLOCKS,Active,,UNIVERSITY OF OXFORD
F65F8406-3A84-4217-B948-F5C125D4C054,Methods for enzymatic synthesis of modified nucleic acids (MESNA),Active,,IMPERIAL COLLEGE LONDON
F684B803-9698-4127-888C-F71F42C14D39,"Neural-driven, active, and reconfigurable mechanical metamaterials (NARMM)",Active,,Unknown
F6E3A483-4E50-4B80-BC9A-F51AE5291F2D,EXPLORATHON 2024-2025: European Researchers' Night Scotland,Active,,UNIVERSITY OF ABERDEEN
F756BDBF-AEF7-4CA7-A38D-F6253FCFA781,Materials Science Physical Properties Measurement System,Active,,UNIVERSITY OF LEEDS
F75F8001-7073-48DB-B1CB-F66E2F74E55A,Energy and cost efficient multi-ton scale hydrogenation,Active,,STOLI CATALYSTS LTD
EC03E2E9-E499-49DE-B7EF-F6C36B62C399,MRC Lifecourse Epidemiology Centre - Core Support,Active,,UNIVERSITY OF SOUTHAMPTON
8A5855D9-30B2-4E8E-849A-F6293D414013,Developing the digital architecture required to facilitate high quality children’s surgical research from within the NHS SDE network,Active,,Unknown
69B2FD07-FB55-4C0D-92DE-F55FB02A3244,Learning to Explain. Using Verification Techniques to Explain Neural Networks,Active,,UNIVERSITY OF KENT
69F4E94C-56D3-4A49-A6D0-F6CEBE8AE2B0,Automated analysis approaches for Structural Health Monitoring on aerospace primary structure with ultrasonic and electromagnetic sensor arrays,Active,,UNIVERSITY OF BRISTOL
6BACF691-F8EC-47D3-8C30-F67D168C9F5C,Creating harmonised and scalable methods and tools for constructing households in large diverse administrative and health research datasets,Active,,SWANSEA UNIVERSITY
D9B99934-D08B-4829-801E-F6831960AD71,Ultra low power flexible electronics for next generation wearable devices,Active,,UNIVERSITY OF MANCHESTER
DAC566F7-BA73-4560-B0BB-F72819188921,Genomic causes and consequences of hybridisation in the British flora,Active,,UNIVERSITY OF SOUTHAMPTON
E41A7192-F144-4718-B705-F5313CC2918C,"Algorithmic, topological and geometric aspects of infinite groups, monoids and inverse semigroups",Active,,UNIVERSITY OF EAST ANGLIA
E4B5F030-20EF-4787-808E-F5D08F6783FA,Heriot-Watt University and Robbie Fluid Engineering Limited KTP 23_24 R5,Active,,HERIOT-WATT UNIVERSITY
E4F15DB1-85DA-4CA0-AC1B-F7163F4DD107,Multi-actor collaboration dynamics and capacity building network inside and between Agriculture Knowledge and Innovation Systems (AKIS) to foster the upscaling of Short Food Supply Chains (SFSCs) across Europe,Active,,NEWCASTLE UNIVERSITY
E66537BF-ABA9-4980-B170-F5E8CDA0D716,CaLby2030: Calcium Looping to Capture CO2 from Industrial Processes by 2030,Active,,UNIVERSITY COLLEGE LONDON
74E92EBF-8218-4F9A-8203-F69BEAA00F5C,Experimental Particle Physics Consolidated Grant 2022-2025,Active,,UNIVERSITY OF LIVERPOOL
7553BD9B-F4D7-4F42-9D73-F6E97A5AB538,EVacuAted OptiCal Fibres for Ultimate UV-to-Infrared Light TransMission (VACUUM),Active,,UNIVERSITY OF SOUTHAMPTON
770277F1-29AF-4DCA-8E47-F52C0B4A26D7,University of Warwick and Shaftec Automotive Components Limited KTP 24_25 R1,Active,,UNIVERSITY OF WARWICK
77693588-792C-4F9D-BE2E-F5AE4EE48560,Investigating the role of dietary fructose in the development of early-onset colorectal cancer,Active,,UNIVERSITY OF BRISTOL
E16FC7A1-C738-438E-B71B-F56BB9B91AF7,Exploring the Diversity in Accretion-Powered Transients,Active,,LIVERPOOL JOHN MOORES UNIVERSITY
E1D1769D-6984-429B-A65F-F669ECB9F391,Operadic homology and functor homology,Active,,UNIVERSITY OF SHEFFIELD
E3083079-D056-4C27-A642-F529AC830DD3,Revealing the secrets of neutron-star interiors with AI and the SKA,Active,,ROYAL HOLLOWAY UNIVERSITY OF LONDON
CFA78A99-4FA7-4E6D-AE7D-F6D12622101B,Mathematics,Active,,UNIVERSITY OF WARWICK
D0B0D2F5-0F9A-4A38-A322-F5E79BAC2476,"The Horror of the Good Death: Narratives of Death in Horror Fiction, 1970-present",Active,,UNIVERSITY OF GLASGOW
C314D900-0850-465E-898F-F5CCF3DF4D92,Expedited geotechnical analysis methods for the design and operation of monopile-supported offshore wind turbines,Active,,Unknown
C3B4400D-5452-4AF9-900D-F64D7192F1F1,Decoding the Molecular Basis of Lactation and Early Nutrition to Improve Maternal-Child Health,Active,,UNIVERSITY OF CAMBRIDGE
5F0D4604-A8B9-49D5-87BD-F6A250F7DF7F,Subverting the Empire: The British perspective on antiimperial resistance within the Commonwealth,Active,,KING'S COLLEGE LONDON
60C325BD-F8D2-488C-B2CC-F722A2178F06,Quantum reservoir computing for efficient signal processing,Active,,LOUGHBOROUGH UNIVERSITY
616C3D80-51E6-4432-B848-F71E379A51F3,Restoring oil palm rivers: assessing the effects of riparian re-vegetation and in-channel modifications on biodiversity and functionality,Active,,UNIVERSITY OF NOTTINGHAM
61A6CD3A-559B-4B06-89AD-F639C2CEEA95,Adapting and enhanCing the Community Environmental Sensor-Survey network in the UK: ACCESS-UK,Active,,CENTRE FOR ECOLOGY & HYDROLOGY
CD86D39B-53DD-40DA-8DBD-F7076B91F2BF,Harnessing quantum optical phenomena in cold atomic ensembles,Active,,LANCASTER UNIVERSITY
CDCBEA85-1436-47A4-AFA1-F5E9821A83E2,&quot;If there's hell on earth&quot;: Hellscapes in Industrial Northern England 1824-1865,Active,,UNIVERSITY OF WARWICK
CE905CE4-337A-4362-B9C9-F5F4FDA625C9,Adding Male Single Dose HPV Vaccination to Female HPV Vaccination in Tanzania (Add-Vacc),Active,,LONDON SCHOOL OF HYGIENE AND TROPICAL MEDICINE
DB219BAB-92CD-4412-9EE7-F598D5FB4314,How the ESCRT-III-like protein Vipp1 assembles polymeric super-structures to mitigate membrane stress,Active,,IMPERIAL COLLEGE LONDON
DB486EDB-E50D-40DF-BC36-F698323BD7B7,Climate Collaboratorium: Co-creation of Applied Theatre Decision Labs for Exploring Climate Change Adaptation and Mitigation,Active,,UNIVERSITY OF THE WEST OF ENGLAND
DBD4191B-799B-48B8-9CB1-F6F43A24473C,Reduced-order modelling and control of a greenhouse environment to optimize salad production,Active,,UNIVERSITY OF LINCOLN
1D6FC170-37F0-48B1-AEBA-F707F34F98F6,Comparing toxicological response in fish and human cells in vitro A step towards enhanced understanding of stress biology across vertebrates,Active,,UNIVERSITY OF PLYMOUTH
A3ABE14E-7441-434F-9834-F58AD4C5CEEC,GOVAQUA - Governance innovations for a transition to sustainable and equitable water use in Europe,Active,,UK CENTRE FOR ECOLOGY AND HYDROLOGY
A4719696-8EED-45B8-A5EF-F5BA5C289570,House joinery in the South of England from 1880 to 1939,Active,,UNIVERSITY OF BATH
A548874F-1141-40BE-B3B7-F64A6DCF277C,Cloud XR QoE for Programable Networks: Understanding how to deliver high-quality immersive XR experiences over future programmable networks,Active,,LANCASTER UNIVERSITY
A55C40B8-792E-4455-8894-F559520FB99E,"Cities, Trade and Productivity",Active,,UNIVERSITY OF EDINBURGH
A6087359-CEB0-4541-ADED-F5A233B1BBA2,Understanding the impact of biophysical &amp; biochemical composition of seed covering layers on weed persistence and response to environmental conditions,Active,,ROYAL HOLLOWAY UNIVERSITY OF LONDON
A65099DF-A372-4E5D-9987-F5EC381FFF3C,"Neutrino interactions, the Universe, and Everything",Active,,Unknown
A658D868-5028-41C9-BD56-F659D67E2356,Studying the effects of stressors on the cnidarian microbiome with computational models,Active,,UNIVERSITY OF MANCHESTER
A735FAAB-A197-45CB-BA09-F625DAC4D552,Inverse-design of quantum photonic devices integrating single-photon emitters,Active,,UNIVERSITY OF CAMBRIDGE
A752E21A-B57C-47FC-BAA4-F5264F4897DA,The Effects of Climate-Related Stressors on Social Behaviour in Fish,Active,,UNIVERSITY OF GLASGOW
B0EF5EAE-1FD2-46CB-9C2C-F6D66FE4BCA4,A framework for radial growth via cambial meristem activity,Active,,DURHAM UNIVERSITY
4963A679-E3C5-48F0-B4F5-F5FC69A77031,Project title: Consonant development in typically developing Welsh-English bilingual children (PhD Bilingualism: Linguistics),Active,,BANGOR UNIVERSITY
499523AB-EA5A-4F90-AD78-F596EE832A08,Why do mitochondria produce more ROS when we age?,Active,,UNIVERSITY OF GLASGOW
4AF3570D-A8FB-4228-BD6F-F51E3562CA0D,Crops &amp; Soil - Predicting the host plant associations of insect herbivores using community-level interaction data.,Active,,UNIVERSITY OF EDINBURGH
B90DC347-69BC-45A2-8FF5-F5EF1DCA95B1,Quantitative modelling of relational value: Embedding landowner perceptions in frameworks for nature restoration,Active,,UNIVERSITY OF MANCHESTER
B964FEEC-9F24-46FE-9844-F6E00B4EF459,Delineating late foetal systemic and lung immune responses following vaccinations against respiratory pathogens given during pregnancy,Active,,UNIVERSITY COLLEGE LONDON
BA04AE04-8FAD-40E1-A4D6-F679E749295B,Valorisation of agro-industrial waste to obtain zeolite-based composite materials and their use in environmental remediation and biofuel production,Active,,Z PRIME LIMITED
BA15CF1D-DF85-4BD7-ADE9-F5E3DEDA0C1C,HarbourLift Pilot Project,Active,,OPEN SKIES NETWORK LTD
BA18E1EF-21A2-4B84-907B-F5A4D8975BC1,Welding of hot pyroclasts in volcanic environments,Active,,DURHAM UNIVERSITY
C8AB3DBE-BD38-4F5F-9740-F62EA4BE9F91,Compact chemical sensor for real-time environmental monitoring,Active,,MODE LABS LTD
552A1E7F-29A0-4C35-A735-F715B14665D8,Knowledge-based design of dental surfaces to combat oral biofilms,Active,,UNIVERSITY OF LIVERPOOL
